runtime,profile,controller,seed,training_seed,session_id,action,count,share
thread,lax-background,static,111,11,argos_mdpv5_thread_generalization_evaluate_lax-background_static_s111,hold,64,1.0
thread,lax-background,static,111,11,argos_mdpv5_thread_generalization_evaluate_lax-background_static_s111,increase_coverage,0,0.0
thread,lax-background,static,111,11,argos_mdpv5_thread_generalization_evaluate_lax-background_static_s111,decrease_coverage,0,0.0
thread,lax-background,static,111,11,argos_mdpv5_thread_generalization_evaluate_lax-background_static_s111,increase_sample,0,0.0
thread,lax-background,static,111,11,argos_mdpv5_thread_generalization_evaluate_lax-background_static_s111,decrease_sample,0,0.0
thread,lax-background,static,111,11,argos_mdpv5_thread_generalization_evaluate_lax-background_static_s111,decrease_freshness,0,0.0
thread,lax-background,static,111,11,argos_mdpv5_thread_generalization_evaluate_lax-background_static_s111,increase_freshness,0,0.0
thread,lax-background,static,222,22,argos_mdpv5_thread_generalization_evaluate_lax-background_static_s222,hold,64,1.0
thread,lax-background,static,222,22,argos_mdpv5_thread_generalization_evaluate_lax-background_static_s222,increase_coverage,0,0.0
thread,lax-background,static,222,22,argos_mdpv5_thread_generalization_evaluate_lax-background_static_s222,decrease_coverage,0,0.0
thread,lax-background,static,222,22,argos_mdpv5_thread_generalization_evaluate_lax-background_static_s222,increase_sample,0,0.0
thread,lax-background,static,222,22,argos_mdpv5_thread_generalization_evaluate_lax-background_static_s222,decrease_sample,0,0.0
thread,lax-background,static,222,22,argos_mdpv5_thread_generalization_evaluate_lax-background_static_s222,decrease_freshness,0,0.0
thread,lax-background,static,222,22,argos_mdpv5_thread_generalization_evaluate_lax-background_static_s222,increase_freshness,0,0.0
thread,lax-background,static,333,33,argos_mdpv5_thread_generalization_evaluate_lax-background_static_s333,hold,64,1.0
thread,lax-background,static,333,33,argos_mdpv5_thread_generalization_evaluate_lax-background_static_s333,increase_coverage,0,0.0
thread,lax-background,static,333,33,argos_mdpv5_thread_generalization_evaluate_lax-background_static_s333,decrease_coverage,0,0.0
thread,lax-background,static,333,33,argos_mdpv5_thread_generalization_evaluate_lax-background_static_s333,increase_sample,0,0.0
thread,lax-background,static,333,33,argos_mdpv5_thread_generalization_evaluate_lax-background_static_s333,decrease_sample,0,0.0
thread,lax-background,static,333,33,argos_mdpv5_thread_generalization_evaluate_lax-background_static_s333,decrease_freshness,0,0.0
thread,lax-background,static,333,33,argos_mdpv5_thread_generalization_evaluate_lax-background_static_s333,increase_freshness,0,0.0
thread,lax-background,static,444,44,argos_mdpv5_thread_generalization_evaluate_lax-background_static_s444,hold,64,1.0
thread,lax-background,static,444,44,argos_mdpv5_thread_generalization_evaluate_lax-background_static_s444,increase_coverage,0,0.0
thread,lax-background,static,444,44,argos_mdpv5_thread_generalization_evaluate_lax-background_static_s444,decrease_coverage,0,0.0
thread,lax-background,static,444,44,argos_mdpv5_thread_generalization_evaluate_lax-background_static_s444,increase_sample,0,0.0
thread,lax-background,static,444,44,argos_mdpv5_thread_generalization_evaluate_lax-background_static_s444,decrease_sample,0,0.0
thread,lax-background,static,444,44,argos_mdpv5_thread_generalization_evaluate_lax-background_static_s444,decrease_freshness,0,0.0
thread,lax-background,static,444,44,argos_mdpv5_thread_generalization_evaluate_lax-background_static_s444,increase_freshness,0,0.0
thread,lax-background,static,555,55,argos_mdpv5_thread_generalization_evaluate_lax-background_static_s555,hold,64,1.0
thread,lax-background,static,555,55,argos_mdpv5_thread_generalization_evaluate_lax-background_static_s555,increase_coverage,0,0.0
thread,lax-background,static,555,55,argos_mdpv5_thread_generalization_evaluate_lax-background_static_s555,decrease_coverage,0,0.0
thread,lax-background,static,555,55,argos_mdpv5_thread_generalization_evaluate_lax-background_static_s555,increase_sample,0,0.0
thread,lax-background,static,555,55,argos_mdpv5_thread_generalization_evaluate_lax-background_static_s555,decrease_sample,0,0.0
thread,lax-background,static,555,55,argos_mdpv5_thread_generalization_evaluate_lax-background_static_s555,decrease_freshness,0,0.0
thread,lax-background,static,555,55,argos_mdpv5_thread_generalization_evaluate_lax-background_static_s555,increase_freshness,0,0.0
thread,lax-background,threshold,111,11,argos_mdpv5_thread_generalization_evaluate_lax-background_threshold_s111,hold,36,0.5625
thread,lax-background,threshold,111,11,argos_mdpv5_thread_generalization_evaluate_lax-background_threshold_s111,increase_coverage,5,0.078125
thread,lax-background,threshold,111,11,argos_mdpv5_thread_generalization_evaluate_lax-background_threshold_s111,decrease_coverage,7,0.109375
thread,lax-background,threshold,111,11,argos_mdpv5_thread_generalization_evaluate_lax-background_threshold_s111,increase_sample,2,0.03125
thread,lax-background,threshold,111,11,argos_mdpv5_thread_generalization_evaluate_lax-background_threshold_s111,decrease_sample,5,0.078125
thread,lax-background,threshold,111,11,argos_mdpv5_thread_generalization_evaluate_lax-background_threshold_s111,decrease_freshness,7,0.109375
thread,lax-background,threshold,111,11,argos_mdpv5_thread_generalization_evaluate_lax-background_threshold_s111,increase_freshness,2,0.03125
thread,lax-background,threshold,222,22,argos_mdpv5_thread_generalization_evaluate_lax-background_threshold_s222,hold,36,0.5625
thread,lax-background,threshold,222,22,argos_mdpv5_thread_generalization_evaluate_lax-background_threshold_s222,increase_coverage,5,0.078125
thread,lax-background,threshold,222,22,argos_mdpv5_thread_generalization_evaluate_lax-background_threshold_s222,decrease_coverage,7,0.109375
thread,lax-background,threshold,222,22,argos_mdpv5_thread_generalization_evaluate_lax-background_threshold_s222,increase_sample,2,0.03125
thread,lax-background,threshold,222,22,argos_mdpv5_thread_generalization_evaluate_lax-background_threshold_s222,decrease_sample,5,0.078125
thread,lax-background,threshold,222,22,argos_mdpv5_thread_generalization_evaluate_lax-background_threshold_s222,decrease_freshness,7,0.109375
thread,lax-background,threshold,222,22,argos_mdpv5_thread_generalization_evaluate_lax-background_threshold_s222,increase_freshness,2,0.03125
thread,lax-background,threshold,333,33,argos_mdpv5_thread_generalization_evaluate_lax-background_threshold_s333,hold,36,0.5625
thread,lax-background,threshold,333,33,argos_mdpv5_thread_generalization_evaluate_lax-background_threshold_s333,increase_coverage,5,0.078125
thread,lax-background,threshold,333,33,argos_mdpv5_thread_generalization_evaluate_lax-background_threshold_s333,decrease_coverage,7,0.109375
thread,lax-background,threshold,333,33,argos_mdpv5_thread_generalization_evaluate_lax-background_threshold_s333,increase_sample,2,0.03125
thread,lax-background,threshold,333,33,argos_mdpv5_thread_generalization_evaluate_lax-background_threshold_s333,decrease_sample,5,0.078125
thread,lax-background,threshold,333,33,argos_mdpv5_thread_generalization_evaluate_lax-background_threshold_s333,decrease_freshness,7,0.109375
thread,lax-background,threshold,333,33,argos_mdpv5_thread_generalization_evaluate_lax-background_threshold_s333,increase_freshness,2,0.03125
thread,lax-background,threshold,444,44,argos_mdpv5_thread_generalization_evaluate_lax-background_threshold_s444,hold,36,0.5625
thread,lax-background,threshold,444,44,argos_mdpv5_thread_generalization_evaluate_lax-background_threshold_s444,increase_coverage,5,0.078125
thread,lax-background,threshold,444,44,argos_mdpv5_thread_generalization_evaluate_lax-background_threshold_s444,decrease_coverage,7,0.109375
thread,lax-background,threshold,444,44,argos_mdpv5_thread_generalization_evaluate_lax-background_threshold_s444,increase_sample,2,0.03125
thread,lax-background,threshold,444,44,argos_mdpv5_thread_generalization_evaluate_lax-background_threshold_s444,decrease_sample,5,0.078125
thread,lax-background,threshold,444,44,argos_mdpv5_thread_generalization_evaluate_lax-background_threshold_s444,decrease_freshness,7,0.109375
thread,lax-background,threshold,444,44,argos_mdpv5_thread_generalization_evaluate_lax-background_threshold_s444,increase_freshness,2,0.03125
thread,lax-background,threshold,555,55,argos_mdpv5_thread_generalization_evaluate_lax-background_threshold_s555,hold,36,0.5625
thread,lax-background,threshold,555,55,argos_mdpv5_thread_generalization_evaluate_lax-background_threshold_s555,increase_coverage,5,0.078125
thread,lax-background,threshold,555,55,argos_mdpv5_thread_generalization_evaluate_lax-background_threshold_s555,decrease_coverage,7,0.109375
thread,lax-background,threshold,555,55,argos_mdpv5_thread_generalization_evaluate_lax-background_threshold_s555,increase_sample,2,0.03125
thread,lax-background,threshold,555,55,argos_mdpv5_thread_generalization_evaluate_lax-background_threshold_s555,decrease_sample,5,0.078125
thread,lax-background,threshold,555,55,argos_mdpv5_thread_generalization_evaluate_lax-background_threshold_s555,decrease_freshness,7,0.109375
thread,lax-background,threshold,555,55,argos_mdpv5_thread_generalization_evaluate_lax-background_threshold_s555,increase_freshness,2,0.03125
thread,lax-background,best_fixed,111,11,argos_mdpv5_thread_generalization_evaluate_lax-background_best_fixed_s111,hold,64,1.0
thread,lax-background,best_fixed,111,11,argos_mdpv5_thread_generalization_evaluate_lax-background_best_fixed_s111,increase_coverage,0,0.0
thread,lax-background,best_fixed,111,11,argos_mdpv5_thread_generalization_evaluate_lax-background_best_fixed_s111,decrease_coverage,0,0.0
thread,lax-background,best_fixed,111,11,argos_mdpv5_thread_generalization_evaluate_lax-background_best_fixed_s111,increase_sample,0,0.0
thread,lax-background,best_fixed,111,11,argos_mdpv5_thread_generalization_evaluate_lax-background_best_fixed_s111,decrease_sample,0,0.0
thread,lax-background,best_fixed,111,11,argos_mdpv5_thread_generalization_evaluate_lax-background_best_fixed_s111,decrease_freshness,0,0.0
thread,lax-background,best_fixed,111,11,argos_mdpv5_thread_generalization_evaluate_lax-background_best_fixed_s111,increase_freshness,0,0.0
thread,lax-background,best_fixed,222,22,argos_mdpv5_thread_generalization_evaluate_lax-background_best_fixed_s222,hold,64,1.0
thread,lax-background,best_fixed,222,22,argos_mdpv5_thread_generalization_evaluate_lax-background_best_fixed_s222,increase_coverage,0,0.0
thread,lax-background,best_fixed,222,22,argos_mdpv5_thread_generalization_evaluate_lax-background_best_fixed_s222,decrease_coverage,0,0.0
thread,lax-background,best_fixed,222,22,argos_mdpv5_thread_generalization_evaluate_lax-background_best_fixed_s222,increase_sample,0,0.0
thread,lax-background,best_fixed,222,22,argos_mdpv5_thread_generalization_evaluate_lax-background_best_fixed_s222,decrease_sample,0,0.0
thread,lax-background,best_fixed,222,22,argos_mdpv5_thread_generalization_evaluate_lax-background_best_fixed_s222,decrease_freshness,0,0.0
thread,lax-background,best_fixed,222,22,argos_mdpv5_thread_generalization_evaluate_lax-background_best_fixed_s222,increase_freshness,0,0.0
thread,lax-background,best_fixed,333,33,argos_mdpv5_thread_generalization_evaluate_lax-background_best_fixed_s333,hold,64,1.0
thread,lax-background,best_fixed,333,33,argos_mdpv5_thread_generalization_evaluate_lax-background_best_fixed_s333,increase_coverage,0,0.0
thread,lax-background,best_fixed,333,33,argos_mdpv5_thread_generalization_evaluate_lax-background_best_fixed_s333,decrease_coverage,0,0.0
thread,lax-background,best_fixed,333,33,argos_mdpv5_thread_generalization_evaluate_lax-background_best_fixed_s333,increase_sample,0,0.0
thread,lax-background,best_fixed,333,33,argos_mdpv5_thread_generalization_evaluate_lax-background_best_fixed_s333,decrease_sample,0,0.0
thread,lax-background,best_fixed,333,33,argos_mdpv5_thread_generalization_evaluate_lax-background_best_fixed_s333,decrease_freshness,0,0.0
thread,lax-background,best_fixed,333,33,argos_mdpv5_thread_generalization_evaluate_lax-background_best_fixed_s333,increase_freshness,0,0.0
thread,lax-background,best_fixed,444,44,argos_mdpv5_thread_generalization_evaluate_lax-background_best_fixed_s444,hold,64,1.0
thread,lax-background,best_fixed,444,44,argos_mdpv5_thread_generalization_evaluate_lax-background_best_fixed_s444,increase_coverage,0,0.0
thread,lax-background,best_fixed,444,44,argos_mdpv5_thread_generalization_evaluate_lax-background_best_fixed_s444,decrease_coverage,0,0.0
thread,lax-background,best_fixed,444,44,argos_mdpv5_thread_generalization_evaluate_lax-background_best_fixed_s444,increase_sample,0,0.0
thread,lax-background,best_fixed,444,44,argos_mdpv5_thread_generalization_evaluate_lax-background_best_fixed_s444,decrease_sample,0,0.0
thread,lax-background,best_fixed,444,44,argos_mdpv5_thread_generalization_evaluate_lax-background_best_fixed_s444,decrease_freshness,0,0.0
thread,lax-background,best_fixed,444,44,argos_mdpv5_thread_generalization_evaluate_lax-background_best_fixed_s444,increase_freshness,0,0.0
thread,lax-background,best_fixed,555,55,argos_mdpv5_thread_generalization_evaluate_lax-background_best_fixed_s555,hold,64,1.0
thread,lax-background,best_fixed,555,55,argos_mdpv5_thread_generalization_evaluate_lax-background_best_fixed_s555,increase_coverage,0,0.0
thread,lax-background,best_fixed,555,55,argos_mdpv5_thread_generalization_evaluate_lax-background_best_fixed_s555,decrease_coverage,0,0.0
thread,lax-background,best_fixed,555,55,argos_mdpv5_thread_generalization_evaluate_lax-background_best_fixed_s555,increase_sample,0,0.0
thread,lax-background,best_fixed,555,55,argos_mdpv5_thread_generalization_evaluate_lax-background_best_fixed_s555,decrease_sample,0,0.0
thread,lax-background,best_fixed,555,55,argos_mdpv5_thread_generalization_evaluate_lax-background_best_fixed_s555,decrease_freshness,0,0.0
thread,lax-background,best_fixed,555,55,argos_mdpv5_thread_generalization_evaluate_lax-background_best_fixed_s555,increase_freshness,0,0.0
thread,lax-background,qlearning,111,11,argos_mdpv5_thread_generalization_evaluate_lax-background_qlearning_s111,hold,13,0.203125
thread,lax-background,qlearning,111,11,argos_mdpv5_thread_generalization_evaluate_lax-background_qlearning_s111,increase_coverage,6,0.09375
thread,lax-background,qlearning,111,11,argos_mdpv5_thread_generalization_evaluate_lax-background_qlearning_s111,decrease_coverage,7,0.109375
thread,lax-background,qlearning,111,11,argos_mdpv5_thread_generalization_evaluate_lax-background_qlearning_s111,increase_sample,10,0.15625
thread,lax-background,qlearning,111,11,argos_mdpv5_thread_generalization_evaluate_lax-background_qlearning_s111,decrease_sample,8,0.125
thread,lax-background,qlearning,111,11,argos_mdpv5_thread_generalization_evaluate_lax-background_qlearning_s111,decrease_freshness,11,0.171875
thread,lax-background,qlearning,111,11,argos_mdpv5_thread_generalization_evaluate_lax-background_qlearning_s111,increase_freshness,9,0.140625
thread,lax-background,qlearning,222,22,argos_mdpv5_thread_generalization_evaluate_lax-background_qlearning_s222,hold,7,0.109375
thread,lax-background,qlearning,222,22,argos_mdpv5_thread_generalization_evaluate_lax-background_qlearning_s222,increase_coverage,12,0.1875
thread,lax-background,qlearning,222,22,argos_mdpv5_thread_generalization_evaluate_lax-background_qlearning_s222,decrease_coverage,14,0.21875
thread,lax-background,qlearning,222,22,argos_mdpv5_thread_generalization_evaluate_lax-background_qlearning_s222,increase_sample,10,0.15625
thread,lax-background,qlearning,222,22,argos_mdpv5_thread_generalization_evaluate_lax-background_qlearning_s222,decrease_sample,8,0.125
thread,lax-background,qlearning,222,22,argos_mdpv5_thread_generalization_evaluate_lax-background_qlearning_s222,decrease_freshness,8,0.125
thread,lax-background,qlearning,222,22,argos_mdpv5_thread_generalization_evaluate_lax-background_qlearning_s222,increase_freshness,5,0.078125
thread,lax-background,qlearning,333,33,argos_mdpv5_thread_generalization_evaluate_lax-background_qlearning_s333,hold,11,0.171875
thread,lax-background,qlearning,333,33,argos_mdpv5_thread_generalization_evaluate_lax-background_qlearning_s333,increase_coverage,10,0.15625
thread,lax-background,qlearning,333,33,argos_mdpv5_thread_generalization_evaluate_lax-background_qlearning_s333,decrease_coverage,11,0.171875
thread,lax-background,qlearning,333,33,argos_mdpv5_thread_generalization_evaluate_lax-background_qlearning_s333,increase_sample,9,0.140625
thread,lax-background,qlearning,333,33,argos_mdpv5_thread_generalization_evaluate_lax-background_qlearning_s333,decrease_sample,10,0.15625
thread,lax-background,qlearning,333,33,argos_mdpv5_thread_generalization_evaluate_lax-background_qlearning_s333,decrease_freshness,6,0.09375
thread,lax-background,qlearning,333,33,argos_mdpv5_thread_generalization_evaluate_lax-background_qlearning_s333,increase_freshness,7,0.109375
thread,lax-background,qlearning,444,44,argos_mdpv5_thread_generalization_evaluate_lax-background_qlearning_s444,hold,11,0.171875
thread,lax-background,qlearning,444,44,argos_mdpv5_thread_generalization_evaluate_lax-background_qlearning_s444,increase_coverage,8,0.125
thread,lax-background,qlearning,444,44,argos_mdpv5_thread_generalization_evaluate_lax-background_qlearning_s444,decrease_coverage,7,0.109375
thread,lax-background,qlearning,444,44,argos_mdpv5_thread_generalization_evaluate_lax-background_qlearning_s444,increase_sample,10,0.15625
thread,lax-background,qlearning,444,44,argos_mdpv5_thread_generalization_evaluate_lax-background_qlearning_s444,decrease_sample,11,0.171875
thread,lax-background,qlearning,444,44,argos_mdpv5_thread_generalization_evaluate_lax-background_qlearning_s444,decrease_freshness,7,0.109375
thread,lax-background,qlearning,444,44,argos_mdpv5_thread_generalization_evaluate_lax-background_qlearning_s444,increase_freshness,10,0.15625
thread,lax-background,qlearning,555,55,argos_mdpv5_thread_generalization_evaluate_lax-background_qlearning_s555,hold,13,0.203125
thread,lax-background,qlearning,555,55,argos_mdpv5_thread_generalization_evaluate_lax-background_qlearning_s555,increase_coverage,9,0.140625
thread,lax-background,qlearning,555,55,argos_mdpv5_thread_generalization_evaluate_lax-background_qlearning_s555,decrease_coverage,9,0.140625
thread,lax-background,qlearning,555,55,argos_mdpv5_thread_generalization_evaluate_lax-background_qlearning_s555,increase_sample,6,0.09375
thread,lax-background,qlearning,555,55,argos_mdpv5_thread_generalization_evaluate_lax-background_qlearning_s555,decrease_sample,7,0.109375
thread,lax-background,qlearning,555,55,argos_mdpv5_thread_generalization_evaluate_lax-background_qlearning_s555,decrease_freshness,8,0.125
thread,lax-background,qlearning,555,55,argos_mdpv5_thread_generalization_evaluate_lax-background_qlearning_s555,increase_freshness,12,0.1875
thread,lax-background,dqn,111,11,argos_mdpv5_thread_generalization_evaluate_lax-background_dqn_s111,hold,54,0.84375
thread,lax-background,dqn,111,11,argos_mdpv5_thread_generalization_evaluate_lax-background_dqn_s111,increase_coverage,2,0.03125
thread,lax-background,dqn,111,11,argos_mdpv5_thread_generalization_evaluate_lax-background_dqn_s111,decrease_coverage,0,0.0
thread,lax-background,dqn,111,11,argos_mdpv5_thread_generalization_evaluate_lax-background_dqn_s111,increase_sample,3,0.046875
thread,lax-background,dqn,111,11,argos_mdpv5_thread_generalization_evaluate_lax-background_dqn_s111,decrease_sample,0,0.0
thread,lax-background,dqn,111,11,argos_mdpv5_thread_generalization_evaluate_lax-background_dqn_s111,decrease_freshness,0,0.0
thread,lax-background,dqn,111,11,argos_mdpv5_thread_generalization_evaluate_lax-background_dqn_s111,increase_freshness,5,0.078125
thread,lax-background,dqn,222,22,argos_mdpv5_thread_generalization_evaluate_lax-background_dqn_s222,hold,56,0.875
thread,lax-background,dqn,222,22,argos_mdpv5_thread_generalization_evaluate_lax-background_dqn_s222,increase_coverage,2,0.03125
thread,lax-background,dqn,222,22,argos_mdpv5_thread_generalization_evaluate_lax-background_dqn_s222,decrease_coverage,0,0.0
thread,lax-background,dqn,222,22,argos_mdpv5_thread_generalization_evaluate_lax-background_dqn_s222,increase_sample,3,0.046875
thread,lax-background,dqn,222,22,argos_mdpv5_thread_generalization_evaluate_lax-background_dqn_s222,decrease_sample,0,0.0
thread,lax-background,dqn,222,22,argos_mdpv5_thread_generalization_evaluate_lax-background_dqn_s222,decrease_freshness,0,0.0
thread,lax-background,dqn,222,22,argos_mdpv5_thread_generalization_evaluate_lax-background_dqn_s222,increase_freshness,3,0.046875
thread,lax-background,dqn,333,33,argos_mdpv5_thread_generalization_evaluate_lax-background_dqn_s333,hold,54,0.84375
thread,lax-background,dqn,333,33,argos_mdpv5_thread_generalization_evaluate_lax-background_dqn_s333,increase_coverage,0,0.0
thread,lax-background,dqn,333,33,argos_mdpv5_thread_generalization_evaluate_lax-background_dqn_s333,decrease_coverage,0,0.0
thread,lax-background,dqn,333,33,argos_mdpv5_thread_generalization_evaluate_lax-background_dqn_s333,increase_sample,3,0.046875
thread,lax-background,dqn,333,33,argos_mdpv5_thread_generalization_evaluate_lax-background_dqn_s333,decrease_sample,0,0.0
thread,lax-background,dqn,333,33,argos_mdpv5_thread_generalization_evaluate_lax-background_dqn_s333,decrease_freshness,1,0.015625
thread,lax-background,dqn,333,33,argos_mdpv5_thread_generalization_evaluate_lax-background_dqn_s333,increase_freshness,6,0.09375
thread,lax-background,dqn,444,44,argos_mdpv5_thread_generalization_evaluate_lax-background_dqn_s444,hold,54,0.84375
thread,lax-background,dqn,444,44,argos_mdpv5_thread_generalization_evaluate_lax-background_dqn_s444,increase_coverage,2,0.03125
thread,lax-background,dqn,444,44,argos_mdpv5_thread_generalization_evaluate_lax-background_dqn_s444,decrease_coverage,0,0.0
thread,lax-background,dqn,444,44,argos_mdpv5_thread_generalization_evaluate_lax-background_dqn_s444,increase_sample,3,0.046875
thread,lax-background,dqn,444,44,argos_mdpv5_thread_generalization_evaluate_lax-background_dqn_s444,decrease_sample,0,0.0
thread,lax-background,dqn,444,44,argos_mdpv5_thread_generalization_evaluate_lax-background_dqn_s444,decrease_freshness,0,0.0
thread,lax-background,dqn,444,44,argos_mdpv5_thread_generalization_evaluate_lax-background_dqn_s444,increase_freshness,5,0.078125
thread,lax-background,dqn,555,55,argos_mdpv5_thread_generalization_evaluate_lax-background_dqn_s555,hold,20,0.3125
thread,lax-background,dqn,555,55,argos_mdpv5_thread_generalization_evaluate_lax-background_dqn_s555,increase_coverage,2,0.03125
thread,lax-background,dqn,555,55,argos_mdpv5_thread_generalization_evaluate_lax-background_dqn_s555,decrease_coverage,0,0.0
thread,lax-background,dqn,555,55,argos_mdpv5_thread_generalization_evaluate_lax-background_dqn_s555,increase_sample,3,0.046875
thread,lax-background,dqn,555,55,argos_mdpv5_thread_generalization_evaluate_lax-background_dqn_s555,decrease_sample,0,0.0
thread,lax-background,dqn,555,55,argos_mdpv5_thread_generalization_evaluate_lax-background_dqn_s555,decrease_freshness,19,0.296875
thread,lax-background,dqn,555,55,argos_mdpv5_thread_generalization_evaluate_lax-background_dqn_s555,increase_freshness,20,0.3125
thread,lax-background,ppo,111,11,argos_mdpv5_thread_generalization_evaluate_lax-background_ppo_s111,hold,54,0.84375
thread,lax-background,ppo,111,11,argos_mdpv5_thread_generalization_evaluate_lax-background_ppo_s111,increase_coverage,2,0.03125
thread,lax-background,ppo,111,11,argos_mdpv5_thread_generalization_evaluate_lax-background_ppo_s111,decrease_coverage,0,0.0
thread,lax-background,ppo,111,11,argos_mdpv5_thread_generalization_evaluate_lax-background_ppo_s111,increase_sample,3,0.046875
thread,lax-background,ppo,111,11,argos_mdpv5_thread_generalization_evaluate_lax-background_ppo_s111,decrease_sample,0,0.0
thread,lax-background,ppo,111,11,argos_mdpv5_thread_generalization_evaluate_lax-background_ppo_s111,decrease_freshness,0,0.0
thread,lax-background,ppo,111,11,argos_mdpv5_thread_generalization_evaluate_lax-background_ppo_s111,increase_freshness,5,0.078125
thread,lax-background,ppo,222,22,argos_mdpv5_thread_generalization_evaluate_lax-background_ppo_s222,hold,54,0.84375
thread,lax-background,ppo,222,22,argos_mdpv5_thread_generalization_evaluate_lax-background_ppo_s222,increase_coverage,2,0.03125
thread,lax-background,ppo,222,22,argos_mdpv5_thread_generalization_evaluate_lax-background_ppo_s222,decrease_coverage,0,0.0
thread,lax-background,ppo,222,22,argos_mdpv5_thread_generalization_evaluate_lax-background_ppo_s222,increase_sample,3,0.046875
thread,lax-background,ppo,222,22,argos_mdpv5_thread_generalization_evaluate_lax-background_ppo_s222,decrease_sample,0,0.0
thread,lax-background,ppo,222,22,argos_mdpv5_thread_generalization_evaluate_lax-background_ppo_s222,decrease_freshness,5,0.078125
thread,lax-background,ppo,222,22,argos_mdpv5_thread_generalization_evaluate_lax-background_ppo_s222,increase_freshness,0,0.0
thread,lax-background,ppo,333,33,argos_mdpv5_thread_generalization_evaluate_lax-background_ppo_s333,hold,54,0.84375
thread,lax-background,ppo,333,33,argos_mdpv5_thread_generalization_evaluate_lax-background_ppo_s333,increase_coverage,2,0.03125
thread,lax-background,ppo,333,33,argos_mdpv5_thread_generalization_evaluate_lax-background_ppo_s333,decrease_coverage,0,0.0
thread,lax-background,ppo,333,33,argos_mdpv5_thread_generalization_evaluate_lax-background_ppo_s333,increase_sample,3,0.046875
thread,lax-background,ppo,333,33,argos_mdpv5_thread_generalization_evaluate_lax-background_ppo_s333,decrease_sample,0,0.0
thread,lax-background,ppo,333,33,argos_mdpv5_thread_generalization_evaluate_lax-background_ppo_s333,decrease_freshness,0,0.0
thread,lax-background,ppo,333,33,argos_mdpv5_thread_generalization_evaluate_lax-background_ppo_s333,increase_freshness,5,0.078125
thread,lax-background,ppo,444,44,argos_mdpv5_thread_generalization_evaluate_lax-background_ppo_s444,hold,59,0.921875
thread,lax-background,ppo,444,44,argos_mdpv5_thread_generalization_evaluate_lax-background_ppo_s444,increase_coverage,2,0.03125
thread,lax-background,ppo,444,44,argos_mdpv5_thread_generalization_evaluate_lax-background_ppo_s444,decrease_coverage,0,0.0
thread,lax-background,ppo,444,44,argos_mdpv5_thread_generalization_evaluate_lax-background_ppo_s444,increase_sample,3,0.046875
thread,lax-background,ppo,444,44,argos_mdpv5_thread_generalization_evaluate_lax-background_ppo_s444,decrease_sample,0,0.0
thread,lax-background,ppo,444,44,argos_mdpv5_thread_generalization_evaluate_lax-background_ppo_s444,decrease_freshness,0,0.0
thread,lax-background,ppo,444,44,argos_mdpv5_thread_generalization_evaluate_lax-background_ppo_s444,increase_freshness,0,0.0
thread,lax-background,ppo,555,55,argos_mdpv5_thread_generalization_evaluate_lax-background_ppo_s555,hold,62,0.96875
thread,lax-background,ppo,555,55,argos_mdpv5_thread_generalization_evaluate_lax-background_ppo_s555,increase_coverage,2,0.03125
thread,lax-background,ppo,555,55,argos_mdpv5_thread_generalization_evaluate_lax-background_ppo_s555,decrease_coverage,0,0.0
thread,lax-background,ppo,555,55,argos_mdpv5_thread_generalization_evaluate_lax-background_ppo_s555,increase_sample,0,0.0
thread,lax-background,ppo,555,55,argos_mdpv5_thread_generalization_evaluate_lax-background_ppo_s555,decrease_sample,0,0.0
thread,lax-background,ppo,555,55,argos_mdpv5_thread_generalization_evaluate_lax-background_ppo_s555,decrease_freshness,0,0.0
thread,lax-background,ppo,555,55,argos_mdpv5_thread_generalization_evaluate_lax-background_ppo_s555,increase_freshness,0,0.0
thread,standard-operations,static,111,11,argos_mdpv5_thread_generalization_evaluate_standard-operations_static_s111,hold,64,1.0
thread,standard-operations,static,111,11,argos_mdpv5_thread_generalization_evaluate_standard-operations_static_s111,increase_coverage,0,0.0
thread,standard-operations,static,111,11,argos_mdpv5_thread_generalization_evaluate_standard-operations_static_s111,decrease_coverage,0,0.0
thread,standard-operations,static,111,11,argos_mdpv5_thread_generalization_evaluate_standard-operations_static_s111,increase_sample,0,0.0
thread,standard-operations,static,111,11,argos_mdpv5_thread_generalization_evaluate_standard-operations_static_s111,decrease_sample,0,0.0
thread,standard-operations,static,111,11,argos_mdpv5_thread_generalization_evaluate_standard-operations_static_s111,decrease_freshness,0,0.0
thread,standard-operations,static,111,11,argos_mdpv5_thread_generalization_evaluate_standard-operations_static_s111,increase_freshness,0,0.0
thread,standard-operations,static,222,22,argos_mdpv5_thread_generalization_evaluate_standard-operations_static_s222,hold,64,1.0
thread,standard-operations,static,222,22,argos_mdpv5_thread_generalization_evaluate_standard-operations_static_s222,increase_coverage,0,0.0
thread,standard-operations,static,222,22,argos_mdpv5_thread_generalization_evaluate_standard-operations_static_s222,decrease_coverage,0,0.0
thread,standard-operations,static,222,22,argos_mdpv5_thread_generalization_evaluate_standard-operations_static_s222,increase_sample,0,0.0
thread,standard-operations,static,222,22,argos_mdpv5_thread_generalization_evaluate_standard-operations_static_s222,decrease_sample,0,0.0
thread,standard-operations,static,222,22,argos_mdpv5_thread_generalization_evaluate_standard-operations_static_s222,decrease_freshness,0,0.0
thread,standard-operations,static,222,22,argos_mdpv5_thread_generalization_evaluate_standard-operations_static_s222,increase_freshness,0,0.0
thread,standard-operations,static,333,33,argos_mdpv5_thread_generalization_evaluate_standard-operations_static_s333,hold,64,1.0
thread,standard-operations,static,333,33,argos_mdpv5_thread_generalization_evaluate_standard-operations_static_s333,increase_coverage,0,0.0
thread,standard-operations,static,333,33,argos_mdpv5_thread_generalization_evaluate_standard-operations_static_s333,decrease_coverage,0,0.0
thread,standard-operations,static,333,33,argos_mdpv5_thread_generalization_evaluate_standard-operations_static_s333,increase_sample,0,0.0
thread,standard-operations,static,333,33,argos_mdpv5_thread_generalization_evaluate_standard-operations_static_s333,decrease_sample,0,0.0
thread,standard-operations,static,333,33,argos_mdpv5_thread_generalization_evaluate_standard-operations_static_s333,decrease_freshness,0,0.0
thread,standard-operations,static,333,33,argos_mdpv5_thread_generalization_evaluate_standard-operations_static_s333,increase_freshness,0,0.0
thread,standard-operations,static,444,44,argos_mdpv5_thread_generalization_evaluate_standard-operations_static_s444,hold,64,1.0
thread,standard-operations,static,444,44,argos_mdpv5_thread_generalization_evaluate_standard-operations_static_s444,increase_coverage,0,0.0
thread,standard-operations,static,444,44,argos_mdpv5_thread_generalization_evaluate_standard-operations_static_s444,decrease_coverage,0,0.0
thread,standard-operations,static,444,44,argos_mdpv5_thread_generalization_evaluate_standard-operations_static_s444,increase_sample,0,0.0
thread,standard-operations,static,444,44,argos_mdpv5_thread_generalization_evaluate_standard-operations_static_s444,decrease_sample,0,0.0
thread,standard-operations,static,444,44,argos_mdpv5_thread_generalization_evaluate_standard-operations_static_s444,decrease_freshness,0,0.0
thread,standard-operations,static,444,44,argos_mdpv5_thread_generalization_evaluate_standard-operations_static_s444,increase_freshness,0,0.0
thread,standard-operations,static,555,55,argos_mdpv5_thread_generalization_evaluate_standard-operations_static_s555,hold,64,1.0
thread,standard-operations,static,555,55,argos_mdpv5_thread_generalization_evaluate_standard-operations_static_s555,increase_coverage,0,0.0
thread,standard-operations,static,555,55,argos_mdpv5_thread_generalization_evaluate_standard-operations_static_s555,decrease_coverage,0,0.0
thread,standard-operations,static,555,55,argos_mdpv5_thread_generalization_evaluate_standard-operations_static_s555,increase_sample,0,0.0
thread,standard-operations,static,555,55,argos_mdpv5_thread_generalization_evaluate_standard-operations_static_s555,decrease_sample,0,0.0
thread,standard-operations,static,555,55,argos_mdpv5_thread_generalization_evaluate_standard-operations_static_s555,decrease_freshness,0,0.0
thread,standard-operations,static,555,55,argos_mdpv5_thread_generalization_evaluate_standard-operations_static_s555,increase_freshness,0,0.0
thread,standard-operations,threshold,111,11,argos_mdpv5_thread_generalization_evaluate_standard-operations_threshold_s111,hold,14,0.21875
thread,standard-operations,threshold,111,11,argos_mdpv5_thread_generalization_evaluate_standard-operations_threshold_s111,increase_coverage,10,0.15625
thread,standard-operations,threshold,111,11,argos_mdpv5_thread_generalization_evaluate_standard-operations_threshold_s111,decrease_coverage,10,0.15625
thread,standard-operations,threshold,111,11,argos_mdpv5_thread_generalization_evaluate_standard-operations_threshold_s111,increase_sample,7,0.109375
thread,standard-operations,threshold,111,11,argos_mdpv5_thread_generalization_evaluate_standard-operations_threshold_s111,decrease_sample,8,0.125
thread,standard-operations,threshold,111,11,argos_mdpv5_thread_generalization_evaluate_standard-operations_threshold_s111,decrease_freshness,8,0.125
thread,standard-operations,threshold,111,11,argos_mdpv5_thread_generalization_evaluate_standard-operations_threshold_s111,increase_freshness,7,0.109375
thread,standard-operations,threshold,222,22,argos_mdpv5_thread_generalization_evaluate_standard-operations_threshold_s222,hold,14,0.21875
thread,standard-operations,threshold,222,22,argos_mdpv5_thread_generalization_evaluate_standard-operations_threshold_s222,increase_coverage,10,0.15625
thread,standard-operations,threshold,222,22,argos_mdpv5_thread_generalization_evaluate_standard-operations_threshold_s222,decrease_coverage,10,0.15625
thread,standard-operations,threshold,222,22,argos_mdpv5_thread_generalization_evaluate_standard-operations_threshold_s222,increase_sample,7,0.109375
thread,standard-operations,threshold,222,22,argos_mdpv5_thread_generalization_evaluate_standard-operations_threshold_s222,decrease_sample,8,0.125
thread,standard-operations,threshold,222,22,argos_mdpv5_thread_generalization_evaluate_standard-operations_threshold_s222,decrease_freshness,8,0.125
thread,standard-operations,threshold,222,22,argos_mdpv5_thread_generalization_evaluate_standard-operations_threshold_s222,increase_freshness,7,0.109375
thread,standard-operations,threshold,333,33,argos_mdpv5_thread_generalization_evaluate_standard-operations_threshold_s333,hold,14,0.21875
thread,standard-operations,threshold,333,33,argos_mdpv5_thread_generalization_evaluate_standard-operations_threshold_s333,increase_coverage,10,0.15625
thread,standard-operations,threshold,333,33,argos_mdpv5_thread_generalization_evaluate_standard-operations_threshold_s333,decrease_coverage,10,0.15625
thread,standard-operations,threshold,333,33,argos_mdpv5_thread_generalization_evaluate_standard-operations_threshold_s333,increase_sample,7,0.109375
thread,standard-operations,threshold,333,33,argos_mdpv5_thread_generalization_evaluate_standard-operations_threshold_s333,decrease_sample,8,0.125
thread,standard-operations,threshold,333,33,argos_mdpv5_thread_generalization_evaluate_standard-operations_threshold_s333,decrease_freshness,8,0.125
thread,standard-operations,threshold,333,33,argos_mdpv5_thread_generalization_evaluate_standard-operations_threshold_s333,increase_freshness,7,0.109375
thread,standard-operations,threshold,444,44,argos_mdpv5_thread_generalization_evaluate_standard-operations_threshold_s444,hold,14,0.21875
thread,standard-operations,threshold,444,44,argos_mdpv5_thread_generalization_evaluate_standard-operations_threshold_s444,increase_coverage,10,0.15625
thread,standard-operations,threshold,444,44,argos_mdpv5_thread_generalization_evaluate_standard-operations_threshold_s444,decrease_coverage,10,0.15625
thread,standard-operations,threshold,444,44,argos_mdpv5_thread_generalization_evaluate_standard-operations_threshold_s444,increase_sample,7,0.109375
thread,standard-operations,threshold,444,44,argos_mdpv5_thread_generalization_evaluate_standard-operations_threshold_s444,decrease_sample,8,0.125
thread,standard-operations,threshold,444,44,argos_mdpv5_thread_generalization_evaluate_standard-operations_threshold_s444,decrease_freshness,8,0.125
thread,standard-operations,threshold,444,44,argos_mdpv5_thread_generalization_evaluate_standard-operations_threshold_s444,increase_freshness,7,0.109375
thread,standard-operations,threshold,555,55,argos_mdpv5_thread_generalization_evaluate_standard-operations_threshold_s555,hold,14,0.21875
thread,standard-operations,threshold,555,55,argos_mdpv5_thread_generalization_evaluate_standard-operations_threshold_s555,increase_coverage,10,0.15625
thread,standard-operations,threshold,555,55,argos_mdpv5_thread_generalization_evaluate_standard-operations_threshold_s555,decrease_coverage,10,0.15625
thread,standard-operations,threshold,555,55,argos_mdpv5_thread_generalization_evaluate_standard-operations_threshold_s555,increase_sample,7,0.109375
thread,standard-operations,threshold,555,55,argos_mdpv5_thread_generalization_evaluate_standard-operations_threshold_s555,decrease_sample,8,0.125
thread,standard-operations,threshold,555,55,argos_mdpv5_thread_generalization_evaluate_standard-operations_threshold_s555,decrease_freshness,8,0.125
thread,standard-operations,threshold,555,55,argos_mdpv5_thread_generalization_evaluate_standard-operations_threshold_s555,increase_freshness,7,0.109375
thread,standard-operations,best_fixed,111,11,argos_mdpv5_thread_generalization_evaluate_standard-operations_best_fixed_s111,hold,64,1.0
thread,standard-operations,best_fixed,111,11,argos_mdpv5_thread_generalization_evaluate_standard-operations_best_fixed_s111,increase_coverage,0,0.0
thread,standard-operations,best_fixed,111,11,argos_mdpv5_thread_generalization_evaluate_standard-operations_best_fixed_s111,decrease_coverage,0,0.0
thread,standard-operations,best_fixed,111,11,argos_mdpv5_thread_generalization_evaluate_standard-operations_best_fixed_s111,increase_sample,0,0.0
thread,standard-operations,best_fixed,111,11,argos_mdpv5_thread_generalization_evaluate_standard-operations_best_fixed_s111,decrease_sample,0,0.0
thread,standard-operations,best_fixed,111,11,argos_mdpv5_thread_generalization_evaluate_standard-operations_best_fixed_s111,decrease_freshness,0,0.0
thread,standard-operations,best_fixed,111,11,argos_mdpv5_thread_generalization_evaluate_standard-operations_best_fixed_s111,increase_freshness,0,0.0
thread,standard-operations,best_fixed,222,22,argos_mdpv5_thread_generalization_evaluate_standard-operations_best_fixed_s222,hold,64,1.0
thread,standard-operations,best_fixed,222,22,argos_mdpv5_thread_generalization_evaluate_standard-operations_best_fixed_s222,increase_coverage,0,0.0
thread,standard-operations,best_fixed,222,22,argos_mdpv5_thread_generalization_evaluate_standard-operations_best_fixed_s222,decrease_coverage,0,0.0
thread,standard-operations,best_fixed,222,22,argos_mdpv5_thread_generalization_evaluate_standard-operations_best_fixed_s222,increase_sample,0,0.0
thread,standard-operations,best_fixed,222,22,argos_mdpv5_thread_generalization_evaluate_standard-operations_best_fixed_s222,decrease_sample,0,0.0
thread,standard-operations,best_fixed,222,22,argos_mdpv5_thread_generalization_evaluate_standard-operations_best_fixed_s222,decrease_freshness,0,0.0
thread,standard-operations,best_fixed,222,22,argos_mdpv5_thread_generalization_evaluate_standard-operations_best_fixed_s222,increase_freshness,0,0.0
thread,standard-operations,best_fixed,333,33,argos_mdpv5_thread_generalization_evaluate_standard-operations_best_fixed_s333,hold,64,1.0
thread,standard-operations,best_fixed,333,33,argos_mdpv5_thread_generalization_evaluate_standard-operations_best_fixed_s333,increase_coverage,0,0.0
thread,standard-operations,best_fixed,333,33,argos_mdpv5_thread_generalization_evaluate_standard-operations_best_fixed_s333,decrease_coverage,0,0.0
thread,standard-operations,best_fixed,333,33,argos_mdpv5_thread_generalization_evaluate_standard-operations_best_fixed_s333,increase_sample,0,0.0
thread,standard-operations,best_fixed,333,33,argos_mdpv5_thread_generalization_evaluate_standard-operations_best_fixed_s333,decrease_sample,0,0.0
thread,standard-operations,best_fixed,333,33,argos_mdpv5_thread_generalization_evaluate_standard-operations_best_fixed_s333,decrease_freshness,0,0.0
thread,standard-operations,best_fixed,333,33,argos_mdpv5_thread_generalization_evaluate_standard-operations_best_fixed_s333,increase_freshness,0,0.0
thread,standard-operations,best_fixed,444,44,argos_mdpv5_thread_generalization_evaluate_standard-operations_best_fixed_s444,hold,64,1.0
thread,standard-operations,best_fixed,444,44,argos_mdpv5_thread_generalization_evaluate_standard-operations_best_fixed_s444,increase_coverage,0,0.0
thread,standard-operations,best_fixed,444,44,argos_mdpv5_thread_generalization_evaluate_standard-operations_best_fixed_s444,decrease_coverage,0,0.0
thread,standard-operations,best_fixed,444,44,argos_mdpv5_thread_generalization_evaluate_standard-operations_best_fixed_s444,increase_sample,0,0.0
thread,standard-operations,best_fixed,444,44,argos_mdpv5_thread_generalization_evaluate_standard-operations_best_fixed_s444,decrease_sample,0,0.0
thread,standard-operations,best_fixed,444,44,argos_mdpv5_thread_generalization_evaluate_standard-operations_best_fixed_s444,decrease_freshness,0,0.0
thread,standard-operations,best_fixed,444,44,argos_mdpv5_thread_generalization_evaluate_standard-operations_best_fixed_s444,increase_freshness,0,0.0
thread,standard-operations,best_fixed,555,55,argos_mdpv5_thread_generalization_evaluate_standard-operations_best_fixed_s555,hold,64,1.0
thread,standard-operations,best_fixed,555,55,argos_mdpv5_thread_generalization_evaluate_standard-operations_best_fixed_s555,increase_coverage,0,0.0
thread,standard-operations,best_fixed,555,55,argos_mdpv5_thread_generalization_evaluate_standard-operations_best_fixed_s555,decrease_coverage,0,0.0
thread,standard-operations,best_fixed,555,55,argos_mdpv5_thread_generalization_evaluate_standard-operations_best_fixed_s555,increase_sample,0,0.0
thread,standard-operations,best_fixed,555,55,argos_mdpv5_thread_generalization_evaluate_standard-operations_best_fixed_s555,decrease_sample,0,0.0
thread,standard-operations,best_fixed,555,55,argos_mdpv5_thread_generalization_evaluate_standard-operations_best_fixed_s555,decrease_freshness,0,0.0
thread,standard-operations,best_fixed,555,55,argos_mdpv5_thread_generalization_evaluate_standard-operations_best_fixed_s555,increase_freshness,0,0.0
thread,standard-operations,qlearning,111,11,argos_mdpv5_thread_generalization_evaluate_standard-operations_qlearning_s111,hold,9,0.140625
thread,standard-operations,qlearning,111,11,argos_mdpv5_thread_generalization_evaluate_standard-operations_qlearning_s111,increase_coverage,9,0.140625
thread,standard-operations,qlearning,111,11,argos_mdpv5_thread_generalization_evaluate_standard-operations_qlearning_s111,decrease_coverage,6,0.09375
thread,standard-operations,qlearning,111,11,argos_mdpv5_thread_generalization_evaluate_standard-operations_qlearning_s111,increase_sample,8,0.125
thread,standard-operations,qlearning,111,11,argos_mdpv5_thread_generalization_evaluate_standard-operations_qlearning_s111,decrease_sample,9,0.140625
thread,standard-operations,qlearning,111,11,argos_mdpv5_thread_generalization_evaluate_standard-operations_qlearning_s111,decrease_freshness,13,0.203125
thread,standard-operations,qlearning,111,11,argos_mdpv5_thread_generalization_evaluate_standard-operations_qlearning_s111,increase_freshness,10,0.15625
thread,standard-operations,qlearning,222,22,argos_mdpv5_thread_generalization_evaluate_standard-operations_qlearning_s222,hold,9,0.140625
thread,standard-operations,qlearning,222,22,argos_mdpv5_thread_generalization_evaluate_standard-operations_qlearning_s222,increase_coverage,6,0.09375
thread,standard-operations,qlearning,222,22,argos_mdpv5_thread_generalization_evaluate_standard-operations_qlearning_s222,decrease_coverage,7,0.109375
thread,standard-operations,qlearning,222,22,argos_mdpv5_thread_generalization_evaluate_standard-operations_qlearning_s222,increase_sample,11,0.171875
thread,standard-operations,qlearning,222,22,argos_mdpv5_thread_generalization_evaluate_standard-operations_qlearning_s222,decrease_sample,10,0.15625
thread,standard-operations,qlearning,222,22,argos_mdpv5_thread_generalization_evaluate_standard-operations_qlearning_s222,decrease_freshness,9,0.140625
thread,standard-operations,qlearning,222,22,argos_mdpv5_thread_generalization_evaluate_standard-operations_qlearning_s222,increase_freshness,12,0.1875
thread,standard-operations,qlearning,333,33,argos_mdpv5_thread_generalization_evaluate_standard-operations_qlearning_s333,hold,9,0.140625
thread,standard-operations,qlearning,333,33,argos_mdpv5_thread_generalization_evaluate_standard-operations_qlearning_s333,increase_coverage,7,0.109375
thread,standard-operations,qlearning,333,33,argos_mdpv5_thread_generalization_evaluate_standard-operations_qlearning_s333,decrease_coverage,10,0.15625
thread,standard-operations,qlearning,333,33,argos_mdpv5_thread_generalization_evaluate_standard-operations_qlearning_s333,increase_sample,8,0.125
thread,standard-operations,qlearning,333,33,argos_mdpv5_thread_generalization_evaluate_standard-operations_qlearning_s333,decrease_sample,7,0.109375
thread,standard-operations,qlearning,333,33,argos_mdpv5_thread_generalization_evaluate_standard-operations_qlearning_s333,decrease_freshness,13,0.203125
thread,standard-operations,qlearning,333,33,argos_mdpv5_thread_generalization_evaluate_standard-operations_qlearning_s333,increase_freshness,10,0.15625
thread,standard-operations,qlearning,444,44,argos_mdpv5_thread_generalization_evaluate_standard-operations_qlearning_s444,hold,23,0.359375
thread,standard-operations,qlearning,444,44,argos_mdpv5_thread_generalization_evaluate_standard-operations_qlearning_s444,increase_coverage,8,0.125
thread,standard-operations,qlearning,444,44,argos_mdpv5_thread_generalization_evaluate_standard-operations_qlearning_s444,decrease_coverage,7,0.109375
thread,standard-operations,qlearning,444,44,argos_mdpv5_thread_generalization_evaluate_standard-operations_qlearning_s444,increase_sample,6,0.09375
thread,standard-operations,qlearning,444,44,argos_mdpv5_thread_generalization_evaluate_standard-operations_qlearning_s444,decrease_sample,8,0.125
thread,standard-operations,qlearning,444,44,argos_mdpv5_thread_generalization_evaluate_standard-operations_qlearning_s444,decrease_freshness,6,0.09375
thread,standard-operations,qlearning,444,44,argos_mdpv5_thread_generalization_evaluate_standard-operations_qlearning_s444,increase_freshness,6,0.09375
thread,standard-operations,qlearning,555,55,argos_mdpv5_thread_generalization_evaluate_standard-operations_qlearning_s555,hold,7,0.109375
thread,standard-operations,qlearning,555,55,argos_mdpv5_thread_generalization_evaluate_standard-operations_qlearning_s555,increase_coverage,8,0.125
thread,standard-operations,qlearning,555,55,argos_mdpv5_thread_generalization_evaluate_standard-operations_qlearning_s555,decrease_coverage,7,0.109375
thread,standard-operations,qlearning,555,55,argos_mdpv5_thread_generalization_evaluate_standard-operations_qlearning_s555,increase_sample,17,0.265625
thread,standard-operations,qlearning,555,55,argos_mdpv5_thread_generalization_evaluate_standard-operations_qlearning_s555,decrease_sample,14,0.21875
thread,standard-operations,qlearning,555,55,argos_mdpv5_thread_generalization_evaluate_standard-operations_qlearning_s555,decrease_freshness,6,0.09375
thread,standard-operations,qlearning,555,55,argos_mdpv5_thread_generalization_evaluate_standard-operations_qlearning_s555,increase_freshness,5,0.078125
thread,standard-operations,dqn,111,11,argos_mdpv5_thread_generalization_evaluate_standard-operations_dqn_s111,hold,14,0.21875
thread,standard-operations,dqn,111,11,argos_mdpv5_thread_generalization_evaluate_standard-operations_dqn_s111,increase_coverage,3,0.046875
thread,standard-operations,dqn,111,11,argos_mdpv5_thread_generalization_evaluate_standard-operations_dqn_s111,decrease_coverage,0,0.0
thread,standard-operations,dqn,111,11,argos_mdpv5_thread_generalization_evaluate_standard-operations_dqn_s111,increase_sample,2,0.03125
thread,standard-operations,dqn,111,11,argos_mdpv5_thread_generalization_evaluate_standard-operations_dqn_s111,decrease_sample,0,0.0
thread,standard-operations,dqn,111,11,argos_mdpv5_thread_generalization_evaluate_standard-operations_dqn_s111,decrease_freshness,21,0.328125
thread,standard-operations,dqn,111,11,argos_mdpv5_thread_generalization_evaluate_standard-operations_dqn_s111,increase_freshness,24,0.375
thread,standard-operations,dqn,222,22,argos_mdpv5_thread_generalization_evaluate_standard-operations_dqn_s222,hold,14,0.21875
thread,standard-operations,dqn,222,22,argos_mdpv5_thread_generalization_evaluate_standard-operations_dqn_s222,increase_coverage,3,0.046875
thread,standard-operations,dqn,222,22,argos_mdpv5_thread_generalization_evaluate_standard-operations_dqn_s222,decrease_coverage,0,0.0
thread,standard-operations,dqn,222,22,argos_mdpv5_thread_generalization_evaluate_standard-operations_dqn_s222,increase_sample,23,0.359375
thread,standard-operations,dqn,222,22,argos_mdpv5_thread_generalization_evaluate_standard-operations_dqn_s222,decrease_sample,21,0.328125
thread,standard-operations,dqn,222,22,argos_mdpv5_thread_generalization_evaluate_standard-operations_dqn_s222,decrease_freshness,0,0.0
thread,standard-operations,dqn,222,22,argos_mdpv5_thread_generalization_evaluate_standard-operations_dqn_s222,increase_freshness,3,0.046875
thread,standard-operations,dqn,333,33,argos_mdpv5_thread_generalization_evaluate_standard-operations_dqn_s333,hold,58,0.90625
thread,standard-operations,dqn,333,33,argos_mdpv5_thread_generalization_evaluate_standard-operations_dqn_s333,increase_coverage,0,0.0
thread,standard-operations,dqn,333,33,argos_mdpv5_thread_generalization_evaluate_standard-operations_dqn_s333,decrease_coverage,3,0.046875
thread,standard-operations,dqn,333,33,argos_mdpv5_thread_generalization_evaluate_standard-operations_dqn_s333,increase_sample,3,0.046875
thread,standard-operations,dqn,333,33,argos_mdpv5_thread_generalization_evaluate_standard-operations_dqn_s333,decrease_sample,0,0.0
thread,standard-operations,dqn,333,33,argos_mdpv5_thread_generalization_evaluate_standard-operations_dqn_s333,decrease_freshness,0,0.0
thread,standard-operations,dqn,333,33,argos_mdpv5_thread_generalization_evaluate_standard-operations_dqn_s333,increase_freshness,0,0.0
thread,standard-operations,dqn,444,44,argos_mdpv5_thread_generalization_evaluate_standard-operations_dqn_s444,hold,54,0.84375
thread,standard-operations,dqn,444,44,argos_mdpv5_thread_generalization_evaluate_standard-operations_dqn_s444,increase_coverage,3,0.046875
thread,standard-operations,dqn,444,44,argos_mdpv5_thread_generalization_evaluate_standard-operations_dqn_s444,decrease_coverage,0,0.0
thread,standard-operations,dqn,444,44,argos_mdpv5_thread_generalization_evaluate_standard-operations_dqn_s444,increase_sample,3,0.046875
thread,standard-operations,dqn,444,44,argos_mdpv5_thread_generalization_evaluate_standard-operations_dqn_s444,decrease_sample,1,0.015625
thread,standard-operations,dqn,444,44,argos_mdpv5_thread_generalization_evaluate_standard-operations_dqn_s444,decrease_freshness,0,0.0
thread,standard-operations,dqn,444,44,argos_mdpv5_thread_generalization_evaluate_standard-operations_dqn_s444,increase_freshness,3,0.046875
thread,standard-operations,dqn,555,55,argos_mdpv5_thread_generalization_evaluate_standard-operations_dqn_s555,hold,56,0.875
thread,standard-operations,dqn,555,55,argos_mdpv5_thread_generalization_evaluate_standard-operations_dqn_s555,increase_coverage,2,0.03125
thread,standard-operations,dqn,555,55,argos_mdpv5_thread_generalization_evaluate_standard-operations_dqn_s555,decrease_coverage,0,0.0
thread,standard-operations,dqn,555,55,argos_mdpv5_thread_generalization_evaluate_standard-operations_dqn_s555,increase_sample,3,0.046875
thread,standard-operations,dqn,555,55,argos_mdpv5_thread_generalization_evaluate_standard-operations_dqn_s555,decrease_sample,0,0.0
thread,standard-operations,dqn,555,55,argos_mdpv5_thread_generalization_evaluate_standard-operations_dqn_s555,decrease_freshness,0,0.0
thread,standard-operations,dqn,555,55,argos_mdpv5_thread_generalization_evaluate_standard-operations_dqn_s555,increase_freshness,3,0.046875
thread,standard-operations,ppo,111,11,argos_mdpv5_thread_generalization_evaluate_standard-operations_ppo_s111,hold,55,0.859375
thread,standard-operations,ppo,111,11,argos_mdpv5_thread_generalization_evaluate_standard-operations_ppo_s111,increase_coverage,3,0.046875
thread,standard-operations,ppo,111,11,argos_mdpv5_thread_generalization_evaluate_standard-operations_ppo_s111,decrease_coverage,0,0.0
thread,standard-operations,ppo,111,11,argos_mdpv5_thread_generalization_evaluate_standard-operations_ppo_s111,increase_sample,3,0.046875
thread,standard-operations,ppo,111,11,argos_mdpv5_thread_generalization_evaluate_standard-operations_ppo_s111,decrease_sample,0,0.0
thread,standard-operations,ppo,111,11,argos_mdpv5_thread_generalization_evaluate_standard-operations_ppo_s111,decrease_freshness,0,0.0
thread,standard-operations,ppo,111,11,argos_mdpv5_thread_generalization_evaluate_standard-operations_ppo_s111,increase_freshness,3,0.046875
thread,standard-operations,ppo,222,22,argos_mdpv5_thread_generalization_evaluate_standard-operations_ppo_s222,hold,64,1.0
thread,standard-operations,ppo,222,22,argos_mdpv5_thread_generalization_evaluate_standard-operations_ppo_s222,increase_coverage,0,0.0
thread,standard-operations,ppo,222,22,argos_mdpv5_thread_generalization_evaluate_standard-operations_ppo_s222,decrease_coverage,0,0.0
thread,standard-operations,ppo,222,22,argos_mdpv5_thread_generalization_evaluate_standard-operations_ppo_s222,increase_sample,0,0.0
thread,standard-operations,ppo,222,22,argos_mdpv5_thread_generalization_evaluate_standard-operations_ppo_s222,decrease_sample,0,0.0
thread,standard-operations,ppo,222,22,argos_mdpv5_thread_generalization_evaluate_standard-operations_ppo_s222,decrease_freshness,0,0.0
thread,standard-operations,ppo,222,22,argos_mdpv5_thread_generalization_evaluate_standard-operations_ppo_s222,increase_freshness,0,0.0
thread,standard-operations,ppo,333,33,argos_mdpv5_thread_generalization_evaluate_standard-operations_ppo_s333,hold,55,0.859375
thread,standard-operations,ppo,333,33,argos_mdpv5_thread_generalization_evaluate_standard-operations_ppo_s333,increase_coverage,3,0.046875
thread,standard-operations,ppo,333,33,argos_mdpv5_thread_generalization_evaluate_standard-operations_ppo_s333,decrease_coverage,0,0.0
thread,standard-operations,ppo,333,33,argos_mdpv5_thread_generalization_evaluate_standard-operations_ppo_s333,increase_sample,3,0.046875
thread,standard-operations,ppo,333,33,argos_mdpv5_thread_generalization_evaluate_standard-operations_ppo_s333,decrease_sample,0,0.0
thread,standard-operations,ppo,333,33,argos_mdpv5_thread_generalization_evaluate_standard-operations_ppo_s333,decrease_freshness,0,0.0
thread,standard-operations,ppo,333,33,argos_mdpv5_thread_generalization_evaluate_standard-operations_ppo_s333,increase_freshness,3,0.046875
thread,standard-operations,ppo,444,44,argos_mdpv5_thread_generalization_evaluate_standard-operations_ppo_s444,hold,64,1.0
thread,standard-operations,ppo,444,44,argos_mdpv5_thread_generalization_evaluate_standard-operations_ppo_s444,increase_coverage,0,0.0
thread,standard-operations,ppo,444,44,argos_mdpv5_thread_generalization_evaluate_standard-operations_ppo_s444,decrease_coverage,0,0.0
thread,standard-operations,ppo,444,44,argos_mdpv5_thread_generalization_evaluate_standard-operations_ppo_s444,increase_sample,0,0.0
thread,standard-operations,ppo,444,44,argos_mdpv5_thread_generalization_evaluate_standard-operations_ppo_s444,decrease_sample,0,0.0
thread,standard-operations,ppo,444,44,argos_mdpv5_thread_generalization_evaluate_standard-operations_ppo_s444,decrease_freshness,0,0.0
thread,standard-operations,ppo,444,44,argos_mdpv5_thread_generalization_evaluate_standard-operations_ppo_s444,increase_freshness,0,0.0
thread,standard-operations,ppo,555,55,argos_mdpv5_thread_generalization_evaluate_standard-operations_ppo_s555,hold,64,1.0
thread,standard-operations,ppo,555,55,argos_mdpv5_thread_generalization_evaluate_standard-operations_ppo_s555,increase_coverage,0,0.0
thread,standard-operations,ppo,555,55,argos_mdpv5_thread_generalization_evaluate_standard-operations_ppo_s555,decrease_coverage,0,0.0
thread,standard-operations,ppo,555,55,argos_mdpv5_thread_generalization_evaluate_standard-operations_ppo_s555,increase_sample,0,0.0
thread,standard-operations,ppo,555,55,argos_mdpv5_thread_generalization_evaluate_standard-operations_ppo_s555,decrease_sample,0,0.0
thread,standard-operations,ppo,555,55,argos_mdpv5_thread_generalization_evaluate_standard-operations_ppo_s555,decrease_freshness,0,0.0
thread,standard-operations,ppo,555,55,argos_mdpv5_thread_generalization_evaluate_standard-operations_ppo_s555,increase_freshness,0,0.0
thread,cost-sensitive,static,111,11,argos_mdpv5_thread_generalization_evaluate_cost-sensitive_static_s111,hold,64,1.0
thread,cost-sensitive,static,111,11,argos_mdpv5_thread_generalization_evaluate_cost-sensitive_static_s111,increase_coverage,0,0.0
thread,cost-sensitive,static,111,11,argos_mdpv5_thread_generalization_evaluate_cost-sensitive_static_s111,decrease_coverage,0,0.0
thread,cost-sensitive,static,111,11,argos_mdpv5_thread_generalization_evaluate_cost-sensitive_static_s111,increase_sample,0,0.0
thread,cost-sensitive,static,111,11,argos_mdpv5_thread_generalization_evaluate_cost-sensitive_static_s111,decrease_sample,0,0.0
thread,cost-sensitive,static,111,11,argos_mdpv5_thread_generalization_evaluate_cost-sensitive_static_s111,decrease_freshness,0,0.0
thread,cost-sensitive,static,111,11,argos_mdpv5_thread_generalization_evaluate_cost-sensitive_static_s111,increase_freshness,0,0.0
thread,cost-sensitive,static,222,22,argos_mdpv5_thread_generalization_evaluate_cost-sensitive_static_s222,hold,64,1.0
thread,cost-sensitive,static,222,22,argos_mdpv5_thread_generalization_evaluate_cost-sensitive_static_s222,increase_coverage,0,0.0
thread,cost-sensitive,static,222,22,argos_mdpv5_thread_generalization_evaluate_cost-sensitive_static_s222,decrease_coverage,0,0.0
thread,cost-sensitive,static,222,22,argos_mdpv5_thread_generalization_evaluate_cost-sensitive_static_s222,increase_sample,0,0.0
thread,cost-sensitive,static,222,22,argos_mdpv5_thread_generalization_evaluate_cost-sensitive_static_s222,decrease_sample,0,0.0
thread,cost-sensitive,static,222,22,argos_mdpv5_thread_generalization_evaluate_cost-sensitive_static_s222,decrease_freshness,0,0.0
thread,cost-sensitive,static,222,22,argos_mdpv5_thread_generalization_evaluate_cost-sensitive_static_s222,increase_freshness,0,0.0
thread,cost-sensitive,static,333,33,argos_mdpv5_thread_generalization_evaluate_cost-sensitive_static_s333,hold,64,1.0
thread,cost-sensitive,static,333,33,argos_mdpv5_thread_generalization_evaluate_cost-sensitive_static_s333,increase_coverage,0,0.0
thread,cost-sensitive,static,333,33,argos_mdpv5_thread_generalization_evaluate_cost-sensitive_static_s333,decrease_coverage,0,0.0
thread,cost-sensitive,static,333,33,argos_mdpv5_thread_generalization_evaluate_cost-sensitive_static_s333,increase_sample,0,0.0
thread,cost-sensitive,static,333,33,argos_mdpv5_thread_generalization_evaluate_cost-sensitive_static_s333,decrease_sample,0,0.0
thread,cost-sensitive,static,333,33,argos_mdpv5_thread_generalization_evaluate_cost-sensitive_static_s333,decrease_freshness,0,0.0
thread,cost-sensitive,static,333,33,argos_mdpv5_thread_generalization_evaluate_cost-sensitive_static_s333,increase_freshness,0,0.0
thread,cost-sensitive,static,444,44,argos_mdpv5_thread_generalization_evaluate_cost-sensitive_static_s444,hold,64,1.0
thread,cost-sensitive,static,444,44,argos_mdpv5_thread_generalization_evaluate_cost-sensitive_static_s444,increase_coverage,0,0.0
thread,cost-sensitive,static,444,44,argos_mdpv5_thread_generalization_evaluate_cost-sensitive_static_s444,decrease_coverage,0,0.0
thread,cost-sensitive,static,444,44,argos_mdpv5_thread_generalization_evaluate_cost-sensitive_static_s444,increase_sample,0,0.0
thread,cost-sensitive,static,444,44,argos_mdpv5_thread_generalization_evaluate_cost-sensitive_static_s444,decrease_sample,0,0.0
thread,cost-sensitive,static,444,44,argos_mdpv5_thread_generalization_evaluate_cost-sensitive_static_s444,decrease_freshness,0,0.0
thread,cost-sensitive,static,444,44,argos_mdpv5_thread_generalization_evaluate_cost-sensitive_static_s444,increase_freshness,0,0.0
thread,cost-sensitive,static,555,55,argos_mdpv5_thread_generalization_evaluate_cost-sensitive_static_s555,hold,64,1.0
thread,cost-sensitive,static,555,55,argos_mdpv5_thread_generalization_evaluate_cost-sensitive_static_s555,increase_coverage,0,0.0
thread,cost-sensitive,static,555,55,argos_mdpv5_thread_generalization_evaluate_cost-sensitive_static_s555,decrease_coverage,0,0.0
thread,cost-sensitive,static,555,55,argos_mdpv5_thread_generalization_evaluate_cost-sensitive_static_s555,increase_sample,0,0.0
thread,cost-sensitive,static,555,55,argos_mdpv5_thread_generalization_evaluate_cost-sensitive_static_s555,decrease_sample,0,0.0
thread,cost-sensitive,static,555,55,argos_mdpv5_thread_generalization_evaluate_cost-sensitive_static_s555,decrease_freshness,0,0.0
thread,cost-sensitive,static,555,55,argos_mdpv5_thread_generalization_evaluate_cost-sensitive_static_s555,increase_freshness,0,0.0
thread,cost-sensitive,threshold,111,11,argos_mdpv5_thread_generalization_evaluate_cost-sensitive_threshold_s111,hold,0,0.0
thread,cost-sensitive,threshold,111,11,argos_mdpv5_thread_generalization_evaluate_cost-sensitive_threshold_s111,increase_coverage,11,0.171875
thread,cost-sensitive,threshold,111,11,argos_mdpv5_thread_generalization_evaluate_cost-sensitive_threshold_s111,decrease_coverage,12,0.1875
thread,cost-sensitive,threshold,111,11,argos_mdpv5_thread_generalization_evaluate_cost-sensitive_threshold_s111,increase_sample,9,0.140625
thread,cost-sensitive,threshold,111,11,argos_mdpv5_thread_generalization_evaluate_cost-sensitive_threshold_s111,decrease_sample,11,0.171875
thread,cost-sensitive,threshold,111,11,argos_mdpv5_thread_generalization_evaluate_cost-sensitive_threshold_s111,decrease_freshness,12,0.1875
thread,cost-sensitive,threshold,111,11,argos_mdpv5_thread_generalization_evaluate_cost-sensitive_threshold_s111,increase_freshness,9,0.140625
thread,cost-sensitive,threshold,222,22,argos_mdpv5_thread_generalization_evaluate_cost-sensitive_threshold_s222,hold,0,0.0
thread,cost-sensitive,threshold,222,22,argos_mdpv5_thread_generalization_evaluate_cost-sensitive_threshold_s222,increase_coverage,11,0.171875
thread,cost-sensitive,threshold,222,22,argos_mdpv5_thread_generalization_evaluate_cost-sensitive_threshold_s222,decrease_coverage,12,0.1875
thread,cost-sensitive,threshold,222,22,argos_mdpv5_thread_generalization_evaluate_cost-sensitive_threshold_s222,increase_sample,9,0.140625
thread,cost-sensitive,threshold,222,22,argos_mdpv5_thread_generalization_evaluate_cost-sensitive_threshold_s222,decrease_sample,11,0.171875
thread,cost-sensitive,threshold,222,22,argos_mdpv5_thread_generalization_evaluate_cost-sensitive_threshold_s222,decrease_freshness,12,0.1875
thread,cost-sensitive,threshold,222,22,argos_mdpv5_thread_generalization_evaluate_cost-sensitive_threshold_s222,increase_freshness,9,0.140625
thread,cost-sensitive,threshold,333,33,argos_mdpv5_thread_generalization_evaluate_cost-sensitive_threshold_s333,hold,0,0.0
thread,cost-sensitive,threshold,333,33,argos_mdpv5_thread_generalization_evaluate_cost-sensitive_threshold_s333,increase_coverage,11,0.171875
thread,cost-sensitive,threshold,333,33,argos_mdpv5_thread_generalization_evaluate_cost-sensitive_threshold_s333,decrease_coverage,12,0.1875
thread,cost-sensitive,threshold,333,33,argos_mdpv5_thread_generalization_evaluate_cost-sensitive_threshold_s333,increase_sample,9,0.140625
thread,cost-sensitive,threshold,333,33,argos_mdpv5_thread_generalization_evaluate_cost-sensitive_threshold_s333,decrease_sample,11,0.171875
thread,cost-sensitive,threshold,333,33,argos_mdpv5_thread_generalization_evaluate_cost-sensitive_threshold_s333,decrease_freshness,12,0.1875
thread,cost-sensitive,threshold,333,33,argos_mdpv5_thread_generalization_evaluate_cost-sensitive_threshold_s333,increase_freshness,9,0.140625
thread,cost-sensitive,threshold,444,44,argos_mdpv5_thread_generalization_evaluate_cost-sensitive_threshold_s444,hold,0,0.0
thread,cost-sensitive,threshold,444,44,argos_mdpv5_thread_generalization_evaluate_cost-sensitive_threshold_s444,increase_coverage,11,0.171875
thread,cost-sensitive,threshold,444,44,argos_mdpv5_thread_generalization_evaluate_cost-sensitive_threshold_s444,decrease_coverage,12,0.1875
thread,cost-sensitive,threshold,444,44,argos_mdpv5_thread_generalization_evaluate_cost-sensitive_threshold_s444,increase_sample,9,0.140625
thread,cost-sensitive,threshold,444,44,argos_mdpv5_thread_generalization_evaluate_cost-sensitive_threshold_s444,decrease_sample,11,0.171875
thread,cost-sensitive,threshold,444,44,argos_mdpv5_thread_generalization_evaluate_cost-sensitive_threshold_s444,decrease_freshness,12,0.1875
thread,cost-sensitive,threshold,444,44,argos_mdpv5_thread_generalization_evaluate_cost-sensitive_threshold_s444,increase_freshness,9,0.140625
thread,cost-sensitive,threshold,555,55,argos_mdpv5_thread_generalization_evaluate_cost-sensitive_threshold_s555,hold,0,0.0
thread,cost-sensitive,threshold,555,55,argos_mdpv5_thread_generalization_evaluate_cost-sensitive_threshold_s555,increase_coverage,11,0.171875
thread,cost-sensitive,threshold,555,55,argos_mdpv5_thread_generalization_evaluate_cost-sensitive_threshold_s555,decrease_coverage,12,0.1875
thread,cost-sensitive,threshold,555,55,argos_mdpv5_thread_generalization_evaluate_cost-sensitive_threshold_s555,increase_sample,9,0.140625
thread,cost-sensitive,threshold,555,55,argos_mdpv5_thread_generalization_evaluate_cost-sensitive_threshold_s555,decrease_sample,11,0.171875
thread,cost-sensitive,threshold,555,55,argos_mdpv5_thread_generalization_evaluate_cost-sensitive_threshold_s555,decrease_freshness,12,0.1875
thread,cost-sensitive,threshold,555,55,argos_mdpv5_thread_generalization_evaluate_cost-sensitive_threshold_s555,increase_freshness,9,0.140625
thread,cost-sensitive,best_fixed,111,11,argos_mdpv5_thread_generalization_evaluate_cost-sensitive_best_fixed_s111,hold,64,1.0
thread,cost-sensitive,best_fixed,111,11,argos_mdpv5_thread_generalization_evaluate_cost-sensitive_best_fixed_s111,increase_coverage,0,0.0
thread,cost-sensitive,best_fixed,111,11,argos_mdpv5_thread_generalization_evaluate_cost-sensitive_best_fixed_s111,decrease_coverage,0,0.0
thread,cost-sensitive,best_fixed,111,11,argos_mdpv5_thread_generalization_evaluate_cost-sensitive_best_fixed_s111,increase_sample,0,0.0
thread,cost-sensitive,best_fixed,111,11,argos_mdpv5_thread_generalization_evaluate_cost-sensitive_best_fixed_s111,decrease_sample,0,0.0
thread,cost-sensitive,best_fixed,111,11,argos_mdpv5_thread_generalization_evaluate_cost-sensitive_best_fixed_s111,decrease_freshness,0,0.0
thread,cost-sensitive,best_fixed,111,11,argos_mdpv5_thread_generalization_evaluate_cost-sensitive_best_fixed_s111,increase_freshness,0,0.0
thread,cost-sensitive,best_fixed,222,22,argos_mdpv5_thread_generalization_evaluate_cost-sensitive_best_fixed_s222,hold,64,1.0
thread,cost-sensitive,best_fixed,222,22,argos_mdpv5_thread_generalization_evaluate_cost-sensitive_best_fixed_s222,increase_coverage,0,0.0
thread,cost-sensitive,best_fixed,222,22,argos_mdpv5_thread_generalization_evaluate_cost-sensitive_best_fixed_s222,decrease_coverage,0,0.0
thread,cost-sensitive,best_fixed,222,22,argos_mdpv5_thread_generalization_evaluate_cost-sensitive_best_fixed_s222,increase_sample,0,0.0
thread,cost-sensitive,best_fixed,222,22,argos_mdpv5_thread_generalization_evaluate_cost-sensitive_best_fixed_s222,decrease_sample,0,0.0
thread,cost-sensitive,best_fixed,222,22,argos_mdpv5_thread_generalization_evaluate_cost-sensitive_best_fixed_s222,decrease_freshness,0,0.0
thread,cost-sensitive,best_fixed,222,22,argos_mdpv5_thread_generalization_evaluate_cost-sensitive_best_fixed_s222,increase_freshness,0,0.0
thread,cost-sensitive,best_fixed,333,33,argos_mdpv5_thread_generalization_evaluate_cost-sensitive_best_fixed_s333,hold,64,1.0
thread,cost-sensitive,best_fixed,333,33,argos_mdpv5_thread_generalization_evaluate_cost-sensitive_best_fixed_s333,increase_coverage,0,0.0
thread,cost-sensitive,best_fixed,333,33,argos_mdpv5_thread_generalization_evaluate_cost-sensitive_best_fixed_s333,decrease_coverage,0,0.0
thread,cost-sensitive,best_fixed,333,33,argos_mdpv5_thread_generalization_evaluate_cost-sensitive_best_fixed_s333,increase_sample,0,0.0
thread,cost-sensitive,best_fixed,333,33,argos_mdpv5_thread_generalization_evaluate_cost-sensitive_best_fixed_s333,decrease_sample,0,0.0
thread,cost-sensitive,best_fixed,333,33,argos_mdpv5_thread_generalization_evaluate_cost-sensitive_best_fixed_s333,decrease_freshness,0,0.0
thread,cost-sensitive,best_fixed,333,33,argos_mdpv5_thread_generalization_evaluate_cost-sensitive_best_fixed_s333,increase_freshness,0,0.0
thread,cost-sensitive,best_fixed,444,44,argos_mdpv5_thread_generalization_evaluate_cost-sensitive_best_fixed_s444,hold,64,1.0
thread,cost-sensitive,best_fixed,444,44,argos_mdpv5_thread_generalization_evaluate_cost-sensitive_best_fixed_s444,increase_coverage,0,0.0
thread,cost-sensitive,best_fixed,444,44,argos_mdpv5_thread_generalization_evaluate_cost-sensitive_best_fixed_s444,decrease_coverage,0,0.0
thread,cost-sensitive,best_fixed,444,44,argos_mdpv5_thread_generalization_evaluate_cost-sensitive_best_fixed_s444,increase_sample,0,0.0
thread,cost-sensitive,best_fixed,444,44,argos_mdpv5_thread_generalization_evaluate_cost-sensitive_best_fixed_s444,decrease_sample,0,0.0
thread,cost-sensitive,best_fixed,444,44,argos_mdpv5_thread_generalization_evaluate_cost-sensitive_best_fixed_s444,decrease_freshness,0,0.0
thread,cost-sensitive,best_fixed,444,44,argos_mdpv5_thread_generalization_evaluate_cost-sensitive_best_fixed_s444,increase_freshness,0,0.0
thread,cost-sensitive,best_fixed,555,55,argos_mdpv5_thread_generalization_evaluate_cost-sensitive_best_fixed_s555,hold,64,1.0
thread,cost-sensitive,best_fixed,555,55,argos_mdpv5_thread_generalization_evaluate_cost-sensitive_best_fixed_s555,increase_coverage,0,0.0
thread,cost-sensitive,best_fixed,555,55,argos_mdpv5_thread_generalization_evaluate_cost-sensitive_best_fixed_s555,decrease_coverage,0,0.0
thread,cost-sensitive,best_fixed,555,55,argos_mdpv5_thread_generalization_evaluate_cost-sensitive_best_fixed_s555,increase_sample,0,0.0
thread,cost-sensitive,best_fixed,555,55,argos_mdpv5_thread_generalization_evaluate_cost-sensitive_best_fixed_s555,decrease_sample,0,0.0
thread,cost-sensitive,best_fixed,555,55,argos_mdpv5_thread_generalization_evaluate_cost-sensitive_best_fixed_s555,decrease_freshness,0,0.0
thread,cost-sensitive,best_fixed,555,55,argos_mdpv5_thread_generalization_evaluate_cost-sensitive_best_fixed_s555,increase_freshness,0,0.0
thread,cost-sensitive,qlearning,111,11,argos_mdpv5_thread_generalization_evaluate_cost-sensitive_qlearning_s111,hold,12,0.1875
thread,cost-sensitive,qlearning,111,11,argos_mdpv5_thread_generalization_evaluate_cost-sensitive_qlearning_s111,increase_coverage,10,0.15625
thread,cost-sensitive,qlearning,111,11,argos_mdpv5_thread_generalization_evaluate_cost-sensitive_qlearning_s111,decrease_coverage,13,0.203125
thread,cost-sensitive,qlearning,111,11,argos_mdpv5_thread_generalization_evaluate_cost-sensitive_qlearning_s111,increase_sample,9,0.140625
thread,cost-sensitive,qlearning,111,11,argos_mdpv5_thread_generalization_evaluate_cost-sensitive_qlearning_s111,decrease_sample,8,0.125
thread,cost-sensitive,qlearning,111,11,argos_mdpv5_thread_generalization_evaluate_cost-sensitive_qlearning_s111,decrease_freshness,5,0.078125
thread,cost-sensitive,qlearning,111,11,argos_mdpv5_thread_generalization_evaluate_cost-sensitive_qlearning_s111,increase_freshness,7,0.109375
thread,cost-sensitive,qlearning,222,22,argos_mdpv5_thread_generalization_evaluate_cost-sensitive_qlearning_s222,hold,13,0.203125
thread,cost-sensitive,qlearning,222,22,argos_mdpv5_thread_generalization_evaluate_cost-sensitive_qlearning_s222,increase_coverage,8,0.125
thread,cost-sensitive,qlearning,222,22,argos_mdpv5_thread_generalization_evaluate_cost-sensitive_qlearning_s222,decrease_coverage,9,0.140625
thread,cost-sensitive,qlearning,222,22,argos_mdpv5_thread_generalization_evaluate_cost-sensitive_qlearning_s222,increase_sample,9,0.140625
thread,cost-sensitive,qlearning,222,22,argos_mdpv5_thread_generalization_evaluate_cost-sensitive_qlearning_s222,decrease_sample,6,0.09375
thread,cost-sensitive,qlearning,222,22,argos_mdpv5_thread_generalization_evaluate_cost-sensitive_qlearning_s222,decrease_freshness,8,0.125
thread,cost-sensitive,qlearning,222,22,argos_mdpv5_thread_generalization_evaluate_cost-sensitive_qlearning_s222,increase_freshness,11,0.171875
thread,cost-sensitive,qlearning,333,33,argos_mdpv5_thread_generalization_evaluate_cost-sensitive_qlearning_s333,hold,9,0.140625
thread,cost-sensitive,qlearning,333,33,argos_mdpv5_thread_generalization_evaluate_cost-sensitive_qlearning_s333,increase_coverage,10,0.15625
thread,cost-sensitive,qlearning,333,33,argos_mdpv5_thread_generalization_evaluate_cost-sensitive_qlearning_s333,decrease_coverage,13,0.203125
thread,cost-sensitive,qlearning,333,33,argos_mdpv5_thread_generalization_evaluate_cost-sensitive_qlearning_s333,increase_sample,9,0.140625
thread,cost-sensitive,qlearning,333,33,argos_mdpv5_thread_generalization_evaluate_cost-sensitive_qlearning_s333,decrease_sample,7,0.109375
thread,cost-sensitive,qlearning,333,33,argos_mdpv5_thread_generalization_evaluate_cost-sensitive_qlearning_s333,decrease_freshness,6,0.09375
thread,cost-sensitive,qlearning,333,33,argos_mdpv5_thread_generalization_evaluate_cost-sensitive_qlearning_s333,increase_freshness,10,0.15625
thread,cost-sensitive,qlearning,444,44,argos_mdpv5_thread_generalization_evaluate_cost-sensitive_qlearning_s444,hold,14,0.21875
thread,cost-sensitive,qlearning,444,44,argos_mdpv5_thread_generalization_evaluate_cost-sensitive_qlearning_s444,increase_coverage,7,0.109375
thread,cost-sensitive,qlearning,444,44,argos_mdpv5_thread_generalization_evaluate_cost-sensitive_qlearning_s444,decrease_coverage,5,0.078125
thread,cost-sensitive,qlearning,444,44,argos_mdpv5_thread_generalization_evaluate_cost-sensitive_qlearning_s444,increase_sample,7,0.109375
thread,cost-sensitive,qlearning,444,44,argos_mdpv5_thread_generalization_evaluate_cost-sensitive_qlearning_s444,decrease_sample,5,0.078125
thread,cost-sensitive,qlearning,444,44,argos_mdpv5_thread_generalization_evaluate_cost-sensitive_qlearning_s444,decrease_freshness,15,0.234375
thread,cost-sensitive,qlearning,444,44,argos_mdpv5_thread_generalization_evaluate_cost-sensitive_qlearning_s444,increase_freshness,11,0.171875
thread,cost-sensitive,qlearning,555,55,argos_mdpv5_thread_generalization_evaluate_cost-sensitive_qlearning_s555,hold,9,0.140625
thread,cost-sensitive,qlearning,555,55,argos_mdpv5_thread_generalization_evaluate_cost-sensitive_qlearning_s555,increase_coverage,6,0.09375
thread,cost-sensitive,qlearning,555,55,argos_mdpv5_thread_generalization_evaluate_cost-sensitive_qlearning_s555,decrease_coverage,3,0.046875
thread,cost-sensitive,qlearning,555,55,argos_mdpv5_thread_generalization_evaluate_cost-sensitive_qlearning_s555,increase_sample,11,0.171875
thread,cost-sensitive,qlearning,555,55,argos_mdpv5_thread_generalization_evaluate_cost-sensitive_qlearning_s555,decrease_sample,12,0.1875
thread,cost-sensitive,qlearning,555,55,argos_mdpv5_thread_generalization_evaluate_cost-sensitive_qlearning_s555,decrease_freshness,10,0.15625
thread,cost-sensitive,qlearning,555,55,argos_mdpv5_thread_generalization_evaluate_cost-sensitive_qlearning_s555,increase_freshness,13,0.203125
thread,cost-sensitive,dqn,111,11,argos_mdpv5_thread_generalization_evaluate_cost-sensitive_dqn_s111,hold,0,0.0
thread,cost-sensitive,dqn,111,11,argos_mdpv5_thread_generalization_evaluate_cost-sensitive_dqn_s111,increase_coverage,12,0.1875
thread,cost-sensitive,dqn,111,11,argos_mdpv5_thread_generalization_evaluate_cost-sensitive_dqn_s111,decrease_coverage,8,0.125
thread,cost-sensitive,dqn,111,11,argos_mdpv5_thread_generalization_evaluate_cost-sensitive_dqn_s111,increase_sample,23,0.359375
thread,cost-sensitive,dqn,111,11,argos_mdpv5_thread_generalization_evaluate_cost-sensitive_dqn_s111,decrease_sample,21,0.328125
thread,cost-sensitive,dqn,111,11,argos_mdpv5_thread_generalization_evaluate_cost-sensitive_dqn_s111,decrease_freshness,0,0.0
thread,cost-sensitive,dqn,111,11,argos_mdpv5_thread_generalization_evaluate_cost-sensitive_dqn_s111,increase_freshness,0,0.0
thread,cost-sensitive,dqn,222,22,argos_mdpv5_thread_generalization_evaluate_cost-sensitive_dqn_s222,hold,0,0.0
thread,cost-sensitive,dqn,222,22,argos_mdpv5_thread_generalization_evaluate_cost-sensitive_dqn_s222,increase_coverage,5,0.078125
thread,cost-sensitive,dqn,222,22,argos_mdpv5_thread_generalization_evaluate_cost-sensitive_dqn_s222,decrease_coverage,1,0.015625
thread,cost-sensitive,dqn,222,22,argos_mdpv5_thread_generalization_evaluate_cost-sensitive_dqn_s222,increase_sample,27,0.421875
thread,cost-sensitive,dqn,222,22,argos_mdpv5_thread_generalization_evaluate_cost-sensitive_dqn_s222,decrease_sample,26,0.40625
thread,cost-sensitive,dqn,222,22,argos_mdpv5_thread_generalization_evaluate_cost-sensitive_dqn_s222,decrease_freshness,0,0.0
thread,cost-sensitive,dqn,222,22,argos_mdpv5_thread_generalization_evaluate_cost-sensitive_dqn_s222,increase_freshness,5,0.078125
thread,cost-sensitive,dqn,333,33,argos_mdpv5_thread_generalization_evaluate_cost-sensitive_dqn_s333,hold,1,0.015625
thread,cost-sensitive,dqn,333,33,argos_mdpv5_thread_generalization_evaluate_cost-sensitive_dqn_s333,increase_coverage,4,0.0625
thread,cost-sensitive,dqn,333,33,argos_mdpv5_thread_generalization_evaluate_cost-sensitive_dqn_s333,decrease_coverage,0,0.0
thread,cost-sensitive,dqn,333,33,argos_mdpv5_thread_generalization_evaluate_cost-sensitive_dqn_s333,increase_sample,29,0.453125
thread,cost-sensitive,dqn,333,33,argos_mdpv5_thread_generalization_evaluate_cost-sensitive_dqn_s333,decrease_sample,27,0.421875
thread,cost-sensitive,dqn,333,33,argos_mdpv5_thread_generalization_evaluate_cost-sensitive_dqn_s333,decrease_freshness,0,0.0
thread,cost-sensitive,dqn,333,33,argos_mdpv5_thread_generalization_evaluate_cost-sensitive_dqn_s333,increase_freshness,3,0.046875
thread,cost-sensitive,dqn,444,44,argos_mdpv5_thread_generalization_evaluate_cost-sensitive_dqn_s444,hold,9,0.140625
thread,cost-sensitive,dqn,444,44,argos_mdpv5_thread_generalization_evaluate_cost-sensitive_dqn_s444,increase_coverage,26,0.40625
thread,cost-sensitive,dqn,444,44,argos_mdpv5_thread_generalization_evaluate_cost-sensitive_dqn_s444,decrease_coverage,23,0.359375
thread,cost-sensitive,dqn,444,44,argos_mdpv5_thread_generalization_evaluate_cost-sensitive_dqn_s444,increase_sample,3,0.046875
thread,cost-sensitive,dqn,444,44,argos_mdpv5_thread_generalization_evaluate_cost-sensitive_dqn_s444,decrease_sample,0,0.0
thread,cost-sensitive,dqn,444,44,argos_mdpv5_thread_generalization_evaluate_cost-sensitive_dqn_s444,decrease_freshness,1,0.015625
thread,cost-sensitive,dqn,444,44,argos_mdpv5_thread_generalization_evaluate_cost-sensitive_dqn_s444,increase_freshness,2,0.03125
thread,cost-sensitive,dqn,555,55,argos_mdpv5_thread_generalization_evaluate_cost-sensitive_dqn_s555,hold,0,0.0
thread,cost-sensitive,dqn,555,55,argos_mdpv5_thread_generalization_evaluate_cost-sensitive_dqn_s555,increase_coverage,30,0.46875
thread,cost-sensitive,dqn,555,55,argos_mdpv5_thread_generalization_evaluate_cost-sensitive_dqn_s555,decrease_coverage,26,0.40625
thread,cost-sensitive,dqn,555,55,argos_mdpv5_thread_generalization_evaluate_cost-sensitive_dqn_s555,increase_sample,3,0.046875
thread,cost-sensitive,dqn,555,55,argos_mdpv5_thread_generalization_evaluate_cost-sensitive_dqn_s555,decrease_sample,0,0.0
thread,cost-sensitive,dqn,555,55,argos_mdpv5_thread_generalization_evaluate_cost-sensitive_dqn_s555,decrease_freshness,0,0.0
thread,cost-sensitive,dqn,555,55,argos_mdpv5_thread_generalization_evaluate_cost-sensitive_dqn_s555,increase_freshness,5,0.078125
thread,cost-sensitive,ppo,111,11,argos_mdpv5_thread_generalization_evaluate_cost-sensitive_ppo_s111,hold,56,0.875
thread,cost-sensitive,ppo,111,11,argos_mdpv5_thread_generalization_evaluate_cost-sensitive_ppo_s111,increase_coverage,3,0.046875
thread,cost-sensitive,ppo,111,11,argos_mdpv5_thread_generalization_evaluate_cost-sensitive_ppo_s111,decrease_coverage,0,0.0
thread,cost-sensitive,ppo,111,11,argos_mdpv5_thread_generalization_evaluate_cost-sensitive_ppo_s111,increase_sample,0,0.0
thread,cost-sensitive,ppo,111,11,argos_mdpv5_thread_generalization_evaluate_cost-sensitive_ppo_s111,decrease_sample,0,0.0
thread,cost-sensitive,ppo,111,11,argos_mdpv5_thread_generalization_evaluate_cost-sensitive_ppo_s111,decrease_freshness,0,0.0
thread,cost-sensitive,ppo,111,11,argos_mdpv5_thread_generalization_evaluate_cost-sensitive_ppo_s111,increase_freshness,5,0.078125
thread,cost-sensitive,ppo,222,22,argos_mdpv5_thread_generalization_evaluate_cost-sensitive_ppo_s222,hold,0,0.0
thread,cost-sensitive,ppo,222,22,argos_mdpv5_thread_generalization_evaluate_cost-sensitive_ppo_s222,increase_coverage,4,0.0625
thread,cost-sensitive,ppo,222,22,argos_mdpv5_thread_generalization_evaluate_cost-sensitive_ppo_s222,decrease_coverage,0,0.0
thread,cost-sensitive,ppo,222,22,argos_mdpv5_thread_generalization_evaluate_cost-sensitive_ppo_s222,increase_sample,3,0.046875
thread,cost-sensitive,ppo,222,22,argos_mdpv5_thread_generalization_evaluate_cost-sensitive_ppo_s222,decrease_sample,0,0.0
thread,cost-sensitive,ppo,222,22,argos_mdpv5_thread_generalization_evaluate_cost-sensitive_ppo_s222,decrease_freshness,26,0.40625
thread,cost-sensitive,ppo,222,22,argos_mdpv5_thread_generalization_evaluate_cost-sensitive_ppo_s222,increase_freshness,31,0.484375
thread,cost-sensitive,ppo,333,33,argos_mdpv5_thread_generalization_evaluate_cost-sensitive_ppo_s333,hold,52,0.8125
thread,cost-sensitive,ppo,333,33,argos_mdpv5_thread_generalization_evaluate_cost-sensitive_ppo_s333,increase_coverage,4,0.0625
thread,cost-sensitive,ppo,333,33,argos_mdpv5_thread_generalization_evaluate_cost-sensitive_ppo_s333,decrease_coverage,0,0.0
thread,cost-sensitive,ppo,333,33,argos_mdpv5_thread_generalization_evaluate_cost-sensitive_ppo_s333,increase_sample,3,0.046875
thread,cost-sensitive,ppo,333,33,argos_mdpv5_thread_generalization_evaluate_cost-sensitive_ppo_s333,decrease_sample,0,0.0
thread,cost-sensitive,ppo,333,33,argos_mdpv5_thread_generalization_evaluate_cost-sensitive_ppo_s333,decrease_freshness,0,0.0
thread,cost-sensitive,ppo,333,33,argos_mdpv5_thread_generalization_evaluate_cost-sensitive_ppo_s333,increase_freshness,5,0.078125
thread,cost-sensitive,ppo,444,44,argos_mdpv5_thread_generalization_evaluate_cost-sensitive_ppo_s444,hold,52,0.8125
thread,cost-sensitive,ppo,444,44,argos_mdpv5_thread_generalization_evaluate_cost-sensitive_ppo_s444,increase_coverage,4,0.0625
thread,cost-sensitive,ppo,444,44,argos_mdpv5_thread_generalization_evaluate_cost-sensitive_ppo_s444,decrease_coverage,0,0.0
thread,cost-sensitive,ppo,444,44,argos_mdpv5_thread_generalization_evaluate_cost-sensitive_ppo_s444,increase_sample,3,0.046875
thread,cost-sensitive,ppo,444,44,argos_mdpv5_thread_generalization_evaluate_cost-sensitive_ppo_s444,decrease_sample,0,0.0
thread,cost-sensitive,ppo,444,44,argos_mdpv5_thread_generalization_evaluate_cost-sensitive_ppo_s444,decrease_freshness,0,0.0
thread,cost-sensitive,ppo,444,44,argos_mdpv5_thread_generalization_evaluate_cost-sensitive_ppo_s444,increase_freshness,5,0.078125
thread,cost-sensitive,ppo,555,55,argos_mdpv5_thread_generalization_evaluate_cost-sensitive_ppo_s555,hold,0,0.0
thread,cost-sensitive,ppo,555,55,argos_mdpv5_thread_generalization_evaluate_cost-sensitive_ppo_s555,increase_coverage,30,0.46875
thread,cost-sensitive,ppo,555,55,argos_mdpv5_thread_generalization_evaluate_cost-sensitive_ppo_s555,decrease_coverage,26,0.40625
thread,cost-sensitive,ppo,555,55,argos_mdpv5_thread_generalization_evaluate_cost-sensitive_ppo_s555,increase_sample,3,0.046875
thread,cost-sensitive,ppo,555,55,argos_mdpv5_thread_generalization_evaluate_cost-sensitive_ppo_s555,decrease_sample,0,0.0
thread,cost-sensitive,ppo,555,55,argos_mdpv5_thread_generalization_evaluate_cost-sensitive_ppo_s555,decrease_freshness,0,0.0
thread,cost-sensitive,ppo,555,55,argos_mdpv5_thread_generalization_evaluate_cost-sensitive_ppo_s555,increase_freshness,5,0.078125
thread,short-burst,static,111,11,argos_mdpv5_thread_generalization_evaluate_short-burst_static_s111,hold,64,1.0
thread,short-burst,static,111,11,argos_mdpv5_thread_generalization_evaluate_short-burst_static_s111,increase_coverage,0,0.0
thread,short-burst,static,111,11,argos_mdpv5_thread_generalization_evaluate_short-burst_static_s111,decrease_coverage,0,0.0
thread,short-burst,static,111,11,argos_mdpv5_thread_generalization_evaluate_short-burst_static_s111,increase_sample,0,0.0
thread,short-burst,static,111,11,argos_mdpv5_thread_generalization_evaluate_short-burst_static_s111,decrease_sample,0,0.0
thread,short-burst,static,111,11,argos_mdpv5_thread_generalization_evaluate_short-burst_static_s111,decrease_freshness,0,0.0
thread,short-burst,static,111,11,argos_mdpv5_thread_generalization_evaluate_short-burst_static_s111,increase_freshness,0,0.0
thread,short-burst,static,222,22,argos_mdpv5_thread_generalization_evaluate_short-burst_static_s222,hold,64,1.0
thread,short-burst,static,222,22,argos_mdpv5_thread_generalization_evaluate_short-burst_static_s222,increase_coverage,0,0.0
thread,short-burst,static,222,22,argos_mdpv5_thread_generalization_evaluate_short-burst_static_s222,decrease_coverage,0,0.0
thread,short-burst,static,222,22,argos_mdpv5_thread_generalization_evaluate_short-burst_static_s222,increase_sample,0,0.0
thread,short-burst,static,222,22,argos_mdpv5_thread_generalization_evaluate_short-burst_static_s222,decrease_sample,0,0.0
thread,short-burst,static,222,22,argos_mdpv5_thread_generalization_evaluate_short-burst_static_s222,decrease_freshness,0,0.0
thread,short-burst,static,222,22,argos_mdpv5_thread_generalization_evaluate_short-burst_static_s222,increase_freshness,0,0.0
thread,short-burst,static,333,33,argos_mdpv5_thread_generalization_evaluate_short-burst_static_s333,hold,64,1.0
thread,short-burst,static,333,33,argos_mdpv5_thread_generalization_evaluate_short-burst_static_s333,increase_coverage,0,0.0
thread,short-burst,static,333,33,argos_mdpv5_thread_generalization_evaluate_short-burst_static_s333,decrease_coverage,0,0.0
thread,short-burst,static,333,33,argos_mdpv5_thread_generalization_evaluate_short-burst_static_s333,increase_sample,0,0.0
thread,short-burst,static,333,33,argos_mdpv5_thread_generalization_evaluate_short-burst_static_s333,decrease_sample,0,0.0
thread,short-burst,static,333,33,argos_mdpv5_thread_generalization_evaluate_short-burst_static_s333,decrease_freshness,0,0.0
thread,short-burst,static,333,33,argos_mdpv5_thread_generalization_evaluate_short-burst_static_s333,increase_freshness,0,0.0
thread,short-burst,static,444,44,argos_mdpv5_thread_generalization_evaluate_short-burst_static_s444,hold,64,1.0
thread,short-burst,static,444,44,argos_mdpv5_thread_generalization_evaluate_short-burst_static_s444,increase_coverage,0,0.0
thread,short-burst,static,444,44,argos_mdpv5_thread_generalization_evaluate_short-burst_static_s444,decrease_coverage,0,0.0
thread,short-burst,static,444,44,argos_mdpv5_thread_generalization_evaluate_short-burst_static_s444,increase_sample,0,0.0
thread,short-burst,static,444,44,argos_mdpv5_thread_generalization_evaluate_short-burst_static_s444,decrease_sample,0,0.0
thread,short-burst,static,444,44,argos_mdpv5_thread_generalization_evaluate_short-burst_static_s444,decrease_freshness,0,0.0
thread,short-burst,static,444,44,argos_mdpv5_thread_generalization_evaluate_short-burst_static_s444,increase_freshness,0,0.0
thread,short-burst,static,555,55,argos_mdpv5_thread_generalization_evaluate_short-burst_static_s555,hold,64,1.0
thread,short-burst,static,555,55,argos_mdpv5_thread_generalization_evaluate_short-burst_static_s555,increase_coverage,0,0.0
thread,short-burst,static,555,55,argos_mdpv5_thread_generalization_evaluate_short-burst_static_s555,decrease_coverage,0,0.0
thread,short-burst,static,555,55,argos_mdpv5_thread_generalization_evaluate_short-burst_static_s555,increase_sample,0,0.0
thread,short-burst,static,555,55,argos_mdpv5_thread_generalization_evaluate_short-burst_static_s555,decrease_sample,0,0.0
thread,short-burst,static,555,55,argos_mdpv5_thread_generalization_evaluate_short-burst_static_s555,decrease_freshness,0,0.0
thread,short-burst,static,555,55,argos_mdpv5_thread_generalization_evaluate_short-burst_static_s555,increase_freshness,0,0.0
thread,short-burst,threshold,111,11,argos_mdpv5_thread_generalization_evaluate_short-burst_threshold_s111,hold,37,0.578125
thread,short-burst,threshold,111,11,argos_mdpv5_thread_generalization_evaluate_short-burst_threshold_s111,increase_coverage,5,0.078125
thread,short-burst,threshold,111,11,argos_mdpv5_thread_generalization_evaluate_short-burst_threshold_s111,decrease_coverage,9,0.140625
thread,short-burst,threshold,111,11,argos_mdpv5_thread_generalization_evaluate_short-burst_threshold_s111,increase_sample,2,0.03125
thread,short-burst,threshold,111,11,argos_mdpv5_thread_generalization_evaluate_short-burst_threshold_s111,decrease_sample,5,0.078125
thread,short-burst,threshold,111,11,argos_mdpv5_thread_generalization_evaluate_short-burst_threshold_s111,decrease_freshness,4,0.0625
thread,short-burst,threshold,111,11,argos_mdpv5_thread_generalization_evaluate_short-burst_threshold_s111,increase_freshness,2,0.03125
thread,short-burst,threshold,222,22,argos_mdpv5_thread_generalization_evaluate_short-burst_threshold_s222,hold,37,0.578125
thread,short-burst,threshold,222,22,argos_mdpv5_thread_generalization_evaluate_short-burst_threshold_s222,increase_coverage,5,0.078125
thread,short-burst,threshold,222,22,argos_mdpv5_thread_generalization_evaluate_short-burst_threshold_s222,decrease_coverage,9,0.140625
thread,short-burst,threshold,222,22,argos_mdpv5_thread_generalization_evaluate_short-burst_threshold_s222,increase_sample,2,0.03125
thread,short-burst,threshold,222,22,argos_mdpv5_thread_generalization_evaluate_short-burst_threshold_s222,decrease_sample,5,0.078125
thread,short-burst,threshold,222,22,argos_mdpv5_thread_generalization_evaluate_short-burst_threshold_s222,decrease_freshness,4,0.0625
thread,short-burst,threshold,222,22,argos_mdpv5_thread_generalization_evaluate_short-burst_threshold_s222,increase_freshness,2,0.03125
thread,short-burst,threshold,333,33,argos_mdpv5_thread_generalization_evaluate_short-burst_threshold_s333,hold,37,0.578125
thread,short-burst,threshold,333,33,argos_mdpv5_thread_generalization_evaluate_short-burst_threshold_s333,increase_coverage,5,0.078125
thread,short-burst,threshold,333,33,argos_mdpv5_thread_generalization_evaluate_short-burst_threshold_s333,decrease_coverage,9,0.140625
thread,short-burst,threshold,333,33,argos_mdpv5_thread_generalization_evaluate_short-burst_threshold_s333,increase_sample,2,0.03125
thread,short-burst,threshold,333,33,argos_mdpv5_thread_generalization_evaluate_short-burst_threshold_s333,decrease_sample,5,0.078125
thread,short-burst,threshold,333,33,argos_mdpv5_thread_generalization_evaluate_short-burst_threshold_s333,decrease_freshness,4,0.0625
thread,short-burst,threshold,333,33,argos_mdpv5_thread_generalization_evaluate_short-burst_threshold_s333,increase_freshness,2,0.03125
thread,short-burst,threshold,444,44,argos_mdpv5_thread_generalization_evaluate_short-burst_threshold_s444,hold,37,0.578125
thread,short-burst,threshold,444,44,argos_mdpv5_thread_generalization_evaluate_short-burst_threshold_s444,increase_coverage,5,0.078125
thread,short-burst,threshold,444,44,argos_mdpv5_thread_generalization_evaluate_short-burst_threshold_s444,decrease_coverage,9,0.140625
thread,short-burst,threshold,444,44,argos_mdpv5_thread_generalization_evaluate_short-burst_threshold_s444,increase_sample,2,0.03125
thread,short-burst,threshold,444,44,argos_mdpv5_thread_generalization_evaluate_short-burst_threshold_s444,decrease_sample,5,0.078125
thread,short-burst,threshold,444,44,argos_mdpv5_thread_generalization_evaluate_short-burst_threshold_s444,decrease_freshness,4,0.0625
thread,short-burst,threshold,444,44,argos_mdpv5_thread_generalization_evaluate_short-burst_threshold_s444,increase_freshness,2,0.03125
thread,short-burst,threshold,555,55,argos_mdpv5_thread_generalization_evaluate_short-burst_threshold_s555,hold,37,0.578125
thread,short-burst,threshold,555,55,argos_mdpv5_thread_generalization_evaluate_short-burst_threshold_s555,increase_coverage,5,0.078125
thread,short-burst,threshold,555,55,argos_mdpv5_thread_generalization_evaluate_short-burst_threshold_s555,decrease_coverage,9,0.140625
thread,short-burst,threshold,555,55,argos_mdpv5_thread_generalization_evaluate_short-burst_threshold_s555,increase_sample,2,0.03125
thread,short-burst,threshold,555,55,argos_mdpv5_thread_generalization_evaluate_short-burst_threshold_s555,decrease_sample,5,0.078125
thread,short-burst,threshold,555,55,argos_mdpv5_thread_generalization_evaluate_short-burst_threshold_s555,decrease_freshness,4,0.0625
thread,short-burst,threshold,555,55,argos_mdpv5_thread_generalization_evaluate_short-burst_threshold_s555,increase_freshness,2,0.03125
thread,short-burst,best_fixed,111,11,argos_mdpv5_thread_generalization_evaluate_short-burst_best_fixed_s111,hold,64,1.0
thread,short-burst,best_fixed,111,11,argos_mdpv5_thread_generalization_evaluate_short-burst_best_fixed_s111,increase_coverage,0,0.0
thread,short-burst,best_fixed,111,11,argos_mdpv5_thread_generalization_evaluate_short-burst_best_fixed_s111,decrease_coverage,0,0.0
thread,short-burst,best_fixed,111,11,argos_mdpv5_thread_generalization_evaluate_short-burst_best_fixed_s111,increase_sample,0,0.0
thread,short-burst,best_fixed,111,11,argos_mdpv5_thread_generalization_evaluate_short-burst_best_fixed_s111,decrease_sample,0,0.0
thread,short-burst,best_fixed,111,11,argos_mdpv5_thread_generalization_evaluate_short-burst_best_fixed_s111,decrease_freshness,0,0.0
thread,short-burst,best_fixed,111,11,argos_mdpv5_thread_generalization_evaluate_short-burst_best_fixed_s111,increase_freshness,0,0.0
thread,short-burst,best_fixed,222,22,argos_mdpv5_thread_generalization_evaluate_short-burst_best_fixed_s222,hold,64,1.0
thread,short-burst,best_fixed,222,22,argos_mdpv5_thread_generalization_evaluate_short-burst_best_fixed_s222,increase_coverage,0,0.0
thread,short-burst,best_fixed,222,22,argos_mdpv5_thread_generalization_evaluate_short-burst_best_fixed_s222,decrease_coverage,0,0.0
thread,short-burst,best_fixed,222,22,argos_mdpv5_thread_generalization_evaluate_short-burst_best_fixed_s222,increase_sample,0,0.0
thread,short-burst,best_fixed,222,22,argos_mdpv5_thread_generalization_evaluate_short-burst_best_fixed_s222,decrease_sample,0,0.0
thread,short-burst,best_fixed,222,22,argos_mdpv5_thread_generalization_evaluate_short-burst_best_fixed_s222,decrease_freshness,0,0.0
thread,short-burst,best_fixed,222,22,argos_mdpv5_thread_generalization_evaluate_short-burst_best_fixed_s222,increase_freshness,0,0.0
thread,short-burst,best_fixed,333,33,argos_mdpv5_thread_generalization_evaluate_short-burst_best_fixed_s333,hold,64,1.0
thread,short-burst,best_fixed,333,33,argos_mdpv5_thread_generalization_evaluate_short-burst_best_fixed_s333,increase_coverage,0,0.0
thread,short-burst,best_fixed,333,33,argos_mdpv5_thread_generalization_evaluate_short-burst_best_fixed_s333,decrease_coverage,0,0.0
thread,short-burst,best_fixed,333,33,argos_mdpv5_thread_generalization_evaluate_short-burst_best_fixed_s333,increase_sample,0,0.0
thread,short-burst,best_fixed,333,33,argos_mdpv5_thread_generalization_evaluate_short-burst_best_fixed_s333,decrease_sample,0,0.0
thread,short-burst,best_fixed,333,33,argos_mdpv5_thread_generalization_evaluate_short-burst_best_fixed_s333,decrease_freshness,0,0.0
thread,short-burst,best_fixed,333,33,argos_mdpv5_thread_generalization_evaluate_short-burst_best_fixed_s333,increase_freshness,0,0.0
thread,short-burst,best_fixed,444,44,argos_mdpv5_thread_generalization_evaluate_short-burst_best_fixed_s444,hold,64,1.0
thread,short-burst,best_fixed,444,44,argos_mdpv5_thread_generalization_evaluate_short-burst_best_fixed_s444,increase_coverage,0,0.0
thread,short-burst,best_fixed,444,44,argos_mdpv5_thread_generalization_evaluate_short-burst_best_fixed_s444,decrease_coverage,0,0.0
thread,short-burst,best_fixed,444,44,argos_mdpv5_thread_generalization_evaluate_short-burst_best_fixed_s444,increase_sample,0,0.0
thread,short-burst,best_fixed,444,44,argos_mdpv5_thread_generalization_evaluate_short-burst_best_fixed_s444,decrease_sample,0,0.0
thread,short-burst,best_fixed,444,44,argos_mdpv5_thread_generalization_evaluate_short-burst_best_fixed_s444,decrease_freshness,0,0.0
thread,short-burst,best_fixed,444,44,argos_mdpv5_thread_generalization_evaluate_short-burst_best_fixed_s444,increase_freshness,0,0.0
thread,short-burst,best_fixed,555,55,argos_mdpv5_thread_generalization_evaluate_short-burst_best_fixed_s555,hold,64,1.0
thread,short-burst,best_fixed,555,55,argos_mdpv5_thread_generalization_evaluate_short-burst_best_fixed_s555,increase_coverage,0,0.0
thread,short-burst,best_fixed,555,55,argos_mdpv5_thread_generalization_evaluate_short-burst_best_fixed_s555,decrease_coverage,0,0.0
thread,short-burst,best_fixed,555,55,argos_mdpv5_thread_generalization_evaluate_short-burst_best_fixed_s555,increase_sample,0,0.0
thread,short-burst,best_fixed,555,55,argos_mdpv5_thread_generalization_evaluate_short-burst_best_fixed_s555,decrease_sample,0,0.0
thread,short-burst,best_fixed,555,55,argos_mdpv5_thread_generalization_evaluate_short-burst_best_fixed_s555,decrease_freshness,0,0.0
thread,short-burst,best_fixed,555,55,argos_mdpv5_thread_generalization_evaluate_short-burst_best_fixed_s555,increase_freshness,0,0.0
thread,short-burst,qlearning,111,11,argos_mdpv5_thread_generalization_evaluate_short-burst_qlearning_s111,hold,12,0.1875
thread,short-burst,qlearning,111,11,argos_mdpv5_thread_generalization_evaluate_short-burst_qlearning_s111,increase_coverage,5,0.078125
thread,short-burst,qlearning,111,11,argos_mdpv5_thread_generalization_evaluate_short-burst_qlearning_s111,decrease_coverage,9,0.140625
thread,short-burst,qlearning,111,11,argos_mdpv5_thread_generalization_evaluate_short-burst_qlearning_s111,increase_sample,9,0.140625
thread,short-burst,qlearning,111,11,argos_mdpv5_thread_generalization_evaluate_short-burst_qlearning_s111,decrease_sample,9,0.140625
thread,short-burst,qlearning,111,11,argos_mdpv5_thread_generalization_evaluate_short-burst_qlearning_s111,decrease_freshness,10,0.15625
thread,short-burst,qlearning,111,11,argos_mdpv5_thread_generalization_evaluate_short-burst_qlearning_s111,increase_freshness,10,0.15625
thread,short-burst,qlearning,222,22,argos_mdpv5_thread_generalization_evaluate_short-burst_qlearning_s222,hold,7,0.109375
thread,short-burst,qlearning,222,22,argos_mdpv5_thread_generalization_evaluate_short-burst_qlearning_s222,increase_coverage,8,0.125
thread,short-burst,qlearning,222,22,argos_mdpv5_thread_generalization_evaluate_short-burst_qlearning_s222,decrease_coverage,9,0.140625
thread,short-burst,qlearning,222,22,argos_mdpv5_thread_generalization_evaluate_short-burst_qlearning_s222,increase_sample,12,0.1875
thread,short-burst,qlearning,222,22,argos_mdpv5_thread_generalization_evaluate_short-burst_qlearning_s222,decrease_sample,10,0.15625
thread,short-burst,qlearning,222,22,argos_mdpv5_thread_generalization_evaluate_short-burst_qlearning_s222,decrease_freshness,8,0.125
thread,short-burst,qlearning,222,22,argos_mdpv5_thread_generalization_evaluate_short-burst_qlearning_s222,increase_freshness,10,0.15625
thread,short-burst,qlearning,333,33,argos_mdpv5_thread_generalization_evaluate_short-burst_qlearning_s333,hold,7,0.109375
thread,short-burst,qlearning,333,33,argos_mdpv5_thread_generalization_evaluate_short-burst_qlearning_s333,increase_coverage,10,0.15625
thread,short-burst,qlearning,333,33,argos_mdpv5_thread_generalization_evaluate_short-burst_qlearning_s333,decrease_coverage,10,0.15625
thread,short-burst,qlearning,333,33,argos_mdpv5_thread_generalization_evaluate_short-burst_qlearning_s333,increase_sample,12,0.1875
thread,short-burst,qlearning,333,33,argos_mdpv5_thread_generalization_evaluate_short-burst_qlearning_s333,decrease_sample,11,0.171875
thread,short-burst,qlearning,333,33,argos_mdpv5_thread_generalization_evaluate_short-burst_qlearning_s333,decrease_freshness,7,0.109375
thread,short-burst,qlearning,333,33,argos_mdpv5_thread_generalization_evaluate_short-burst_qlearning_s333,increase_freshness,7,0.109375
thread,short-burst,qlearning,444,44,argos_mdpv5_thread_generalization_evaluate_short-burst_qlearning_s444,hold,9,0.140625
thread,short-burst,qlearning,444,44,argos_mdpv5_thread_generalization_evaluate_short-burst_qlearning_s444,increase_coverage,10,0.15625
thread,short-burst,qlearning,444,44,argos_mdpv5_thread_generalization_evaluate_short-burst_qlearning_s444,decrease_coverage,10,0.15625
thread,short-burst,qlearning,444,44,argos_mdpv5_thread_generalization_evaluate_short-burst_qlearning_s444,increase_sample,9,0.140625
thread,short-burst,qlearning,444,44,argos_mdpv5_thread_generalization_evaluate_short-burst_qlearning_s444,decrease_sample,6,0.09375
thread,short-burst,qlearning,444,44,argos_mdpv5_thread_generalization_evaluate_short-burst_qlearning_s444,decrease_freshness,11,0.171875
thread,short-burst,qlearning,444,44,argos_mdpv5_thread_generalization_evaluate_short-burst_qlearning_s444,increase_freshness,9,0.140625
thread,short-burst,qlearning,555,55,argos_mdpv5_thread_generalization_evaluate_short-burst_qlearning_s555,hold,6,0.09375
thread,short-burst,qlearning,555,55,argos_mdpv5_thread_generalization_evaluate_short-burst_qlearning_s555,increase_coverage,9,0.140625
thread,short-burst,qlearning,555,55,argos_mdpv5_thread_generalization_evaluate_short-burst_qlearning_s555,decrease_coverage,9,0.140625
thread,short-burst,qlearning,555,55,argos_mdpv5_thread_generalization_evaluate_short-burst_qlearning_s555,increase_sample,12,0.1875
thread,short-burst,qlearning,555,55,argos_mdpv5_thread_generalization_evaluate_short-burst_qlearning_s555,decrease_sample,15,0.234375
thread,short-burst,qlearning,555,55,argos_mdpv5_thread_generalization_evaluate_short-burst_qlearning_s555,decrease_freshness,6,0.09375
thread,short-burst,qlearning,555,55,argos_mdpv5_thread_generalization_evaluate_short-burst_qlearning_s555,increase_freshness,7,0.109375
thread,short-burst,dqn,111,11,argos_mdpv5_thread_generalization_evaluate_short-burst_dqn_s111,hold,36,0.5625
thread,short-burst,dqn,111,11,argos_mdpv5_thread_generalization_evaluate_short-burst_dqn_s111,increase_coverage,4,0.0625
thread,short-burst,dqn,111,11,argos_mdpv5_thread_generalization_evaluate_short-burst_dqn_s111,decrease_coverage,0,0.0
thread,short-burst,dqn,111,11,argos_mdpv5_thread_generalization_evaluate_short-burst_dqn_s111,increase_sample,2,0.03125
thread,short-burst,dqn,111,11,argos_mdpv5_thread_generalization_evaluate_short-burst_dqn_s111,decrease_sample,0,0.0
thread,short-burst,dqn,111,11,argos_mdpv5_thread_generalization_evaluate_short-burst_dqn_s111,decrease_freshness,10,0.15625
thread,short-burst,dqn,111,11,argos_mdpv5_thread_generalization_evaluate_short-burst_dqn_s111,increase_freshness,12,0.1875
thread,short-burst,dqn,222,22,argos_mdpv5_thread_generalization_evaluate_short-burst_dqn_s222,hold,25,0.390625
thread,short-burst,dqn,222,22,argos_mdpv5_thread_generalization_evaluate_short-burst_dqn_s222,increase_coverage,4,0.0625
thread,short-burst,dqn,222,22,argos_mdpv5_thread_generalization_evaluate_short-burst_dqn_s222,decrease_coverage,0,0.0
thread,short-burst,dqn,222,22,argos_mdpv5_thread_generalization_evaluate_short-burst_dqn_s222,increase_sample,16,0.25
thread,short-burst,dqn,222,22,argos_mdpv5_thread_generalization_evaluate_short-burst_dqn_s222,decrease_sample,13,0.203125
thread,short-burst,dqn,222,22,argos_mdpv5_thread_generalization_evaluate_short-burst_dqn_s222,decrease_freshness,2,0.03125
thread,short-burst,dqn,222,22,argos_mdpv5_thread_generalization_evaluate_short-burst_dqn_s222,increase_freshness,4,0.0625
thread,short-burst,dqn,333,33,argos_mdpv5_thread_generalization_evaluate_short-burst_dqn_s333,hold,33,0.515625
thread,short-burst,dqn,333,33,argos_mdpv5_thread_generalization_evaluate_short-burst_dqn_s333,increase_coverage,4,0.0625
thread,short-burst,dqn,333,33,argos_mdpv5_thread_generalization_evaluate_short-burst_dqn_s333,decrease_coverage,0,0.0
thread,short-burst,dqn,333,33,argos_mdpv5_thread_generalization_evaluate_short-burst_dqn_s333,increase_sample,3,0.046875
thread,short-burst,dqn,333,33,argos_mdpv5_thread_generalization_evaluate_short-burst_dqn_s333,decrease_sample,0,0.0
thread,short-burst,dqn,333,33,argos_mdpv5_thread_generalization_evaluate_short-burst_dqn_s333,decrease_freshness,11,0.171875
thread,short-burst,dqn,333,33,argos_mdpv5_thread_generalization_evaluate_short-burst_dqn_s333,increase_freshness,13,0.203125
thread,short-burst,dqn,444,44,argos_mdpv5_thread_generalization_evaluate_short-burst_dqn_s444,hold,49,0.765625
thread,short-burst,dqn,444,44,argos_mdpv5_thread_generalization_evaluate_short-burst_dqn_s444,increase_coverage,7,0.109375
thread,short-burst,dqn,444,44,argos_mdpv5_thread_generalization_evaluate_short-burst_dqn_s444,decrease_coverage,3,0.046875
thread,short-burst,dqn,444,44,argos_mdpv5_thread_generalization_evaluate_short-burst_dqn_s444,increase_sample,3,0.046875
thread,short-burst,dqn,444,44,argos_mdpv5_thread_generalization_evaluate_short-burst_dqn_s444,decrease_sample,0,0.0
thread,short-burst,dqn,444,44,argos_mdpv5_thread_generalization_evaluate_short-burst_dqn_s444,decrease_freshness,0,0.0
thread,short-burst,dqn,444,44,argos_mdpv5_thread_generalization_evaluate_short-burst_dqn_s444,increase_freshness,2,0.03125
thread,short-burst,dqn,555,55,argos_mdpv5_thread_generalization_evaluate_short-burst_dqn_s555,hold,41,0.640625
thread,short-burst,dqn,555,55,argos_mdpv5_thread_generalization_evaluate_short-burst_dqn_s555,increase_coverage,4,0.0625
thread,short-burst,dqn,555,55,argos_mdpv5_thread_generalization_evaluate_short-burst_dqn_s555,decrease_coverage,0,0.0
thread,short-burst,dqn,555,55,argos_mdpv5_thread_generalization_evaluate_short-burst_dqn_s555,increase_sample,3,0.046875
thread,short-burst,dqn,555,55,argos_mdpv5_thread_generalization_evaluate_short-burst_dqn_s555,decrease_sample,0,0.0
thread,short-burst,dqn,555,55,argos_mdpv5_thread_generalization_evaluate_short-burst_dqn_s555,decrease_freshness,8,0.125
thread,short-burst,dqn,555,55,argos_mdpv5_thread_generalization_evaluate_short-burst_dqn_s555,increase_freshness,8,0.125
thread,short-burst,ppo,111,11,argos_mdpv5_thread_generalization_evaluate_short-burst_ppo_s111,hold,0,0.0
thread,short-burst,ppo,111,11,argos_mdpv5_thread_generalization_evaluate_short-burst_ppo_s111,increase_coverage,4,0.0625
thread,short-burst,ppo,111,11,argos_mdpv5_thread_generalization_evaluate_short-burst_ppo_s111,decrease_coverage,0,0.0
thread,short-burst,ppo,111,11,argos_mdpv5_thread_generalization_evaluate_short-burst_ppo_s111,increase_sample,3,0.046875
thread,short-burst,ppo,111,11,argos_mdpv5_thread_generalization_evaluate_short-burst_ppo_s111,decrease_sample,0,0.0
thread,short-burst,ppo,111,11,argos_mdpv5_thread_generalization_evaluate_short-burst_ppo_s111,decrease_freshness,29,0.453125
thread,short-burst,ppo,111,11,argos_mdpv5_thread_generalization_evaluate_short-burst_ppo_s111,increase_freshness,28,0.4375
thread,short-burst,ppo,222,22,argos_mdpv5_thread_generalization_evaluate_short-burst_ppo_s222,hold,0,0.0
thread,short-burst,ppo,222,22,argos_mdpv5_thread_generalization_evaluate_short-burst_ppo_s222,increase_coverage,4,0.0625
thread,short-burst,ppo,222,22,argos_mdpv5_thread_generalization_evaluate_short-burst_ppo_s222,decrease_coverage,0,0.0
thread,short-burst,ppo,222,22,argos_mdpv5_thread_generalization_evaluate_short-burst_ppo_s222,increase_sample,3,0.046875
thread,short-burst,ppo,222,22,argos_mdpv5_thread_generalization_evaluate_short-burst_ppo_s222,decrease_sample,0,0.0
thread,short-burst,ppo,222,22,argos_mdpv5_thread_generalization_evaluate_short-burst_ppo_s222,decrease_freshness,29,0.453125
thread,short-burst,ppo,222,22,argos_mdpv5_thread_generalization_evaluate_short-burst_ppo_s222,increase_freshness,28,0.4375
thread,short-burst,ppo,333,33,argos_mdpv5_thread_generalization_evaluate_short-burst_ppo_s333,hold,60,0.9375
thread,short-burst,ppo,333,33,argos_mdpv5_thread_generalization_evaluate_short-burst_ppo_s333,increase_coverage,4,0.0625
thread,short-burst,ppo,333,33,argos_mdpv5_thread_generalization_evaluate_short-burst_ppo_s333,decrease_coverage,0,0.0
thread,short-burst,ppo,333,33,argos_mdpv5_thread_generalization_evaluate_short-burst_ppo_s333,increase_sample,0,0.0
thread,short-burst,ppo,333,33,argos_mdpv5_thread_generalization_evaluate_short-burst_ppo_s333,decrease_sample,0,0.0
thread,short-burst,ppo,333,33,argos_mdpv5_thread_generalization_evaluate_short-burst_ppo_s333,decrease_freshness,0,0.0
thread,short-burst,ppo,333,33,argos_mdpv5_thread_generalization_evaluate_short-burst_ppo_s333,increase_freshness,0,0.0
thread,short-burst,ppo,444,44,argos_mdpv5_thread_generalization_evaluate_short-burst_ppo_s444,hold,64,1.0
thread,short-burst,ppo,444,44,argos_mdpv5_thread_generalization_evaluate_short-burst_ppo_s444,increase_coverage,0,0.0
thread,short-burst,ppo,444,44,argos_mdpv5_thread_generalization_evaluate_short-burst_ppo_s444,decrease_coverage,0,0.0
thread,short-burst,ppo,444,44,argos_mdpv5_thread_generalization_evaluate_short-burst_ppo_s444,increase_sample,0,0.0
thread,short-burst,ppo,444,44,argos_mdpv5_thread_generalization_evaluate_short-burst_ppo_s444,decrease_sample,0,0.0
thread,short-burst,ppo,444,44,argos_mdpv5_thread_generalization_evaluate_short-burst_ppo_s444,decrease_freshness,0,0.0
thread,short-burst,ppo,444,44,argos_mdpv5_thread_generalization_evaluate_short-burst_ppo_s444,increase_freshness,0,0.0
thread,short-burst,ppo,555,55,argos_mdpv5_thread_generalization_evaluate_short-burst_ppo_s555,hold,0,0.0
thread,short-burst,ppo,555,55,argos_mdpv5_thread_generalization_evaluate_short-burst_ppo_s555,increase_coverage,4,0.0625
thread,short-burst,ppo,555,55,argos_mdpv5_thread_generalization_evaluate_short-burst_ppo_s555,decrease_coverage,0,0.0
thread,short-burst,ppo,555,55,argos_mdpv5_thread_generalization_evaluate_short-burst_ppo_s555,increase_sample,3,0.046875
thread,short-burst,ppo,555,55,argos_mdpv5_thread_generalization_evaluate_short-burst_ppo_s555,decrease_sample,0,0.0
thread,short-burst,ppo,555,55,argos_mdpv5_thread_generalization_evaluate_short-burst_ppo_s555,decrease_freshness,29,0.453125
thread,short-burst,ppo,555,55,argos_mdpv5_thread_generalization_evaluate_short-burst_ppo_s555,increase_freshness,28,0.4375
thread,aggressive-incident,static,111,11,argos_mdpv5_thread_primary_evaluate_aggressive-incident_static_s111,hold,64,1.0
thread,aggressive-incident,static,111,11,argos_mdpv5_thread_primary_evaluate_aggressive-incident_static_s111,increase_coverage,0,0.0
thread,aggressive-incident,static,111,11,argos_mdpv5_thread_primary_evaluate_aggressive-incident_static_s111,decrease_coverage,0,0.0
thread,aggressive-incident,static,111,11,argos_mdpv5_thread_primary_evaluate_aggressive-incident_static_s111,increase_sample,0,0.0
thread,aggressive-incident,static,111,11,argos_mdpv5_thread_primary_evaluate_aggressive-incident_static_s111,decrease_sample,0,0.0
thread,aggressive-incident,static,111,11,argos_mdpv5_thread_primary_evaluate_aggressive-incident_static_s111,decrease_freshness,0,0.0
thread,aggressive-incident,static,111,11,argos_mdpv5_thread_primary_evaluate_aggressive-incident_static_s111,increase_freshness,0,0.0
thread,aggressive-incident,static,222,22,argos_mdpv5_thread_primary_evaluate_aggressive-incident_static_s222,hold,64,1.0
thread,aggressive-incident,static,222,22,argos_mdpv5_thread_primary_evaluate_aggressive-incident_static_s222,increase_coverage,0,0.0
thread,aggressive-incident,static,222,22,argos_mdpv5_thread_primary_evaluate_aggressive-incident_static_s222,decrease_coverage,0,0.0
thread,aggressive-incident,static,222,22,argos_mdpv5_thread_primary_evaluate_aggressive-incident_static_s222,increase_sample,0,0.0
thread,aggressive-incident,static,222,22,argos_mdpv5_thread_primary_evaluate_aggressive-incident_static_s222,decrease_sample,0,0.0
thread,aggressive-incident,static,222,22,argos_mdpv5_thread_primary_evaluate_aggressive-incident_static_s222,decrease_freshness,0,0.0
thread,aggressive-incident,static,222,22,argos_mdpv5_thread_primary_evaluate_aggressive-incident_static_s222,increase_freshness,0,0.0
thread,aggressive-incident,static,333,33,argos_mdpv5_thread_primary_evaluate_aggressive-incident_static_s333,hold,64,1.0
thread,aggressive-incident,static,333,33,argos_mdpv5_thread_primary_evaluate_aggressive-incident_static_s333,increase_coverage,0,0.0
thread,aggressive-incident,static,333,33,argos_mdpv5_thread_primary_evaluate_aggressive-incident_static_s333,decrease_coverage,0,0.0
thread,aggressive-incident,static,333,33,argos_mdpv5_thread_primary_evaluate_aggressive-incident_static_s333,increase_sample,0,0.0
thread,aggressive-incident,static,333,33,argos_mdpv5_thread_primary_evaluate_aggressive-incident_static_s333,decrease_sample,0,0.0
thread,aggressive-incident,static,333,33,argos_mdpv5_thread_primary_evaluate_aggressive-incident_static_s333,decrease_freshness,0,0.0
thread,aggressive-incident,static,333,33,argos_mdpv5_thread_primary_evaluate_aggressive-incident_static_s333,increase_freshness,0,0.0
thread,aggressive-incident,static,444,44,argos_mdpv5_thread_primary_evaluate_aggressive-incident_static_s444,hold,64,1.0
thread,aggressive-incident,static,444,44,argos_mdpv5_thread_primary_evaluate_aggressive-incident_static_s444,increase_coverage,0,0.0
thread,aggressive-incident,static,444,44,argos_mdpv5_thread_primary_evaluate_aggressive-incident_static_s444,decrease_coverage,0,0.0
thread,aggressive-incident,static,444,44,argos_mdpv5_thread_primary_evaluate_aggressive-incident_static_s444,increase_sample,0,0.0
thread,aggressive-incident,static,444,44,argos_mdpv5_thread_primary_evaluate_aggressive-incident_static_s444,decrease_sample,0,0.0
thread,aggressive-incident,static,444,44,argos_mdpv5_thread_primary_evaluate_aggressive-incident_static_s444,decrease_freshness,0,0.0
thread,aggressive-incident,static,444,44,argos_mdpv5_thread_primary_evaluate_aggressive-incident_static_s444,increase_freshness,0,0.0
thread,aggressive-incident,static,555,55,argos_mdpv5_thread_primary_evaluate_aggressive-incident_static_s555,hold,64,1.0
thread,aggressive-incident,static,555,55,argos_mdpv5_thread_primary_evaluate_aggressive-incident_static_s555,increase_coverage,0,0.0
thread,aggressive-incident,static,555,55,argos_mdpv5_thread_primary_evaluate_aggressive-incident_static_s555,decrease_coverage,0,0.0
thread,aggressive-incident,static,555,55,argos_mdpv5_thread_primary_evaluate_aggressive-incident_static_s555,increase_sample,0,0.0
thread,aggressive-incident,static,555,55,argos_mdpv5_thread_primary_evaluate_aggressive-incident_static_s555,decrease_sample,0,0.0
thread,aggressive-incident,static,555,55,argos_mdpv5_thread_primary_evaluate_aggressive-incident_static_s555,decrease_freshness,0,0.0
thread,aggressive-incident,static,555,55,argos_mdpv5_thread_primary_evaluate_aggressive-incident_static_s555,increase_freshness,0,0.0
thread,aggressive-incident,threshold,111,11,argos_mdpv5_thread_primary_evaluate_aggressive-incident_threshold_s111,hold,41,0.640625
thread,aggressive-incident,threshold,111,11,argos_mdpv5_thread_primary_evaluate_aggressive-incident_threshold_s111,increase_coverage,4,0.0625
thread,aggressive-incident,threshold,111,11,argos_mdpv5_thread_primary_evaluate_aggressive-incident_threshold_s111,decrease_coverage,5,0.078125
thread,aggressive-incident,threshold,111,11,argos_mdpv5_thread_primary_evaluate_aggressive-incident_threshold_s111,increase_sample,3,0.046875
thread,aggressive-incident,threshold,111,11,argos_mdpv5_thread_primary_evaluate_aggressive-incident_threshold_s111,decrease_sample,6,0.09375
thread,aggressive-incident,threshold,111,11,argos_mdpv5_thread_primary_evaluate_aggressive-incident_threshold_s111,decrease_freshness,3,0.046875
thread,aggressive-incident,threshold,111,11,argos_mdpv5_thread_primary_evaluate_aggressive-incident_threshold_s111,increase_freshness,2,0.03125
thread,aggressive-incident,threshold,222,22,argos_mdpv5_thread_primary_evaluate_aggressive-incident_threshold_s222,hold,41,0.640625
thread,aggressive-incident,threshold,222,22,argos_mdpv5_thread_primary_evaluate_aggressive-incident_threshold_s222,increase_coverage,4,0.0625
thread,aggressive-incident,threshold,222,22,argos_mdpv5_thread_primary_evaluate_aggressive-incident_threshold_s222,decrease_coverage,5,0.078125
thread,aggressive-incident,threshold,222,22,argos_mdpv5_thread_primary_evaluate_aggressive-incident_threshold_s222,increase_sample,3,0.046875
thread,aggressive-incident,threshold,222,22,argos_mdpv5_thread_primary_evaluate_aggressive-incident_threshold_s222,decrease_sample,6,0.09375
thread,aggressive-incident,threshold,222,22,argos_mdpv5_thread_primary_evaluate_aggressive-incident_threshold_s222,decrease_freshness,3,0.046875
thread,aggressive-incident,threshold,222,22,argos_mdpv5_thread_primary_evaluate_aggressive-incident_threshold_s222,increase_freshness,2,0.03125
thread,aggressive-incident,threshold,333,33,argos_mdpv5_thread_primary_evaluate_aggressive-incident_threshold_s333,hold,42,0.65625
thread,aggressive-incident,threshold,333,33,argos_mdpv5_thread_primary_evaluate_aggressive-incident_threshold_s333,increase_coverage,3,0.046875
thread,aggressive-incident,threshold,333,33,argos_mdpv5_thread_primary_evaluate_aggressive-incident_threshold_s333,decrease_coverage,5,0.078125
thread,aggressive-incident,threshold,333,33,argos_mdpv5_thread_primary_evaluate_aggressive-incident_threshold_s333,increase_sample,3,0.046875
thread,aggressive-incident,threshold,333,33,argos_mdpv5_thread_primary_evaluate_aggressive-incident_threshold_s333,decrease_sample,6,0.09375
thread,aggressive-incident,threshold,333,33,argos_mdpv5_thread_primary_evaluate_aggressive-incident_threshold_s333,decrease_freshness,3,0.046875
thread,aggressive-incident,threshold,333,33,argos_mdpv5_thread_primary_evaluate_aggressive-incident_threshold_s333,increase_freshness,2,0.03125
thread,aggressive-incident,threshold,444,44,argos_mdpv5_thread_primary_evaluate_aggressive-incident_threshold_s444,hold,40,0.625
thread,aggressive-incident,threshold,444,44,argos_mdpv5_thread_primary_evaluate_aggressive-incident_threshold_s444,increase_coverage,4,0.0625
thread,aggressive-incident,threshold,444,44,argos_mdpv5_thread_primary_evaluate_aggressive-incident_threshold_s444,decrease_coverage,5,0.078125
thread,aggressive-incident,threshold,444,44,argos_mdpv5_thread_primary_evaluate_aggressive-incident_threshold_s444,increase_sample,3,0.046875
thread,aggressive-incident,threshold,444,44,argos_mdpv5_thread_primary_evaluate_aggressive-incident_threshold_s444,decrease_sample,6,0.09375
thread,aggressive-incident,threshold,444,44,argos_mdpv5_thread_primary_evaluate_aggressive-incident_threshold_s444,decrease_freshness,3,0.046875
thread,aggressive-incident,threshold,444,44,argos_mdpv5_thread_primary_evaluate_aggressive-incident_threshold_s444,increase_freshness,3,0.046875
thread,aggressive-incident,threshold,555,55,argos_mdpv5_thread_primary_evaluate_aggressive-incident_threshold_s555,hold,41,0.640625
thread,aggressive-incident,threshold,555,55,argos_mdpv5_thread_primary_evaluate_aggressive-incident_threshold_s555,increase_coverage,4,0.0625
thread,aggressive-incident,threshold,555,55,argos_mdpv5_thread_primary_evaluate_aggressive-incident_threshold_s555,decrease_coverage,5,0.078125
thread,aggressive-incident,threshold,555,55,argos_mdpv5_thread_primary_evaluate_aggressive-incident_threshold_s555,increase_sample,3,0.046875
thread,aggressive-incident,threshold,555,55,argos_mdpv5_thread_primary_evaluate_aggressive-incident_threshold_s555,decrease_sample,6,0.09375
thread,aggressive-incident,threshold,555,55,argos_mdpv5_thread_primary_evaluate_aggressive-incident_threshold_s555,decrease_freshness,3,0.046875
thread,aggressive-incident,threshold,555,55,argos_mdpv5_thread_primary_evaluate_aggressive-incident_threshold_s555,increase_freshness,2,0.03125
thread,aggressive-incident,best_fixed,111,11,argos_mdpv5_thread_primary_evaluate_aggressive-incident_best_fixed_s111,hold,64,1.0
thread,aggressive-incident,best_fixed,111,11,argos_mdpv5_thread_primary_evaluate_aggressive-incident_best_fixed_s111,increase_coverage,0,0.0
thread,aggressive-incident,best_fixed,111,11,argos_mdpv5_thread_primary_evaluate_aggressive-incident_best_fixed_s111,decrease_coverage,0,0.0
thread,aggressive-incident,best_fixed,111,11,argos_mdpv5_thread_primary_evaluate_aggressive-incident_best_fixed_s111,increase_sample,0,0.0
thread,aggressive-incident,best_fixed,111,11,argos_mdpv5_thread_primary_evaluate_aggressive-incident_best_fixed_s111,decrease_sample,0,0.0
thread,aggressive-incident,best_fixed,111,11,argos_mdpv5_thread_primary_evaluate_aggressive-incident_best_fixed_s111,decrease_freshness,0,0.0
thread,aggressive-incident,best_fixed,111,11,argos_mdpv5_thread_primary_evaluate_aggressive-incident_best_fixed_s111,increase_freshness,0,0.0
thread,aggressive-incident,best_fixed,222,22,argos_mdpv5_thread_primary_evaluate_aggressive-incident_best_fixed_s222,hold,64,1.0
thread,aggressive-incident,best_fixed,222,22,argos_mdpv5_thread_primary_evaluate_aggressive-incident_best_fixed_s222,increase_coverage,0,0.0
thread,aggressive-incident,best_fixed,222,22,argos_mdpv5_thread_primary_evaluate_aggressive-incident_best_fixed_s222,decrease_coverage,0,0.0
thread,aggressive-incident,best_fixed,222,22,argos_mdpv5_thread_primary_evaluate_aggressive-incident_best_fixed_s222,increase_sample,0,0.0
thread,aggressive-incident,best_fixed,222,22,argos_mdpv5_thread_primary_evaluate_aggressive-incident_best_fixed_s222,decrease_sample,0,0.0
thread,aggressive-incident,best_fixed,222,22,argos_mdpv5_thread_primary_evaluate_aggressive-incident_best_fixed_s222,decrease_freshness,0,0.0
thread,aggressive-incident,best_fixed,222,22,argos_mdpv5_thread_primary_evaluate_aggressive-incident_best_fixed_s222,increase_freshness,0,0.0
thread,aggressive-incident,best_fixed,333,33,argos_mdpv5_thread_primary_evaluate_aggressive-incident_best_fixed_s333,hold,64,1.0
thread,aggressive-incident,best_fixed,333,33,argos_mdpv5_thread_primary_evaluate_aggressive-incident_best_fixed_s333,increase_coverage,0,0.0
thread,aggressive-incident,best_fixed,333,33,argos_mdpv5_thread_primary_evaluate_aggressive-incident_best_fixed_s333,decrease_coverage,0,0.0
thread,aggressive-incident,best_fixed,333,33,argos_mdpv5_thread_primary_evaluate_aggressive-incident_best_fixed_s333,increase_sample,0,0.0
thread,aggressive-incident,best_fixed,333,33,argos_mdpv5_thread_primary_evaluate_aggressive-incident_best_fixed_s333,decrease_sample,0,0.0
thread,aggressive-incident,best_fixed,333,33,argos_mdpv5_thread_primary_evaluate_aggressive-incident_best_fixed_s333,decrease_freshness,0,0.0
thread,aggressive-incident,best_fixed,333,33,argos_mdpv5_thread_primary_evaluate_aggressive-incident_best_fixed_s333,increase_freshness,0,0.0
thread,aggressive-incident,best_fixed,444,44,argos_mdpv5_thread_primary_evaluate_aggressive-incident_best_fixed_s444,hold,64,1.0
thread,aggressive-incident,best_fixed,444,44,argos_mdpv5_thread_primary_evaluate_aggressive-incident_best_fixed_s444,increase_coverage,0,0.0
thread,aggressive-incident,best_fixed,444,44,argos_mdpv5_thread_primary_evaluate_aggressive-incident_best_fixed_s444,decrease_coverage,0,0.0
thread,aggressive-incident,best_fixed,444,44,argos_mdpv5_thread_primary_evaluate_aggressive-incident_best_fixed_s444,increase_sample,0,0.0
thread,aggressive-incident,best_fixed,444,44,argos_mdpv5_thread_primary_evaluate_aggressive-incident_best_fixed_s444,decrease_sample,0,0.0
thread,aggressive-incident,best_fixed,444,44,argos_mdpv5_thread_primary_evaluate_aggressive-incident_best_fixed_s444,decrease_freshness,0,0.0
thread,aggressive-incident,best_fixed,444,44,argos_mdpv5_thread_primary_evaluate_aggressive-incident_best_fixed_s444,increase_freshness,0,0.0
thread,aggressive-incident,best_fixed,555,55,argos_mdpv5_thread_primary_evaluate_aggressive-incident_best_fixed_s555,hold,64,1.0
thread,aggressive-incident,best_fixed,555,55,argos_mdpv5_thread_primary_evaluate_aggressive-incident_best_fixed_s555,increase_coverage,0,0.0
thread,aggressive-incident,best_fixed,555,55,argos_mdpv5_thread_primary_evaluate_aggressive-incident_best_fixed_s555,decrease_coverage,0,0.0
thread,aggressive-incident,best_fixed,555,55,argos_mdpv5_thread_primary_evaluate_aggressive-incident_best_fixed_s555,increase_sample,0,0.0
thread,aggressive-incident,best_fixed,555,55,argos_mdpv5_thread_primary_evaluate_aggressive-incident_best_fixed_s555,decrease_sample,0,0.0
thread,aggressive-incident,best_fixed,555,55,argos_mdpv5_thread_primary_evaluate_aggressive-incident_best_fixed_s555,decrease_freshness,0,0.0
thread,aggressive-incident,best_fixed,555,55,argos_mdpv5_thread_primary_evaluate_aggressive-incident_best_fixed_s555,increase_freshness,0,0.0
thread,aggressive-incident,qlearning,111,11,argos_mdpv5_thread_primary_evaluate_aggressive-incident_qlearning_s111,hold,10,0.15625
thread,aggressive-incident,qlearning,111,11,argos_mdpv5_thread_primary_evaluate_aggressive-incident_qlearning_s111,increase_coverage,6,0.09375
thread,aggressive-incident,qlearning,111,11,argos_mdpv5_thread_primary_evaluate_aggressive-incident_qlearning_s111,decrease_coverage,9,0.140625
thread,aggressive-incident,qlearning,111,11,argos_mdpv5_thread_primary_evaluate_aggressive-incident_qlearning_s111,increase_sample,10,0.15625
thread,aggressive-incident,qlearning,111,11,argos_mdpv5_thread_primary_evaluate_aggressive-incident_qlearning_s111,decrease_sample,10,0.15625
thread,aggressive-incident,qlearning,111,11,argos_mdpv5_thread_primary_evaluate_aggressive-incident_qlearning_s111,decrease_freshness,9,0.140625
thread,aggressive-incident,qlearning,111,11,argos_mdpv5_thread_primary_evaluate_aggressive-incident_qlearning_s111,increase_freshness,10,0.15625
thread,aggressive-incident,qlearning,222,22,argos_mdpv5_thread_primary_evaluate_aggressive-incident_qlearning_s222,hold,9,0.140625
thread,aggressive-incident,qlearning,222,22,argos_mdpv5_thread_primary_evaluate_aggressive-incident_qlearning_s222,increase_coverage,10,0.15625
thread,aggressive-incident,qlearning,222,22,argos_mdpv5_thread_primary_evaluate_aggressive-incident_qlearning_s222,decrease_coverage,12,0.1875
thread,aggressive-incident,qlearning,222,22,argos_mdpv5_thread_primary_evaluate_aggressive-incident_qlearning_s222,increase_sample,10,0.15625
thread,aggressive-incident,qlearning,222,22,argos_mdpv5_thread_primary_evaluate_aggressive-incident_qlearning_s222,decrease_sample,9,0.140625
thread,aggressive-incident,qlearning,222,22,argos_mdpv5_thread_primary_evaluate_aggressive-incident_qlearning_s222,decrease_freshness,7,0.109375
thread,aggressive-incident,qlearning,222,22,argos_mdpv5_thread_primary_evaluate_aggressive-incident_qlearning_s222,increase_freshness,7,0.109375
thread,aggressive-incident,qlearning,333,33,argos_mdpv5_thread_primary_evaluate_aggressive-incident_qlearning_s333,hold,8,0.125
thread,aggressive-incident,qlearning,333,33,argos_mdpv5_thread_primary_evaluate_aggressive-incident_qlearning_s333,increase_coverage,8,0.125
thread,aggressive-incident,qlearning,333,33,argos_mdpv5_thread_primary_evaluate_aggressive-incident_qlearning_s333,decrease_coverage,10,0.15625
thread,aggressive-incident,qlearning,333,33,argos_mdpv5_thread_primary_evaluate_aggressive-incident_qlearning_s333,increase_sample,14,0.21875
thread,aggressive-incident,qlearning,333,33,argos_mdpv5_thread_primary_evaluate_aggressive-incident_qlearning_s333,decrease_sample,15,0.234375
thread,aggressive-incident,qlearning,333,33,argos_mdpv5_thread_primary_evaluate_aggressive-incident_qlearning_s333,decrease_freshness,4,0.0625
thread,aggressive-incident,qlearning,333,33,argos_mdpv5_thread_primary_evaluate_aggressive-incident_qlearning_s333,increase_freshness,5,0.078125
thread,aggressive-incident,qlearning,444,44,argos_mdpv5_thread_primary_evaluate_aggressive-incident_qlearning_s444,hold,11,0.171875
thread,aggressive-incident,qlearning,444,44,argos_mdpv5_thread_primary_evaluate_aggressive-incident_qlearning_s444,increase_coverage,8,0.125
thread,aggressive-incident,qlearning,444,44,argos_mdpv5_thread_primary_evaluate_aggressive-incident_qlearning_s444,decrease_coverage,7,0.109375
thread,aggressive-incident,qlearning,444,44,argos_mdpv5_thread_primary_evaluate_aggressive-incident_qlearning_s444,increase_sample,11,0.171875
thread,aggressive-incident,qlearning,444,44,argos_mdpv5_thread_primary_evaluate_aggressive-incident_qlearning_s444,decrease_sample,13,0.203125
thread,aggressive-incident,qlearning,444,44,argos_mdpv5_thread_primary_evaluate_aggressive-incident_qlearning_s444,decrease_freshness,6,0.09375
thread,aggressive-incident,qlearning,444,44,argos_mdpv5_thread_primary_evaluate_aggressive-incident_qlearning_s444,increase_freshness,8,0.125
thread,aggressive-incident,qlearning,555,55,argos_mdpv5_thread_primary_evaluate_aggressive-incident_qlearning_s555,hold,5,0.078125
thread,aggressive-incident,qlearning,555,55,argos_mdpv5_thread_primary_evaluate_aggressive-incident_qlearning_s555,increase_coverage,9,0.140625
thread,aggressive-incident,qlearning,555,55,argos_mdpv5_thread_primary_evaluate_aggressive-incident_qlearning_s555,decrease_coverage,7,0.109375
thread,aggressive-incident,qlearning,555,55,argos_mdpv5_thread_primary_evaluate_aggressive-incident_qlearning_s555,increase_sample,13,0.203125
thread,aggressive-incident,qlearning,555,55,argos_mdpv5_thread_primary_evaluate_aggressive-incident_qlearning_s555,decrease_sample,14,0.21875
thread,aggressive-incident,qlearning,555,55,argos_mdpv5_thread_primary_evaluate_aggressive-incident_qlearning_s555,decrease_freshness,8,0.125
thread,aggressive-incident,qlearning,555,55,argos_mdpv5_thread_primary_evaluate_aggressive-incident_qlearning_s555,increase_freshness,8,0.125
thread,aggressive-incident,dqn,111,11,argos_mdpv5_thread_primary_evaluate_aggressive-incident_dqn_s111,hold,1,0.015625
thread,aggressive-incident,dqn,111,11,argos_mdpv5_thread_primary_evaluate_aggressive-incident_dqn_s111,increase_coverage,27,0.421875
thread,aggressive-incident,dqn,111,11,argos_mdpv5_thread_primary_evaluate_aggressive-incident_dqn_s111,decrease_coverage,25,0.390625
thread,aggressive-incident,dqn,111,11,argos_mdpv5_thread_primary_evaluate_aggressive-incident_dqn_s111,increase_sample,4,0.0625
thread,aggressive-incident,dqn,111,11,argos_mdpv5_thread_primary_evaluate_aggressive-incident_dqn_s111,decrease_sample,1,0.015625
thread,aggressive-incident,dqn,111,11,argos_mdpv5_thread_primary_evaluate_aggressive-incident_dqn_s111,decrease_freshness,2,0.03125
thread,aggressive-incident,dqn,111,11,argos_mdpv5_thread_primary_evaluate_aggressive-incident_dqn_s111,increase_freshness,4,0.0625
thread,aggressive-incident,dqn,222,22,argos_mdpv5_thread_primary_evaluate_aggressive-incident_dqn_s222,hold,16,0.25
thread,aggressive-incident,dqn,222,22,argos_mdpv5_thread_primary_evaluate_aggressive-incident_dqn_s222,increase_coverage,3,0.046875
thread,aggressive-incident,dqn,222,22,argos_mdpv5_thread_primary_evaluate_aggressive-incident_dqn_s222,decrease_coverage,0,0.0
thread,aggressive-incident,dqn,222,22,argos_mdpv5_thread_primary_evaluate_aggressive-incident_dqn_s222,increase_sample,3,0.046875
thread,aggressive-incident,dqn,222,22,argos_mdpv5_thread_primary_evaluate_aggressive-incident_dqn_s222,decrease_sample,0,0.0
thread,aggressive-incident,dqn,222,22,argos_mdpv5_thread_primary_evaluate_aggressive-incident_dqn_s222,decrease_freshness,21,0.328125
thread,aggressive-incident,dqn,222,22,argos_mdpv5_thread_primary_evaluate_aggressive-incident_dqn_s222,increase_freshness,21,0.328125
thread,aggressive-incident,dqn,333,33,argos_mdpv5_thread_primary_evaluate_aggressive-incident_dqn_s333,hold,56,0.875
thread,aggressive-incident,dqn,333,33,argos_mdpv5_thread_primary_evaluate_aggressive-incident_dqn_s333,increase_coverage,3,0.046875
thread,aggressive-incident,dqn,333,33,argos_mdpv5_thread_primary_evaluate_aggressive-incident_dqn_s333,decrease_coverage,0,0.0
thread,aggressive-incident,dqn,333,33,argos_mdpv5_thread_primary_evaluate_aggressive-incident_dqn_s333,increase_sample,3,0.046875
thread,aggressive-incident,dqn,333,33,argos_mdpv5_thread_primary_evaluate_aggressive-incident_dqn_s333,decrease_sample,0,0.0
thread,aggressive-incident,dqn,333,33,argos_mdpv5_thread_primary_evaluate_aggressive-incident_dqn_s333,decrease_freshness,0,0.0
thread,aggressive-incident,dqn,333,33,argos_mdpv5_thread_primary_evaluate_aggressive-incident_dqn_s333,increase_freshness,2,0.03125
thread,aggressive-incident,dqn,444,44,argos_mdpv5_thread_primary_evaluate_aggressive-incident_dqn_s444,hold,0,0.0
thread,aggressive-incident,dqn,444,44,argos_mdpv5_thread_primary_evaluate_aggressive-incident_dqn_s444,increase_coverage,33,0.515625
thread,aggressive-incident,dqn,444,44,argos_mdpv5_thread_primary_evaluate_aggressive-incident_dqn_s444,decrease_coverage,30,0.46875
thread,aggressive-incident,dqn,444,44,argos_mdpv5_thread_primary_evaluate_aggressive-incident_dqn_s444,increase_sample,1,0.015625
thread,aggressive-incident,dqn,444,44,argos_mdpv5_thread_primary_evaluate_aggressive-incident_dqn_s444,decrease_sample,0,0.0
thread,aggressive-incident,dqn,444,44,argos_mdpv5_thread_primary_evaluate_aggressive-incident_dqn_s444,decrease_freshness,0,0.0
thread,aggressive-incident,dqn,444,44,argos_mdpv5_thread_primary_evaluate_aggressive-incident_dqn_s444,increase_freshness,0,0.0
thread,aggressive-incident,dqn,555,55,argos_mdpv5_thread_primary_evaluate_aggressive-incident_dqn_s555,hold,20,0.3125
thread,aggressive-incident,dqn,555,55,argos_mdpv5_thread_primary_evaluate_aggressive-incident_dqn_s555,increase_coverage,3,0.046875
thread,aggressive-incident,dqn,555,55,argos_mdpv5_thread_primary_evaluate_aggressive-incident_dqn_s555,decrease_coverage,0,0.0
thread,aggressive-incident,dqn,555,55,argos_mdpv5_thread_primary_evaluate_aggressive-incident_dqn_s555,increase_sample,22,0.34375
thread,aggressive-incident,dqn,555,55,argos_mdpv5_thread_primary_evaluate_aggressive-incident_dqn_s555,decrease_sample,19,0.296875
thread,aggressive-incident,dqn,555,55,argos_mdpv5_thread_primary_evaluate_aggressive-incident_dqn_s555,decrease_freshness,0,0.0
thread,aggressive-incident,dqn,555,55,argos_mdpv5_thread_primary_evaluate_aggressive-incident_dqn_s555,increase_freshness,0,0.0
thread,aggressive-incident,ppo,111,11,argos_mdpv5_thread_primary_evaluate_aggressive-incident_ppo_s111,hold,0,0.0
thread,aggressive-incident,ppo,111,11,argos_mdpv5_thread_primary_evaluate_aggressive-incident_ppo_s111,increase_coverage,3,0.046875
thread,aggressive-incident,ppo,111,11,argos_mdpv5_thread_primary_evaluate_aggressive-incident_ppo_s111,decrease_coverage,0,0.0
thread,aggressive-incident,ppo,111,11,argos_mdpv5_thread_primary_evaluate_aggressive-incident_ppo_s111,increase_sample,3,0.046875
thread,aggressive-incident,ppo,111,11,argos_mdpv5_thread_primary_evaluate_aggressive-incident_ppo_s111,decrease_sample,0,0.0
thread,aggressive-incident,ppo,111,11,argos_mdpv5_thread_primary_evaluate_aggressive-incident_ppo_s111,decrease_freshness,28,0.4375
thread,aggressive-incident,ppo,111,11,argos_mdpv5_thread_primary_evaluate_aggressive-incident_ppo_s111,increase_freshness,30,0.46875
thread,aggressive-incident,ppo,222,22,argos_mdpv5_thread_primary_evaluate_aggressive-incident_ppo_s222,hold,56,0.875
thread,aggressive-incident,ppo,222,22,argos_mdpv5_thread_primary_evaluate_aggressive-incident_ppo_s222,increase_coverage,3,0.046875
thread,aggressive-incident,ppo,222,22,argos_mdpv5_thread_primary_evaluate_aggressive-incident_ppo_s222,decrease_coverage,0,0.0
thread,aggressive-incident,ppo,222,22,argos_mdpv5_thread_primary_evaluate_aggressive-incident_ppo_s222,increase_sample,3,0.046875
thread,aggressive-incident,ppo,222,22,argos_mdpv5_thread_primary_evaluate_aggressive-incident_ppo_s222,decrease_sample,0,0.0
thread,aggressive-incident,ppo,222,22,argos_mdpv5_thread_primary_evaluate_aggressive-incident_ppo_s222,decrease_freshness,2,0.03125
thread,aggressive-incident,ppo,222,22,argos_mdpv5_thread_primary_evaluate_aggressive-incident_ppo_s222,increase_freshness,0,0.0
thread,aggressive-incident,ppo,333,33,argos_mdpv5_thread_primary_evaluate_aggressive-incident_ppo_s333,hold,59,0.921875
thread,aggressive-incident,ppo,333,33,argos_mdpv5_thread_primary_evaluate_aggressive-incident_ppo_s333,increase_coverage,3,0.046875
thread,aggressive-incident,ppo,333,33,argos_mdpv5_thread_primary_evaluate_aggressive-incident_ppo_s333,decrease_coverage,0,0.0
thread,aggressive-incident,ppo,333,33,argos_mdpv5_thread_primary_evaluate_aggressive-incident_ppo_s333,increase_sample,0,0.0
thread,aggressive-incident,ppo,333,33,argos_mdpv5_thread_primary_evaluate_aggressive-incident_ppo_s333,decrease_sample,0,0.0
thread,aggressive-incident,ppo,333,33,argos_mdpv5_thread_primary_evaluate_aggressive-incident_ppo_s333,decrease_freshness,0,0.0
thread,aggressive-incident,ppo,333,33,argos_mdpv5_thread_primary_evaluate_aggressive-incident_ppo_s333,increase_freshness,2,0.03125
thread,aggressive-incident,ppo,444,44,argos_mdpv5_thread_primary_evaluate_aggressive-incident_ppo_s444,hold,0,0.0
thread,aggressive-incident,ppo,444,44,argos_mdpv5_thread_primary_evaluate_aggressive-incident_ppo_s444,increase_coverage,3,0.046875
thread,aggressive-incident,ppo,444,44,argos_mdpv5_thread_primary_evaluate_aggressive-incident_ppo_s444,decrease_coverage,0,0.0
thread,aggressive-incident,ppo,444,44,argos_mdpv5_thread_primary_evaluate_aggressive-incident_ppo_s444,increase_sample,3,0.046875
thread,aggressive-incident,ppo,444,44,argos_mdpv5_thread_primary_evaluate_aggressive-incident_ppo_s444,decrease_sample,0,0.0
thread,aggressive-incident,ppo,444,44,argos_mdpv5_thread_primary_evaluate_aggressive-incident_ppo_s444,decrease_freshness,30,0.46875
thread,aggressive-incident,ppo,444,44,argos_mdpv5_thread_primary_evaluate_aggressive-incident_ppo_s444,increase_freshness,28,0.4375
thread,aggressive-incident,ppo,555,55,argos_mdpv5_thread_primary_evaluate_aggressive-incident_ppo_s555,hold,56,0.875
thread,aggressive-incident,ppo,555,55,argos_mdpv5_thread_primary_evaluate_aggressive-incident_ppo_s555,increase_coverage,3,0.046875
thread,aggressive-incident,ppo,555,55,argos_mdpv5_thread_primary_evaluate_aggressive-incident_ppo_s555,decrease_coverage,0,0.0
thread,aggressive-incident,ppo,555,55,argos_mdpv5_thread_primary_evaluate_aggressive-incident_ppo_s555,increase_sample,3,0.046875
thread,aggressive-incident,ppo,555,55,argos_mdpv5_thread_primary_evaluate_aggressive-incident_ppo_s555,decrease_sample,0,0.0
thread,aggressive-incident,ppo,555,55,argos_mdpv5_thread_primary_evaluate_aggressive-incident_ppo_s555,decrease_freshness,0,0.0
thread,aggressive-incident,ppo,555,55,argos_mdpv5_thread_primary_evaluate_aggressive-incident_ppo_s555,increase_freshness,2,0.03125
process,lax-background,static,111,11,argos_mdpv5_process_generalization_evaluate_lax-background_static_s111,hold,64,1.0
process,lax-background,static,111,11,argos_mdpv5_process_generalization_evaluate_lax-background_static_s111,increase_coverage,0,0.0
process,lax-background,static,111,11,argos_mdpv5_process_generalization_evaluate_lax-background_static_s111,decrease_coverage,0,0.0
process,lax-background,static,111,11,argos_mdpv5_process_generalization_evaluate_lax-background_static_s111,increase_sample,0,0.0
process,lax-background,static,111,11,argos_mdpv5_process_generalization_evaluate_lax-background_static_s111,decrease_sample,0,0.0
process,lax-background,static,111,11,argos_mdpv5_process_generalization_evaluate_lax-background_static_s111,decrease_freshness,0,0.0
process,lax-background,static,111,11,argos_mdpv5_process_generalization_evaluate_lax-background_static_s111,increase_freshness,0,0.0
process,lax-background,static,222,22,argos_mdpv5_process_generalization_evaluate_lax-background_static_s222,hold,64,1.0
process,lax-background,static,222,22,argos_mdpv5_process_generalization_evaluate_lax-background_static_s222,increase_coverage,0,0.0
process,lax-background,static,222,22,argos_mdpv5_process_generalization_evaluate_lax-background_static_s222,decrease_coverage,0,0.0
process,lax-background,static,222,22,argos_mdpv5_process_generalization_evaluate_lax-background_static_s222,increase_sample,0,0.0
process,lax-background,static,222,22,argos_mdpv5_process_generalization_evaluate_lax-background_static_s222,decrease_sample,0,0.0
process,lax-background,static,222,22,argos_mdpv5_process_generalization_evaluate_lax-background_static_s222,decrease_freshness,0,0.0
process,lax-background,static,222,22,argos_mdpv5_process_generalization_evaluate_lax-background_static_s222,increase_freshness,0,0.0
process,lax-background,static,333,33,argos_mdpv5_process_generalization_evaluate_lax-background_static_s333,hold,64,1.0
process,lax-background,static,333,33,argos_mdpv5_process_generalization_evaluate_lax-background_static_s333,increase_coverage,0,0.0
process,lax-background,static,333,33,argos_mdpv5_process_generalization_evaluate_lax-background_static_s333,decrease_coverage,0,0.0
process,lax-background,static,333,33,argos_mdpv5_process_generalization_evaluate_lax-background_static_s333,increase_sample,0,0.0
process,lax-background,static,333,33,argos_mdpv5_process_generalization_evaluate_lax-background_static_s333,decrease_sample,0,0.0
process,lax-background,static,333,33,argos_mdpv5_process_generalization_evaluate_lax-background_static_s333,decrease_freshness,0,0.0
process,lax-background,static,333,33,argos_mdpv5_process_generalization_evaluate_lax-background_static_s333,increase_freshness,0,0.0
process,lax-background,static,444,44,argos_mdpv5_process_generalization_evaluate_lax-background_static_s444,hold,64,1.0
process,lax-background,static,444,44,argos_mdpv5_process_generalization_evaluate_lax-background_static_s444,increase_coverage,0,0.0
process,lax-background,static,444,44,argos_mdpv5_process_generalization_evaluate_lax-background_static_s444,decrease_coverage,0,0.0
process,lax-background,static,444,44,argos_mdpv5_process_generalization_evaluate_lax-background_static_s444,increase_sample,0,0.0
process,lax-background,static,444,44,argos_mdpv5_process_generalization_evaluate_lax-background_static_s444,decrease_sample,0,0.0
process,lax-background,static,444,44,argos_mdpv5_process_generalization_evaluate_lax-background_static_s444,decrease_freshness,0,0.0
process,lax-background,static,444,44,argos_mdpv5_process_generalization_evaluate_lax-background_static_s444,increase_freshness,0,0.0
process,lax-background,static,555,55,argos_mdpv5_process_generalization_evaluate_lax-background_static_s555,hold,64,1.0
process,lax-background,static,555,55,argos_mdpv5_process_generalization_evaluate_lax-background_static_s555,increase_coverage,0,0.0
process,lax-background,static,555,55,argos_mdpv5_process_generalization_evaluate_lax-background_static_s555,decrease_coverage,0,0.0
process,lax-background,static,555,55,argos_mdpv5_process_generalization_evaluate_lax-background_static_s555,increase_sample,0,0.0
process,lax-background,static,555,55,argos_mdpv5_process_generalization_evaluate_lax-background_static_s555,decrease_sample,0,0.0
process,lax-background,static,555,55,argos_mdpv5_process_generalization_evaluate_lax-background_static_s555,decrease_freshness,0,0.0
process,lax-background,static,555,55,argos_mdpv5_process_generalization_evaluate_lax-background_static_s555,increase_freshness,0,0.0
process,lax-background,threshold,111,11,argos_mdpv5_process_generalization_evaluate_lax-background_threshold_s111,hold,36,0.5625
process,lax-background,threshold,111,11,argos_mdpv5_process_generalization_evaluate_lax-background_threshold_s111,increase_coverage,5,0.078125
process,lax-background,threshold,111,11,argos_mdpv5_process_generalization_evaluate_lax-background_threshold_s111,decrease_coverage,7,0.109375
process,lax-background,threshold,111,11,argos_mdpv5_process_generalization_evaluate_lax-background_threshold_s111,increase_sample,2,0.03125
process,lax-background,threshold,111,11,argos_mdpv5_process_generalization_evaluate_lax-background_threshold_s111,decrease_sample,5,0.078125
process,lax-background,threshold,111,11,argos_mdpv5_process_generalization_evaluate_lax-background_threshold_s111,decrease_freshness,7,0.109375
process,lax-background,threshold,111,11,argos_mdpv5_process_generalization_evaluate_lax-background_threshold_s111,increase_freshness,2,0.03125
process,lax-background,threshold,222,22,argos_mdpv5_process_generalization_evaluate_lax-background_threshold_s222,hold,36,0.5625
process,lax-background,threshold,222,22,argos_mdpv5_process_generalization_evaluate_lax-background_threshold_s222,increase_coverage,5,0.078125
process,lax-background,threshold,222,22,argos_mdpv5_process_generalization_evaluate_lax-background_threshold_s222,decrease_coverage,7,0.109375
process,lax-background,threshold,222,22,argos_mdpv5_process_generalization_evaluate_lax-background_threshold_s222,increase_sample,2,0.03125
process,lax-background,threshold,222,22,argos_mdpv5_process_generalization_evaluate_lax-background_threshold_s222,decrease_sample,5,0.078125
process,lax-background,threshold,222,22,argos_mdpv5_process_generalization_evaluate_lax-background_threshold_s222,decrease_freshness,7,0.109375
process,lax-background,threshold,222,22,argos_mdpv5_process_generalization_evaluate_lax-background_threshold_s222,increase_freshness,2,0.03125
process,lax-background,threshold,333,33,argos_mdpv5_process_generalization_evaluate_lax-background_threshold_s333,hold,36,0.5625
process,lax-background,threshold,333,33,argos_mdpv5_process_generalization_evaluate_lax-background_threshold_s333,increase_coverage,5,0.078125
process,lax-background,threshold,333,33,argos_mdpv5_process_generalization_evaluate_lax-background_threshold_s333,decrease_coverage,7,0.109375
process,lax-background,threshold,333,33,argos_mdpv5_process_generalization_evaluate_lax-background_threshold_s333,increase_sample,2,0.03125
process,lax-background,threshold,333,33,argos_mdpv5_process_generalization_evaluate_lax-background_threshold_s333,decrease_sample,5,0.078125
process,lax-background,threshold,333,33,argos_mdpv5_process_generalization_evaluate_lax-background_threshold_s333,decrease_freshness,7,0.109375
process,lax-background,threshold,333,33,argos_mdpv5_process_generalization_evaluate_lax-background_threshold_s333,increase_freshness,2,0.03125
process,lax-background,threshold,444,44,argos_mdpv5_process_generalization_evaluate_lax-background_threshold_s444,hold,36,0.5625
process,lax-background,threshold,444,44,argos_mdpv5_process_generalization_evaluate_lax-background_threshold_s444,increase_coverage,5,0.078125
process,lax-background,threshold,444,44,argos_mdpv5_process_generalization_evaluate_lax-background_threshold_s444,decrease_coverage,7,0.109375
process,lax-background,threshold,444,44,argos_mdpv5_process_generalization_evaluate_lax-background_threshold_s444,increase_sample,2,0.03125
process,lax-background,threshold,444,44,argos_mdpv5_process_generalization_evaluate_lax-background_threshold_s444,decrease_sample,5,0.078125
process,lax-background,threshold,444,44,argos_mdpv5_process_generalization_evaluate_lax-background_threshold_s444,decrease_freshness,7,0.109375
process,lax-background,threshold,444,44,argos_mdpv5_process_generalization_evaluate_lax-background_threshold_s444,increase_freshness,2,0.03125
process,lax-background,threshold,555,55,argos_mdpv5_process_generalization_evaluate_lax-background_threshold_s555,hold,36,0.5625
process,lax-background,threshold,555,55,argos_mdpv5_process_generalization_evaluate_lax-background_threshold_s555,increase_coverage,5,0.078125
process,lax-background,threshold,555,55,argos_mdpv5_process_generalization_evaluate_lax-background_threshold_s555,decrease_coverage,7,0.109375
process,lax-background,threshold,555,55,argos_mdpv5_process_generalization_evaluate_lax-background_threshold_s555,increase_sample,2,0.03125
process,lax-background,threshold,555,55,argos_mdpv5_process_generalization_evaluate_lax-background_threshold_s555,decrease_sample,5,0.078125
process,lax-background,threshold,555,55,argos_mdpv5_process_generalization_evaluate_lax-background_threshold_s555,decrease_freshness,7,0.109375
process,lax-background,threshold,555,55,argos_mdpv5_process_generalization_evaluate_lax-background_threshold_s555,increase_freshness,2,0.03125
process,lax-background,best_fixed,111,11,argos_mdpv5_process_generalization_evaluate_lax-background_best_fixed_s111,hold,64,1.0
process,lax-background,best_fixed,111,11,argos_mdpv5_process_generalization_evaluate_lax-background_best_fixed_s111,increase_coverage,0,0.0
process,lax-background,best_fixed,111,11,argos_mdpv5_process_generalization_evaluate_lax-background_best_fixed_s111,decrease_coverage,0,0.0
process,lax-background,best_fixed,111,11,argos_mdpv5_process_generalization_evaluate_lax-background_best_fixed_s111,increase_sample,0,0.0
process,lax-background,best_fixed,111,11,argos_mdpv5_process_generalization_evaluate_lax-background_best_fixed_s111,decrease_sample,0,0.0
process,lax-background,best_fixed,111,11,argos_mdpv5_process_generalization_evaluate_lax-background_best_fixed_s111,decrease_freshness,0,0.0
process,lax-background,best_fixed,111,11,argos_mdpv5_process_generalization_evaluate_lax-background_best_fixed_s111,increase_freshness,0,0.0
process,lax-background,best_fixed,222,22,argos_mdpv5_process_generalization_evaluate_lax-background_best_fixed_s222,hold,64,1.0
process,lax-background,best_fixed,222,22,argos_mdpv5_process_generalization_evaluate_lax-background_best_fixed_s222,increase_coverage,0,0.0
process,lax-background,best_fixed,222,22,argos_mdpv5_process_generalization_evaluate_lax-background_best_fixed_s222,decrease_coverage,0,0.0
process,lax-background,best_fixed,222,22,argos_mdpv5_process_generalization_evaluate_lax-background_best_fixed_s222,increase_sample,0,0.0
process,lax-background,best_fixed,222,22,argos_mdpv5_process_generalization_evaluate_lax-background_best_fixed_s222,decrease_sample,0,0.0
process,lax-background,best_fixed,222,22,argos_mdpv5_process_generalization_evaluate_lax-background_best_fixed_s222,decrease_freshness,0,0.0
process,lax-background,best_fixed,222,22,argos_mdpv5_process_generalization_evaluate_lax-background_best_fixed_s222,increase_freshness,0,0.0
process,lax-background,best_fixed,333,33,argos_mdpv5_process_generalization_evaluate_lax-background_best_fixed_s333,hold,64,1.0
process,lax-background,best_fixed,333,33,argos_mdpv5_process_generalization_evaluate_lax-background_best_fixed_s333,increase_coverage,0,0.0
process,lax-background,best_fixed,333,33,argos_mdpv5_process_generalization_evaluate_lax-background_best_fixed_s333,decrease_coverage,0,0.0
process,lax-background,best_fixed,333,33,argos_mdpv5_process_generalization_evaluate_lax-background_best_fixed_s333,increase_sample,0,0.0
process,lax-background,best_fixed,333,33,argos_mdpv5_process_generalization_evaluate_lax-background_best_fixed_s333,decrease_sample,0,0.0
process,lax-background,best_fixed,333,33,argos_mdpv5_process_generalization_evaluate_lax-background_best_fixed_s333,decrease_freshness,0,0.0
process,lax-background,best_fixed,333,33,argos_mdpv5_process_generalization_evaluate_lax-background_best_fixed_s333,increase_freshness,0,0.0
process,lax-background,best_fixed,444,44,argos_mdpv5_process_generalization_evaluate_lax-background_best_fixed_s444,hold,64,1.0
process,lax-background,best_fixed,444,44,argos_mdpv5_process_generalization_evaluate_lax-background_best_fixed_s444,increase_coverage,0,0.0
process,lax-background,best_fixed,444,44,argos_mdpv5_process_generalization_evaluate_lax-background_best_fixed_s444,decrease_coverage,0,0.0
process,lax-background,best_fixed,444,44,argos_mdpv5_process_generalization_evaluate_lax-background_best_fixed_s444,increase_sample,0,0.0
process,lax-background,best_fixed,444,44,argos_mdpv5_process_generalization_evaluate_lax-background_best_fixed_s444,decrease_sample,0,0.0
process,lax-background,best_fixed,444,44,argos_mdpv5_process_generalization_evaluate_lax-background_best_fixed_s444,decrease_freshness,0,0.0
process,lax-background,best_fixed,444,44,argos_mdpv5_process_generalization_evaluate_lax-background_best_fixed_s444,increase_freshness,0,0.0
process,lax-background,best_fixed,555,55,argos_mdpv5_process_generalization_evaluate_lax-background_best_fixed_s555,hold,64,1.0
process,lax-background,best_fixed,555,55,argos_mdpv5_process_generalization_evaluate_lax-background_best_fixed_s555,increase_coverage,0,0.0
process,lax-background,best_fixed,555,55,argos_mdpv5_process_generalization_evaluate_lax-background_best_fixed_s555,decrease_coverage,0,0.0
process,lax-background,best_fixed,555,55,argos_mdpv5_process_generalization_evaluate_lax-background_best_fixed_s555,increase_sample,0,0.0
process,lax-background,best_fixed,555,55,argos_mdpv5_process_generalization_evaluate_lax-background_best_fixed_s555,decrease_sample,0,0.0
process,lax-background,best_fixed,555,55,argos_mdpv5_process_generalization_evaluate_lax-background_best_fixed_s555,decrease_freshness,0,0.0
process,lax-background,best_fixed,555,55,argos_mdpv5_process_generalization_evaluate_lax-background_best_fixed_s555,increase_freshness,0,0.0
process,lax-background,qlearning,111,11,argos_mdpv5_process_generalization_evaluate_lax-background_qlearning_s111,hold,9,0.140625
process,lax-background,qlearning,111,11,argos_mdpv5_process_generalization_evaluate_lax-background_qlearning_s111,increase_coverage,5,0.078125
process,lax-background,qlearning,111,11,argos_mdpv5_process_generalization_evaluate_lax-background_qlearning_s111,decrease_coverage,6,0.09375
process,lax-background,qlearning,111,11,argos_mdpv5_process_generalization_evaluate_lax-background_qlearning_s111,increase_sample,9,0.140625
process,lax-background,qlearning,111,11,argos_mdpv5_process_generalization_evaluate_lax-background_qlearning_s111,decrease_sample,11,0.171875
process,lax-background,qlearning,111,11,argos_mdpv5_process_generalization_evaluate_lax-background_qlearning_s111,decrease_freshness,10,0.15625
process,lax-background,qlearning,111,11,argos_mdpv5_process_generalization_evaluate_lax-background_qlearning_s111,increase_freshness,14,0.21875
process,lax-background,qlearning,222,22,argos_mdpv5_process_generalization_evaluate_lax-background_qlearning_s222,hold,13,0.203125
process,lax-background,qlearning,222,22,argos_mdpv5_process_generalization_evaluate_lax-background_qlearning_s222,increase_coverage,8,0.125
process,lax-background,qlearning,222,22,argos_mdpv5_process_generalization_evaluate_lax-background_qlearning_s222,decrease_coverage,10,0.15625
process,lax-background,qlearning,222,22,argos_mdpv5_process_generalization_evaluate_lax-background_qlearning_s222,increase_sample,8,0.125
process,lax-background,qlearning,222,22,argos_mdpv5_process_generalization_evaluate_lax-background_qlearning_s222,decrease_sample,7,0.109375
process,lax-background,qlearning,222,22,argos_mdpv5_process_generalization_evaluate_lax-background_qlearning_s222,decrease_freshness,10,0.15625
process,lax-background,qlearning,222,22,argos_mdpv5_process_generalization_evaluate_lax-background_qlearning_s222,increase_freshness,8,0.125
process,lax-background,qlearning,333,33,argos_mdpv5_process_generalization_evaluate_lax-background_qlearning_s333,hold,19,0.296875
process,lax-background,qlearning,333,33,argos_mdpv5_process_generalization_evaluate_lax-background_qlearning_s333,increase_coverage,7,0.109375
process,lax-background,qlearning,333,33,argos_mdpv5_process_generalization_evaluate_lax-background_qlearning_s333,decrease_coverage,5,0.078125
process,lax-background,qlearning,333,33,argos_mdpv5_process_generalization_evaluate_lax-background_qlearning_s333,increase_sample,10,0.15625
process,lax-background,qlearning,333,33,argos_mdpv5_process_generalization_evaluate_lax-background_qlearning_s333,decrease_sample,7,0.109375
process,lax-background,qlearning,333,33,argos_mdpv5_process_generalization_evaluate_lax-background_qlearning_s333,decrease_freshness,8,0.125
process,lax-background,qlearning,333,33,argos_mdpv5_process_generalization_evaluate_lax-background_qlearning_s333,increase_freshness,8,0.125
process,lax-background,qlearning,444,44,argos_mdpv5_process_generalization_evaluate_lax-background_qlearning_s444,hold,15,0.234375
process,lax-background,qlearning,444,44,argos_mdpv5_process_generalization_evaluate_lax-background_qlearning_s444,increase_coverage,4,0.0625
process,lax-background,qlearning,444,44,argos_mdpv5_process_generalization_evaluate_lax-background_qlearning_s444,decrease_coverage,4,0.0625
process,lax-background,qlearning,444,44,argos_mdpv5_process_generalization_evaluate_lax-background_qlearning_s444,increase_sample,5,0.078125
process,lax-background,qlearning,444,44,argos_mdpv5_process_generalization_evaluate_lax-background_qlearning_s444,decrease_sample,4,0.0625
process,lax-background,qlearning,444,44,argos_mdpv5_process_generalization_evaluate_lax-background_qlearning_s444,decrease_freshness,14,0.21875
process,lax-background,qlearning,444,44,argos_mdpv5_process_generalization_evaluate_lax-background_qlearning_s444,increase_freshness,18,0.28125
process,lax-background,qlearning,555,55,argos_mdpv5_process_generalization_evaluate_lax-background_qlearning_s555,hold,6,0.09375
process,lax-background,qlearning,555,55,argos_mdpv5_process_generalization_evaluate_lax-background_qlearning_s555,increase_coverage,8,0.125
process,lax-background,qlearning,555,55,argos_mdpv5_process_generalization_evaluate_lax-background_qlearning_s555,decrease_coverage,7,0.109375
process,lax-background,qlearning,555,55,argos_mdpv5_process_generalization_evaluate_lax-background_qlearning_s555,increase_sample,11,0.171875
process,lax-background,qlearning,555,55,argos_mdpv5_process_generalization_evaluate_lax-background_qlearning_s555,decrease_sample,13,0.203125
process,lax-background,qlearning,555,55,argos_mdpv5_process_generalization_evaluate_lax-background_qlearning_s555,decrease_freshness,9,0.140625
process,lax-background,qlearning,555,55,argos_mdpv5_process_generalization_evaluate_lax-background_qlearning_s555,increase_freshness,10,0.15625
process,lax-background,dqn,111,11,argos_mdpv5_process_generalization_evaluate_lax-background_dqn_s111,hold,17,0.265625
process,lax-background,dqn,111,11,argos_mdpv5_process_generalization_evaluate_lax-background_dqn_s111,increase_coverage,0,0.0
process,lax-background,dqn,111,11,argos_mdpv5_process_generalization_evaluate_lax-background_dqn_s111,decrease_coverage,2,0.03125
process,lax-background,dqn,111,11,argos_mdpv5_process_generalization_evaluate_lax-background_dqn_s111,increase_sample,3,0.046875
process,lax-background,dqn,111,11,argos_mdpv5_process_generalization_evaluate_lax-background_dqn_s111,decrease_sample,0,0.0
process,lax-background,dqn,111,11,argos_mdpv5_process_generalization_evaluate_lax-background_dqn_s111,decrease_freshness,19,0.296875
process,lax-background,dqn,111,11,argos_mdpv5_process_generalization_evaluate_lax-background_dqn_s111,increase_freshness,23,0.359375
process,lax-background,dqn,222,22,argos_mdpv5_process_generalization_evaluate_lax-background_dqn_s222,hold,0,0.0
process,lax-background,dqn,222,22,argos_mdpv5_process_generalization_evaluate_lax-background_dqn_s222,increase_coverage,30,0.46875
process,lax-background,dqn,222,22,argos_mdpv5_process_generalization_evaluate_lax-background_dqn_s222,decrease_coverage,28,0.4375
process,lax-background,dqn,222,22,argos_mdpv5_process_generalization_evaluate_lax-background_dqn_s222,increase_sample,3,0.046875
process,lax-background,dqn,222,22,argos_mdpv5_process_generalization_evaluate_lax-background_dqn_s222,decrease_sample,0,0.0
process,lax-background,dqn,222,22,argos_mdpv5_process_generalization_evaluate_lax-background_dqn_s222,decrease_freshness,0,0.0
process,lax-background,dqn,222,22,argos_mdpv5_process_generalization_evaluate_lax-background_dqn_s222,increase_freshness,3,0.046875
process,lax-background,dqn,333,33,argos_mdpv5_process_generalization_evaluate_lax-background_dqn_s333,hold,0,0.0
process,lax-background,dqn,333,33,argos_mdpv5_process_generalization_evaluate_lax-background_dqn_s333,increase_coverage,2,0.03125
process,lax-background,dqn,333,33,argos_mdpv5_process_generalization_evaluate_lax-background_dqn_s333,decrease_coverage,0,0.0
process,lax-background,dqn,333,33,argos_mdpv5_process_generalization_evaluate_lax-background_dqn_s333,increase_sample,3,0.046875
process,lax-background,dqn,333,33,argos_mdpv5_process_generalization_evaluate_lax-background_dqn_s333,decrease_sample,0,0.0
process,lax-background,dqn,333,33,argos_mdpv5_process_generalization_evaluate_lax-background_dqn_s333,decrease_freshness,27,0.421875
process,lax-background,dqn,333,33,argos_mdpv5_process_generalization_evaluate_lax-background_dqn_s333,increase_freshness,32,0.5
process,lax-background,dqn,444,44,argos_mdpv5_process_generalization_evaluate_lax-background_dqn_s444,hold,54,0.84375
process,lax-background,dqn,444,44,argos_mdpv5_process_generalization_evaluate_lax-background_dqn_s444,increase_coverage,2,0.03125
process,lax-background,dqn,444,44,argos_mdpv5_process_generalization_evaluate_lax-background_dqn_s444,decrease_coverage,0,0.0
process,lax-background,dqn,444,44,argos_mdpv5_process_generalization_evaluate_lax-background_dqn_s444,increase_sample,3,0.046875
process,lax-background,dqn,444,44,argos_mdpv5_process_generalization_evaluate_lax-background_dqn_s444,decrease_sample,0,0.0
process,lax-background,dqn,444,44,argos_mdpv5_process_generalization_evaluate_lax-background_dqn_s444,decrease_freshness,1,0.015625
process,lax-background,dqn,444,44,argos_mdpv5_process_generalization_evaluate_lax-background_dqn_s444,increase_freshness,4,0.0625
process,lax-background,dqn,555,55,argos_mdpv5_process_generalization_evaluate_lax-background_dqn_s555,hold,0,0.0
process,lax-background,dqn,555,55,argos_mdpv5_process_generalization_evaluate_lax-background_dqn_s555,increase_coverage,2,0.03125
process,lax-background,dqn,555,55,argos_mdpv5_process_generalization_evaluate_lax-background_dqn_s555,decrease_coverage,0,0.0
process,lax-background,dqn,555,55,argos_mdpv5_process_generalization_evaluate_lax-background_dqn_s555,increase_sample,3,0.046875
process,lax-background,dqn,555,55,argos_mdpv5_process_generalization_evaluate_lax-background_dqn_s555,decrease_sample,0,0.0
process,lax-background,dqn,555,55,argos_mdpv5_process_generalization_evaluate_lax-background_dqn_s555,decrease_freshness,28,0.4375
process,lax-background,dqn,555,55,argos_mdpv5_process_generalization_evaluate_lax-background_dqn_s555,increase_freshness,31,0.484375
process,lax-background,ppo,111,11,argos_mdpv5_process_generalization_evaluate_lax-background_ppo_s111,hold,54,0.84375
process,lax-background,ppo,111,11,argos_mdpv5_process_generalization_evaluate_lax-background_ppo_s111,increase_coverage,2,0.03125
process,lax-background,ppo,111,11,argos_mdpv5_process_generalization_evaluate_lax-background_ppo_s111,decrease_coverage,0,0.0
process,lax-background,ppo,111,11,argos_mdpv5_process_generalization_evaluate_lax-background_ppo_s111,increase_sample,3,0.046875
process,lax-background,ppo,111,11,argos_mdpv5_process_generalization_evaluate_lax-background_ppo_s111,decrease_sample,0,0.0
process,lax-background,ppo,111,11,argos_mdpv5_process_generalization_evaluate_lax-background_ppo_s111,decrease_freshness,0,0.0
process,lax-background,ppo,111,11,argos_mdpv5_process_generalization_evaluate_lax-background_ppo_s111,increase_freshness,5,0.078125
process,lax-background,ppo,222,22,argos_mdpv5_process_generalization_evaluate_lax-background_ppo_s222,hold,54,0.84375
process,lax-background,ppo,222,22,argos_mdpv5_process_generalization_evaluate_lax-background_ppo_s222,increase_coverage,2,0.03125
process,lax-background,ppo,222,22,argos_mdpv5_process_generalization_evaluate_lax-background_ppo_s222,decrease_coverage,0,0.0
process,lax-background,ppo,222,22,argos_mdpv5_process_generalization_evaluate_lax-background_ppo_s222,increase_sample,3,0.046875
process,lax-background,ppo,222,22,argos_mdpv5_process_generalization_evaluate_lax-background_ppo_s222,decrease_sample,0,0.0
process,lax-background,ppo,222,22,argos_mdpv5_process_generalization_evaluate_lax-background_ppo_s222,decrease_freshness,0,0.0
process,lax-background,ppo,222,22,argos_mdpv5_process_generalization_evaluate_lax-background_ppo_s222,increase_freshness,5,0.078125
process,lax-background,ppo,333,33,argos_mdpv5_process_generalization_evaluate_lax-background_ppo_s333,hold,54,0.84375
process,lax-background,ppo,333,33,argos_mdpv5_process_generalization_evaluate_lax-background_ppo_s333,increase_coverage,2,0.03125
process,lax-background,ppo,333,33,argos_mdpv5_process_generalization_evaluate_lax-background_ppo_s333,decrease_coverage,0,0.0
process,lax-background,ppo,333,33,argos_mdpv5_process_generalization_evaluate_lax-background_ppo_s333,increase_sample,3,0.046875
process,lax-background,ppo,333,33,argos_mdpv5_process_generalization_evaluate_lax-background_ppo_s333,decrease_sample,0,0.0
process,lax-background,ppo,333,33,argos_mdpv5_process_generalization_evaluate_lax-background_ppo_s333,decrease_freshness,0,0.0
process,lax-background,ppo,333,33,argos_mdpv5_process_generalization_evaluate_lax-background_ppo_s333,increase_freshness,5,0.078125
process,lax-background,ppo,444,44,argos_mdpv5_process_generalization_evaluate_lax-background_ppo_s444,hold,54,0.84375
process,lax-background,ppo,444,44,argos_mdpv5_process_generalization_evaluate_lax-background_ppo_s444,increase_coverage,2,0.03125
process,lax-background,ppo,444,44,argos_mdpv5_process_generalization_evaluate_lax-background_ppo_s444,decrease_coverage,0,0.0
process,lax-background,ppo,444,44,argos_mdpv5_process_generalization_evaluate_lax-background_ppo_s444,increase_sample,3,0.046875
process,lax-background,ppo,444,44,argos_mdpv5_process_generalization_evaluate_lax-background_ppo_s444,decrease_sample,0,0.0
process,lax-background,ppo,444,44,argos_mdpv5_process_generalization_evaluate_lax-background_ppo_s444,decrease_freshness,0,0.0
process,lax-background,ppo,444,44,argos_mdpv5_process_generalization_evaluate_lax-background_ppo_s444,increase_freshness,5,0.078125
process,lax-background,ppo,555,55,argos_mdpv5_process_generalization_evaluate_lax-background_ppo_s555,hold,64,1.0
process,lax-background,ppo,555,55,argos_mdpv5_process_generalization_evaluate_lax-background_ppo_s555,increase_coverage,0,0.0
process,lax-background,ppo,555,55,argos_mdpv5_process_generalization_evaluate_lax-background_ppo_s555,decrease_coverage,0,0.0
process,lax-background,ppo,555,55,argos_mdpv5_process_generalization_evaluate_lax-background_ppo_s555,increase_sample,0,0.0
process,lax-background,ppo,555,55,argos_mdpv5_process_generalization_evaluate_lax-background_ppo_s555,decrease_sample,0,0.0
process,lax-background,ppo,555,55,argos_mdpv5_process_generalization_evaluate_lax-background_ppo_s555,decrease_freshness,0,0.0
process,lax-background,ppo,555,55,argos_mdpv5_process_generalization_evaluate_lax-background_ppo_s555,increase_freshness,0,0.0
process,standard-operations,static,111,11,argos_mdpv5_process_generalization_evaluate_standard-operations_static_s111,hold,64,1.0
process,standard-operations,static,111,11,argos_mdpv5_process_generalization_evaluate_standard-operations_static_s111,increase_coverage,0,0.0
process,standard-operations,static,111,11,argos_mdpv5_process_generalization_evaluate_standard-operations_static_s111,decrease_coverage,0,0.0
process,standard-operations,static,111,11,argos_mdpv5_process_generalization_evaluate_standard-operations_static_s111,increase_sample,0,0.0
process,standard-operations,static,111,11,argos_mdpv5_process_generalization_evaluate_standard-operations_static_s111,decrease_sample,0,0.0
process,standard-operations,static,111,11,argos_mdpv5_process_generalization_evaluate_standard-operations_static_s111,decrease_freshness,0,0.0
process,standard-operations,static,111,11,argos_mdpv5_process_generalization_evaluate_standard-operations_static_s111,increase_freshness,0,0.0
process,standard-operations,static,222,22,argos_mdpv5_process_generalization_evaluate_standard-operations_static_s222,hold,64,1.0
process,standard-operations,static,222,22,argos_mdpv5_process_generalization_evaluate_standard-operations_static_s222,increase_coverage,0,0.0
process,standard-operations,static,222,22,argos_mdpv5_process_generalization_evaluate_standard-operations_static_s222,decrease_coverage,0,0.0
process,standard-operations,static,222,22,argos_mdpv5_process_generalization_evaluate_standard-operations_static_s222,increase_sample,0,0.0
process,standard-operations,static,222,22,argos_mdpv5_process_generalization_evaluate_standard-operations_static_s222,decrease_sample,0,0.0
process,standard-operations,static,222,22,argos_mdpv5_process_generalization_evaluate_standard-operations_static_s222,decrease_freshness,0,0.0
process,standard-operations,static,222,22,argos_mdpv5_process_generalization_evaluate_standard-operations_static_s222,increase_freshness,0,0.0
process,standard-operations,static,333,33,argos_mdpv5_process_generalization_evaluate_standard-operations_static_s333,hold,64,1.0
process,standard-operations,static,333,33,argos_mdpv5_process_generalization_evaluate_standard-operations_static_s333,increase_coverage,0,0.0
process,standard-operations,static,333,33,argos_mdpv5_process_generalization_evaluate_standard-operations_static_s333,decrease_coverage,0,0.0
process,standard-operations,static,333,33,argos_mdpv5_process_generalization_evaluate_standard-operations_static_s333,increase_sample,0,0.0
process,standard-operations,static,333,33,argos_mdpv5_process_generalization_evaluate_standard-operations_static_s333,decrease_sample,0,0.0
process,standard-operations,static,333,33,argos_mdpv5_process_generalization_evaluate_standard-operations_static_s333,decrease_freshness,0,0.0
process,standard-operations,static,333,33,argos_mdpv5_process_generalization_evaluate_standard-operations_static_s333,increase_freshness,0,0.0
process,standard-operations,static,444,44,argos_mdpv5_process_generalization_evaluate_standard-operations_static_s444,hold,64,1.0
process,standard-operations,static,444,44,argos_mdpv5_process_generalization_evaluate_standard-operations_static_s444,increase_coverage,0,0.0
process,standard-operations,static,444,44,argos_mdpv5_process_generalization_evaluate_standard-operations_static_s444,decrease_coverage,0,0.0
process,standard-operations,static,444,44,argos_mdpv5_process_generalization_evaluate_standard-operations_static_s444,increase_sample,0,0.0
process,standard-operations,static,444,44,argos_mdpv5_process_generalization_evaluate_standard-operations_static_s444,decrease_sample,0,0.0
process,standard-operations,static,444,44,argos_mdpv5_process_generalization_evaluate_standard-operations_static_s444,decrease_freshness,0,0.0
process,standard-operations,static,444,44,argos_mdpv5_process_generalization_evaluate_standard-operations_static_s444,increase_freshness,0,0.0
process,standard-operations,static,555,55,argos_mdpv5_process_generalization_evaluate_standard-operations_static_s555,hold,64,1.0
process,standard-operations,static,555,55,argos_mdpv5_process_generalization_evaluate_standard-operations_static_s555,increase_coverage,0,0.0
process,standard-operations,static,555,55,argos_mdpv5_process_generalization_evaluate_standard-operations_static_s555,decrease_coverage,0,0.0
process,standard-operations,static,555,55,argos_mdpv5_process_generalization_evaluate_standard-operations_static_s555,increase_sample,0,0.0
process,standard-operations,static,555,55,argos_mdpv5_process_generalization_evaluate_standard-operations_static_s555,decrease_sample,0,0.0
process,standard-operations,static,555,55,argos_mdpv5_process_generalization_evaluate_standard-operations_static_s555,decrease_freshness,0,0.0
process,standard-operations,static,555,55,argos_mdpv5_process_generalization_evaluate_standard-operations_static_s555,increase_freshness,0,0.0
process,standard-operations,threshold,111,11,argos_mdpv5_process_generalization_evaluate_standard-operations_threshold_s111,hold,14,0.21875
process,standard-operations,threshold,111,11,argos_mdpv5_process_generalization_evaluate_standard-operations_threshold_s111,increase_coverage,10,0.15625
process,standard-operations,threshold,111,11,argos_mdpv5_process_generalization_evaluate_standard-operations_threshold_s111,decrease_coverage,10,0.15625
process,standard-operations,threshold,111,11,argos_mdpv5_process_generalization_evaluate_standard-operations_threshold_s111,increase_sample,7,0.109375
process,standard-operations,threshold,111,11,argos_mdpv5_process_generalization_evaluate_standard-operations_threshold_s111,decrease_sample,8,0.125
process,standard-operations,threshold,111,11,argos_mdpv5_process_generalization_evaluate_standard-operations_threshold_s111,decrease_freshness,8,0.125
process,standard-operations,threshold,111,11,argos_mdpv5_process_generalization_evaluate_standard-operations_threshold_s111,increase_freshness,7,0.109375
process,standard-operations,threshold,222,22,argos_mdpv5_process_generalization_evaluate_standard-operations_threshold_s222,hold,14,0.21875
process,standard-operations,threshold,222,22,argos_mdpv5_process_generalization_evaluate_standard-operations_threshold_s222,increase_coverage,10,0.15625
process,standard-operations,threshold,222,22,argos_mdpv5_process_generalization_evaluate_standard-operations_threshold_s222,decrease_coverage,10,0.15625
process,standard-operations,threshold,222,22,argos_mdpv5_process_generalization_evaluate_standard-operations_threshold_s222,increase_sample,7,0.109375
process,standard-operations,threshold,222,22,argos_mdpv5_process_generalization_evaluate_standard-operations_threshold_s222,decrease_sample,8,0.125
process,standard-operations,threshold,222,22,argos_mdpv5_process_generalization_evaluate_standard-operations_threshold_s222,decrease_freshness,8,0.125
process,standard-operations,threshold,222,22,argos_mdpv5_process_generalization_evaluate_standard-operations_threshold_s222,increase_freshness,7,0.109375
process,standard-operations,threshold,333,33,argos_mdpv5_process_generalization_evaluate_standard-operations_threshold_s333,hold,14,0.21875
process,standard-operations,threshold,333,33,argos_mdpv5_process_generalization_evaluate_standard-operations_threshold_s333,increase_coverage,10,0.15625
process,standard-operations,threshold,333,33,argos_mdpv5_process_generalization_evaluate_standard-operations_threshold_s333,decrease_coverage,10,0.15625
process,standard-operations,threshold,333,33,argos_mdpv5_process_generalization_evaluate_standard-operations_threshold_s333,increase_sample,7,0.109375
process,standard-operations,threshold,333,33,argos_mdpv5_process_generalization_evaluate_standard-operations_threshold_s333,decrease_sample,8,0.125
process,standard-operations,threshold,333,33,argos_mdpv5_process_generalization_evaluate_standard-operations_threshold_s333,decrease_freshness,8,0.125
process,standard-operations,threshold,333,33,argos_mdpv5_process_generalization_evaluate_standard-operations_threshold_s333,increase_freshness,7,0.109375
process,standard-operations,threshold,444,44,argos_mdpv5_process_generalization_evaluate_standard-operations_threshold_s444,hold,14,0.21875
process,standard-operations,threshold,444,44,argos_mdpv5_process_generalization_evaluate_standard-operations_threshold_s444,increase_coverage,10,0.15625
process,standard-operations,threshold,444,44,argos_mdpv5_process_generalization_evaluate_standard-operations_threshold_s444,decrease_coverage,10,0.15625
process,standard-operations,threshold,444,44,argos_mdpv5_process_generalization_evaluate_standard-operations_threshold_s444,increase_sample,7,0.109375
process,standard-operations,threshold,444,44,argos_mdpv5_process_generalization_evaluate_standard-operations_threshold_s444,decrease_sample,8,0.125
process,standard-operations,threshold,444,44,argos_mdpv5_process_generalization_evaluate_standard-operations_threshold_s444,decrease_freshness,8,0.125
process,standard-operations,threshold,444,44,argos_mdpv5_process_generalization_evaluate_standard-operations_threshold_s444,increase_freshness,7,0.109375
process,standard-operations,threshold,555,55,argos_mdpv5_process_generalization_evaluate_standard-operations_threshold_s555,hold,14,0.21875
process,standard-operations,threshold,555,55,argos_mdpv5_process_generalization_evaluate_standard-operations_threshold_s555,increase_coverage,10,0.15625
process,standard-operations,threshold,555,55,argos_mdpv5_process_generalization_evaluate_standard-operations_threshold_s555,decrease_coverage,10,0.15625
process,standard-operations,threshold,555,55,argos_mdpv5_process_generalization_evaluate_standard-operations_threshold_s555,increase_sample,7,0.109375
process,standard-operations,threshold,555,55,argos_mdpv5_process_generalization_evaluate_standard-operations_threshold_s555,decrease_sample,8,0.125
process,standard-operations,threshold,555,55,argos_mdpv5_process_generalization_evaluate_standard-operations_threshold_s555,decrease_freshness,8,0.125
process,standard-operations,threshold,555,55,argos_mdpv5_process_generalization_evaluate_standard-operations_threshold_s555,increase_freshness,7,0.109375
process,standard-operations,best_fixed,111,11,argos_mdpv5_process_generalization_evaluate_standard-operations_best_fixed_s111,hold,64,1.0
process,standard-operations,best_fixed,111,11,argos_mdpv5_process_generalization_evaluate_standard-operations_best_fixed_s111,increase_coverage,0,0.0
process,standard-operations,best_fixed,111,11,argos_mdpv5_process_generalization_evaluate_standard-operations_best_fixed_s111,decrease_coverage,0,0.0
process,standard-operations,best_fixed,111,11,argos_mdpv5_process_generalization_evaluate_standard-operations_best_fixed_s111,increase_sample,0,0.0
process,standard-operations,best_fixed,111,11,argos_mdpv5_process_generalization_evaluate_standard-operations_best_fixed_s111,decrease_sample,0,0.0
process,standard-operations,best_fixed,111,11,argos_mdpv5_process_generalization_evaluate_standard-operations_best_fixed_s111,decrease_freshness,0,0.0
process,standard-operations,best_fixed,111,11,argos_mdpv5_process_generalization_evaluate_standard-operations_best_fixed_s111,increase_freshness,0,0.0
process,standard-operations,best_fixed,222,22,argos_mdpv5_process_generalization_evaluate_standard-operations_best_fixed_s222,hold,64,1.0
process,standard-operations,best_fixed,222,22,argos_mdpv5_process_generalization_evaluate_standard-operations_best_fixed_s222,increase_coverage,0,0.0
process,standard-operations,best_fixed,222,22,argos_mdpv5_process_generalization_evaluate_standard-operations_best_fixed_s222,decrease_coverage,0,0.0
process,standard-operations,best_fixed,222,22,argos_mdpv5_process_generalization_evaluate_standard-operations_best_fixed_s222,increase_sample,0,0.0
process,standard-operations,best_fixed,222,22,argos_mdpv5_process_generalization_evaluate_standard-operations_best_fixed_s222,decrease_sample,0,0.0
process,standard-operations,best_fixed,222,22,argos_mdpv5_process_generalization_evaluate_standard-operations_best_fixed_s222,decrease_freshness,0,0.0
process,standard-operations,best_fixed,222,22,argos_mdpv5_process_generalization_evaluate_standard-operations_best_fixed_s222,increase_freshness,0,0.0
process,standard-operations,best_fixed,333,33,argos_mdpv5_process_generalization_evaluate_standard-operations_best_fixed_s333,hold,64,1.0
process,standard-operations,best_fixed,333,33,argos_mdpv5_process_generalization_evaluate_standard-operations_best_fixed_s333,increase_coverage,0,0.0
process,standard-operations,best_fixed,333,33,argos_mdpv5_process_generalization_evaluate_standard-operations_best_fixed_s333,decrease_coverage,0,0.0
process,standard-operations,best_fixed,333,33,argos_mdpv5_process_generalization_evaluate_standard-operations_best_fixed_s333,increase_sample,0,0.0
process,standard-operations,best_fixed,333,33,argos_mdpv5_process_generalization_evaluate_standard-operations_best_fixed_s333,decrease_sample,0,0.0
process,standard-operations,best_fixed,333,33,argos_mdpv5_process_generalization_evaluate_standard-operations_best_fixed_s333,decrease_freshness,0,0.0
process,standard-operations,best_fixed,333,33,argos_mdpv5_process_generalization_evaluate_standard-operations_best_fixed_s333,increase_freshness,0,0.0
process,standard-operations,best_fixed,444,44,argos_mdpv5_process_generalization_evaluate_standard-operations_best_fixed_s444,hold,64,1.0
process,standard-operations,best_fixed,444,44,argos_mdpv5_process_generalization_evaluate_standard-operations_best_fixed_s444,increase_coverage,0,0.0
process,standard-operations,best_fixed,444,44,argos_mdpv5_process_generalization_evaluate_standard-operations_best_fixed_s444,decrease_coverage,0,0.0
process,standard-operations,best_fixed,444,44,argos_mdpv5_process_generalization_evaluate_standard-operations_best_fixed_s444,increase_sample,0,0.0
process,standard-operations,best_fixed,444,44,argos_mdpv5_process_generalization_evaluate_standard-operations_best_fixed_s444,decrease_sample,0,0.0
process,standard-operations,best_fixed,444,44,argos_mdpv5_process_generalization_evaluate_standard-operations_best_fixed_s444,decrease_freshness,0,0.0
process,standard-operations,best_fixed,444,44,argos_mdpv5_process_generalization_evaluate_standard-operations_best_fixed_s444,increase_freshness,0,0.0
process,standard-operations,best_fixed,555,55,argos_mdpv5_process_generalization_evaluate_standard-operations_best_fixed_s555,hold,64,1.0
process,standard-operations,best_fixed,555,55,argos_mdpv5_process_generalization_evaluate_standard-operations_best_fixed_s555,increase_coverage,0,0.0
process,standard-operations,best_fixed,555,55,argos_mdpv5_process_generalization_evaluate_standard-operations_best_fixed_s555,decrease_coverage,0,0.0
process,standard-operations,best_fixed,555,55,argos_mdpv5_process_generalization_evaluate_standard-operations_best_fixed_s555,increase_sample,0,0.0
process,standard-operations,best_fixed,555,55,argos_mdpv5_process_generalization_evaluate_standard-operations_best_fixed_s555,decrease_sample,0,0.0
process,standard-operations,best_fixed,555,55,argos_mdpv5_process_generalization_evaluate_standard-operations_best_fixed_s555,decrease_freshness,0,0.0
process,standard-operations,best_fixed,555,55,argos_mdpv5_process_generalization_evaluate_standard-operations_best_fixed_s555,increase_freshness,0,0.0
process,standard-operations,qlearning,111,11,argos_mdpv5_process_generalization_evaluate_standard-operations_qlearning_s111,hold,13,0.203125
process,standard-operations,qlearning,111,11,argos_mdpv5_process_generalization_evaluate_standard-operations_qlearning_s111,increase_coverage,5,0.078125
process,standard-operations,qlearning,111,11,argos_mdpv5_process_generalization_evaluate_standard-operations_qlearning_s111,decrease_coverage,8,0.125
process,standard-operations,qlearning,111,11,argos_mdpv5_process_generalization_evaluate_standard-operations_qlearning_s111,increase_sample,8,0.125
process,standard-operations,qlearning,111,11,argos_mdpv5_process_generalization_evaluate_standard-operations_qlearning_s111,decrease_sample,10,0.15625
process,standard-operations,qlearning,111,11,argos_mdpv5_process_generalization_evaluate_standard-operations_qlearning_s111,decrease_freshness,10,0.15625
process,standard-operations,qlearning,111,11,argos_mdpv5_process_generalization_evaluate_standard-operations_qlearning_s111,increase_freshness,10,0.15625
process,standard-operations,qlearning,222,22,argos_mdpv5_process_generalization_evaluate_standard-operations_qlearning_s222,hold,12,0.1875
process,standard-operations,qlearning,222,22,argos_mdpv5_process_generalization_evaluate_standard-operations_qlearning_s222,increase_coverage,9,0.140625
process,standard-operations,qlearning,222,22,argos_mdpv5_process_generalization_evaluate_standard-operations_qlearning_s222,decrease_coverage,9,0.140625
process,standard-operations,qlearning,222,22,argos_mdpv5_process_generalization_evaluate_standard-operations_qlearning_s222,increase_sample,11,0.171875
process,standard-operations,qlearning,222,22,argos_mdpv5_process_generalization_evaluate_standard-operations_qlearning_s222,decrease_sample,12,0.1875
process,standard-operations,qlearning,222,22,argos_mdpv5_process_generalization_evaluate_standard-operations_qlearning_s222,decrease_freshness,5,0.078125
process,standard-operations,qlearning,222,22,argos_mdpv5_process_generalization_evaluate_standard-operations_qlearning_s222,increase_freshness,6,0.09375
process,standard-operations,qlearning,333,33,argos_mdpv5_process_generalization_evaluate_standard-operations_qlearning_s333,hold,8,0.125
process,standard-operations,qlearning,333,33,argos_mdpv5_process_generalization_evaluate_standard-operations_qlearning_s333,increase_coverage,7,0.109375
process,standard-operations,qlearning,333,33,argos_mdpv5_process_generalization_evaluate_standard-operations_qlearning_s333,decrease_coverage,10,0.15625
process,standard-operations,qlearning,333,33,argos_mdpv5_process_generalization_evaluate_standard-operations_qlearning_s333,increase_sample,10,0.15625
process,standard-operations,qlearning,333,33,argos_mdpv5_process_generalization_evaluate_standard-operations_qlearning_s333,decrease_sample,13,0.203125
process,standard-operations,qlearning,333,33,argos_mdpv5_process_generalization_evaluate_standard-operations_qlearning_s333,decrease_freshness,8,0.125
process,standard-operations,qlearning,333,33,argos_mdpv5_process_generalization_evaluate_standard-operations_qlearning_s333,increase_freshness,8,0.125
process,standard-operations,qlearning,444,44,argos_mdpv5_process_generalization_evaluate_standard-operations_qlearning_s444,hold,22,0.34375
process,standard-operations,qlearning,444,44,argos_mdpv5_process_generalization_evaluate_standard-operations_qlearning_s444,increase_coverage,5,0.078125
process,standard-operations,qlearning,444,44,argos_mdpv5_process_generalization_evaluate_standard-operations_qlearning_s444,decrease_coverage,5,0.078125
process,standard-operations,qlearning,444,44,argos_mdpv5_process_generalization_evaluate_standard-operations_qlearning_s444,increase_sample,8,0.125
process,standard-operations,qlearning,444,44,argos_mdpv5_process_generalization_evaluate_standard-operations_qlearning_s444,decrease_sample,8,0.125
process,standard-operations,qlearning,444,44,argos_mdpv5_process_generalization_evaluate_standard-operations_qlearning_s444,decrease_freshness,9,0.140625
process,standard-operations,qlearning,444,44,argos_mdpv5_process_generalization_evaluate_standard-operations_qlearning_s444,increase_freshness,7,0.109375
process,standard-operations,qlearning,555,55,argos_mdpv5_process_generalization_evaluate_standard-operations_qlearning_s555,hold,11,0.171875
process,standard-operations,qlearning,555,55,argos_mdpv5_process_generalization_evaluate_standard-operations_qlearning_s555,increase_coverage,8,0.125
process,standard-operations,qlearning,555,55,argos_mdpv5_process_generalization_evaluate_standard-operations_qlearning_s555,decrease_coverage,8,0.125
process,standard-operations,qlearning,555,55,argos_mdpv5_process_generalization_evaluate_standard-operations_qlearning_s555,increase_sample,9,0.140625
process,standard-operations,qlearning,555,55,argos_mdpv5_process_generalization_evaluate_standard-operations_qlearning_s555,decrease_sample,11,0.171875
process,standard-operations,qlearning,555,55,argos_mdpv5_process_generalization_evaluate_standard-operations_qlearning_s555,decrease_freshness,8,0.125
process,standard-operations,qlearning,555,55,argos_mdpv5_process_generalization_evaluate_standard-operations_qlearning_s555,increase_freshness,9,0.140625
process,standard-operations,dqn,111,11,argos_mdpv5_process_generalization_evaluate_standard-operations_dqn_s111,hold,0,0.0
process,standard-operations,dqn,111,11,argos_mdpv5_process_generalization_evaluate_standard-operations_dqn_s111,increase_coverage,3,0.046875
process,standard-operations,dqn,111,11,argos_mdpv5_process_generalization_evaluate_standard-operations_dqn_s111,decrease_coverage,0,0.0
process,standard-operations,dqn,111,11,argos_mdpv5_process_generalization_evaluate_standard-operations_dqn_s111,increase_sample,3,0.046875
process,standard-operations,dqn,111,11,argos_mdpv5_process_generalization_evaluate_standard-operations_dqn_s111,decrease_sample,0,0.0
process,standard-operations,dqn,111,11,argos_mdpv5_process_generalization_evaluate_standard-operations_dqn_s111,decrease_freshness,28,0.4375
process,standard-operations,dqn,111,11,argos_mdpv5_process_generalization_evaluate_standard-operations_dqn_s111,increase_freshness,30,0.46875
process,standard-operations,dqn,222,22,argos_mdpv5_process_generalization_evaluate_standard-operations_dqn_s222,hold,0,0.0
process,standard-operations,dqn,222,22,argos_mdpv5_process_generalization_evaluate_standard-operations_dqn_s222,increase_coverage,2,0.03125
process,standard-operations,dqn,222,22,argos_mdpv5_process_generalization_evaluate_standard-operations_dqn_s222,decrease_coverage,0,0.0
process,standard-operations,dqn,222,22,argos_mdpv5_process_generalization_evaluate_standard-operations_dqn_s222,increase_sample,1,0.015625
process,standard-operations,dqn,222,22,argos_mdpv5_process_generalization_evaluate_standard-operations_dqn_s222,decrease_sample,0,0.0
process,standard-operations,dqn,222,22,argos_mdpv5_process_generalization_evaluate_standard-operations_dqn_s222,decrease_freshness,30,0.46875
process,standard-operations,dqn,222,22,argos_mdpv5_process_generalization_evaluate_standard-operations_dqn_s222,increase_freshness,31,0.484375
process,standard-operations,dqn,333,33,argos_mdpv5_process_generalization_evaluate_standard-operations_dqn_s333,hold,4,0.0625
process,standard-operations,dqn,333,33,argos_mdpv5_process_generalization_evaluate_standard-operations_dqn_s333,increase_coverage,3,0.046875
process,standard-operations,dqn,333,33,argos_mdpv5_process_generalization_evaluate_standard-operations_dqn_s333,decrease_coverage,0,0.0
process,standard-operations,dqn,333,33,argos_mdpv5_process_generalization_evaluate_standard-operations_dqn_s333,increase_sample,21,0.328125
process,standard-operations,dqn,333,33,argos_mdpv5_process_generalization_evaluate_standard-operations_dqn_s333,decrease_sample,19,0.296875
process,standard-operations,dqn,333,33,argos_mdpv5_process_generalization_evaluate_standard-operations_dqn_s333,decrease_freshness,9,0.140625
process,standard-operations,dqn,333,33,argos_mdpv5_process_generalization_evaluate_standard-operations_dqn_s333,increase_freshness,8,0.125
process,standard-operations,dqn,444,44,argos_mdpv5_process_generalization_evaluate_standard-operations_dqn_s444,hold,18,0.28125
process,standard-operations,dqn,444,44,argos_mdpv5_process_generalization_evaluate_standard-operations_dqn_s444,increase_coverage,2,0.03125
process,standard-operations,dqn,444,44,argos_mdpv5_process_generalization_evaluate_standard-operations_dqn_s444,decrease_coverage,5,0.078125
process,standard-operations,dqn,444,44,argos_mdpv5_process_generalization_evaluate_standard-operations_dqn_s444,increase_sample,2,0.03125
process,standard-operations,dqn,444,44,argos_mdpv5_process_generalization_evaluate_standard-operations_dqn_s444,decrease_sample,0,0.0
process,standard-operations,dqn,444,44,argos_mdpv5_process_generalization_evaluate_standard-operations_dqn_s444,decrease_freshness,17,0.265625
process,standard-operations,dqn,444,44,argos_mdpv5_process_generalization_evaluate_standard-operations_dqn_s444,increase_freshness,20,0.3125
process,standard-operations,dqn,555,55,argos_mdpv5_process_generalization_evaluate_standard-operations_dqn_s555,hold,46,0.71875
process,standard-operations,dqn,555,55,argos_mdpv5_process_generalization_evaluate_standard-operations_dqn_s555,increase_coverage,7,0.109375
process,standard-operations,dqn,555,55,argos_mdpv5_process_generalization_evaluate_standard-operations_dqn_s555,decrease_coverage,6,0.09375
process,standard-operations,dqn,555,55,argos_mdpv5_process_generalization_evaluate_standard-operations_dqn_s555,increase_sample,2,0.03125
process,standard-operations,dqn,555,55,argos_mdpv5_process_generalization_evaluate_standard-operations_dqn_s555,decrease_sample,0,0.0
process,standard-operations,dqn,555,55,argos_mdpv5_process_generalization_evaluate_standard-operations_dqn_s555,decrease_freshness,0,0.0
process,standard-operations,dqn,555,55,argos_mdpv5_process_generalization_evaluate_standard-operations_dqn_s555,increase_freshness,3,0.046875
process,standard-operations,ppo,111,11,argos_mdpv5_process_generalization_evaluate_standard-operations_ppo_s111,hold,55,0.859375
process,standard-operations,ppo,111,11,argos_mdpv5_process_generalization_evaluate_standard-operations_ppo_s111,increase_coverage,3,0.046875
process,standard-operations,ppo,111,11,argos_mdpv5_process_generalization_evaluate_standard-operations_ppo_s111,decrease_coverage,0,0.0
process,standard-operations,ppo,111,11,argos_mdpv5_process_generalization_evaluate_standard-operations_ppo_s111,increase_sample,3,0.046875
process,standard-operations,ppo,111,11,argos_mdpv5_process_generalization_evaluate_standard-operations_ppo_s111,decrease_sample,0,0.0
process,standard-operations,ppo,111,11,argos_mdpv5_process_generalization_evaluate_standard-operations_ppo_s111,decrease_freshness,0,0.0
process,standard-operations,ppo,111,11,argos_mdpv5_process_generalization_evaluate_standard-operations_ppo_s111,increase_freshness,3,0.046875
process,standard-operations,ppo,222,22,argos_mdpv5_process_generalization_evaluate_standard-operations_ppo_s222,hold,55,0.859375
process,standard-operations,ppo,222,22,argos_mdpv5_process_generalization_evaluate_standard-operations_ppo_s222,increase_coverage,3,0.046875
process,standard-operations,ppo,222,22,argos_mdpv5_process_generalization_evaluate_standard-operations_ppo_s222,decrease_coverage,0,0.0
process,standard-operations,ppo,222,22,argos_mdpv5_process_generalization_evaluate_standard-operations_ppo_s222,increase_sample,3,0.046875
process,standard-operations,ppo,222,22,argos_mdpv5_process_generalization_evaluate_standard-operations_ppo_s222,decrease_sample,0,0.0
process,standard-operations,ppo,222,22,argos_mdpv5_process_generalization_evaluate_standard-operations_ppo_s222,decrease_freshness,0,0.0
process,standard-operations,ppo,222,22,argos_mdpv5_process_generalization_evaluate_standard-operations_ppo_s222,increase_freshness,3,0.046875
process,standard-operations,ppo,333,33,argos_mdpv5_process_generalization_evaluate_standard-operations_ppo_s333,hold,59,0.921875
process,standard-operations,ppo,333,33,argos_mdpv5_process_generalization_evaluate_standard-operations_ppo_s333,increase_coverage,2,0.03125
process,standard-operations,ppo,333,33,argos_mdpv5_process_generalization_evaluate_standard-operations_ppo_s333,decrease_coverage,0,0.0
process,standard-operations,ppo,333,33,argos_mdpv5_process_generalization_evaluate_standard-operations_ppo_s333,increase_sample,0,0.0
process,standard-operations,ppo,333,33,argos_mdpv5_process_generalization_evaluate_standard-operations_ppo_s333,decrease_sample,0,0.0
process,standard-operations,ppo,333,33,argos_mdpv5_process_generalization_evaluate_standard-operations_ppo_s333,decrease_freshness,0,0.0
process,standard-operations,ppo,333,33,argos_mdpv5_process_generalization_evaluate_standard-operations_ppo_s333,increase_freshness,3,0.046875
process,standard-operations,ppo,444,44,argos_mdpv5_process_generalization_evaluate_standard-operations_ppo_s444,hold,64,1.0
process,standard-operations,ppo,444,44,argos_mdpv5_process_generalization_evaluate_standard-operations_ppo_s444,increase_coverage,0,0.0
process,standard-operations,ppo,444,44,argos_mdpv5_process_generalization_evaluate_standard-operations_ppo_s444,decrease_coverage,0,0.0
process,standard-operations,ppo,444,44,argos_mdpv5_process_generalization_evaluate_standard-operations_ppo_s444,increase_sample,0,0.0
process,standard-operations,ppo,444,44,argos_mdpv5_process_generalization_evaluate_standard-operations_ppo_s444,decrease_sample,0,0.0
process,standard-operations,ppo,444,44,argos_mdpv5_process_generalization_evaluate_standard-operations_ppo_s444,decrease_freshness,0,0.0
process,standard-operations,ppo,444,44,argos_mdpv5_process_generalization_evaluate_standard-operations_ppo_s444,increase_freshness,0,0.0
process,standard-operations,ppo,555,55,argos_mdpv5_process_generalization_evaluate_standard-operations_ppo_s555,hold,58,0.90625
process,standard-operations,ppo,555,55,argos_mdpv5_process_generalization_evaluate_standard-operations_ppo_s555,increase_coverage,3,0.046875
process,standard-operations,ppo,555,55,argos_mdpv5_process_generalization_evaluate_standard-operations_ppo_s555,decrease_coverage,0,0.0
process,standard-operations,ppo,555,55,argos_mdpv5_process_generalization_evaluate_standard-operations_ppo_s555,increase_sample,3,0.046875
process,standard-operations,ppo,555,55,argos_mdpv5_process_generalization_evaluate_standard-operations_ppo_s555,decrease_sample,0,0.0
process,standard-operations,ppo,555,55,argos_mdpv5_process_generalization_evaluate_standard-operations_ppo_s555,decrease_freshness,0,0.0
process,standard-operations,ppo,555,55,argos_mdpv5_process_generalization_evaluate_standard-operations_ppo_s555,increase_freshness,0,0.0
process,cost-sensitive,static,111,11,argos_mdpv5_process_generalization_evaluate_cost-sensitive_static_s111,hold,64,1.0
process,cost-sensitive,static,111,11,argos_mdpv5_process_generalization_evaluate_cost-sensitive_static_s111,increase_coverage,0,0.0
process,cost-sensitive,static,111,11,argos_mdpv5_process_generalization_evaluate_cost-sensitive_static_s111,decrease_coverage,0,0.0
process,cost-sensitive,static,111,11,argos_mdpv5_process_generalization_evaluate_cost-sensitive_static_s111,increase_sample,0,0.0
process,cost-sensitive,static,111,11,argos_mdpv5_process_generalization_evaluate_cost-sensitive_static_s111,decrease_sample,0,0.0
process,cost-sensitive,static,111,11,argos_mdpv5_process_generalization_evaluate_cost-sensitive_static_s111,decrease_freshness,0,0.0
process,cost-sensitive,static,111,11,argos_mdpv5_process_generalization_evaluate_cost-sensitive_static_s111,increase_freshness,0,0.0
process,cost-sensitive,static,222,22,argos_mdpv5_process_generalization_evaluate_cost-sensitive_static_s222,hold,64,1.0
process,cost-sensitive,static,222,22,argos_mdpv5_process_generalization_evaluate_cost-sensitive_static_s222,increase_coverage,0,0.0
process,cost-sensitive,static,222,22,argos_mdpv5_process_generalization_evaluate_cost-sensitive_static_s222,decrease_coverage,0,0.0
process,cost-sensitive,static,222,22,argos_mdpv5_process_generalization_evaluate_cost-sensitive_static_s222,increase_sample,0,0.0
process,cost-sensitive,static,222,22,argos_mdpv5_process_generalization_evaluate_cost-sensitive_static_s222,decrease_sample,0,0.0
process,cost-sensitive,static,222,22,argos_mdpv5_process_generalization_evaluate_cost-sensitive_static_s222,decrease_freshness,0,0.0
process,cost-sensitive,static,222,22,argos_mdpv5_process_generalization_evaluate_cost-sensitive_static_s222,increase_freshness,0,0.0
process,cost-sensitive,static,333,33,argos_mdpv5_process_generalization_evaluate_cost-sensitive_static_s333,hold,64,1.0
process,cost-sensitive,static,333,33,argos_mdpv5_process_generalization_evaluate_cost-sensitive_static_s333,increase_coverage,0,0.0
process,cost-sensitive,static,333,33,argos_mdpv5_process_generalization_evaluate_cost-sensitive_static_s333,decrease_coverage,0,0.0
process,cost-sensitive,static,333,33,argos_mdpv5_process_generalization_evaluate_cost-sensitive_static_s333,increase_sample,0,0.0
process,cost-sensitive,static,333,33,argos_mdpv5_process_generalization_evaluate_cost-sensitive_static_s333,decrease_sample,0,0.0
process,cost-sensitive,static,333,33,argos_mdpv5_process_generalization_evaluate_cost-sensitive_static_s333,decrease_freshness,0,0.0
process,cost-sensitive,static,333,33,argos_mdpv5_process_generalization_evaluate_cost-sensitive_static_s333,increase_freshness,0,0.0
process,cost-sensitive,static,444,44,argos_mdpv5_process_generalization_evaluate_cost-sensitive_static_s444,hold,64,1.0
process,cost-sensitive,static,444,44,argos_mdpv5_process_generalization_evaluate_cost-sensitive_static_s444,increase_coverage,0,0.0
process,cost-sensitive,static,444,44,argos_mdpv5_process_generalization_evaluate_cost-sensitive_static_s444,decrease_coverage,0,0.0
process,cost-sensitive,static,444,44,argos_mdpv5_process_generalization_evaluate_cost-sensitive_static_s444,increase_sample,0,0.0
process,cost-sensitive,static,444,44,argos_mdpv5_process_generalization_evaluate_cost-sensitive_static_s444,decrease_sample,0,0.0
process,cost-sensitive,static,444,44,argos_mdpv5_process_generalization_evaluate_cost-sensitive_static_s444,decrease_freshness,0,0.0
process,cost-sensitive,static,444,44,argos_mdpv5_process_generalization_evaluate_cost-sensitive_static_s444,increase_freshness,0,0.0
process,cost-sensitive,static,555,55,argos_mdpv5_process_generalization_evaluate_cost-sensitive_static_s555,hold,64,1.0
process,cost-sensitive,static,555,55,argos_mdpv5_process_generalization_evaluate_cost-sensitive_static_s555,increase_coverage,0,0.0
process,cost-sensitive,static,555,55,argos_mdpv5_process_generalization_evaluate_cost-sensitive_static_s555,decrease_coverage,0,0.0
process,cost-sensitive,static,555,55,argos_mdpv5_process_generalization_evaluate_cost-sensitive_static_s555,increase_sample,0,0.0
process,cost-sensitive,static,555,55,argos_mdpv5_process_generalization_evaluate_cost-sensitive_static_s555,decrease_sample,0,0.0
process,cost-sensitive,static,555,55,argos_mdpv5_process_generalization_evaluate_cost-sensitive_static_s555,decrease_freshness,0,0.0
process,cost-sensitive,static,555,55,argos_mdpv5_process_generalization_evaluate_cost-sensitive_static_s555,increase_freshness,0,0.0
process,cost-sensitive,threshold,111,11,argos_mdpv5_process_generalization_evaluate_cost-sensitive_threshold_s111,hold,0,0.0
process,cost-sensitive,threshold,111,11,argos_mdpv5_process_generalization_evaluate_cost-sensitive_threshold_s111,increase_coverage,11,0.171875
process,cost-sensitive,threshold,111,11,argos_mdpv5_process_generalization_evaluate_cost-sensitive_threshold_s111,decrease_coverage,12,0.1875
process,cost-sensitive,threshold,111,11,argos_mdpv5_process_generalization_evaluate_cost-sensitive_threshold_s111,increase_sample,9,0.140625
process,cost-sensitive,threshold,111,11,argos_mdpv5_process_generalization_evaluate_cost-sensitive_threshold_s111,decrease_sample,11,0.171875
process,cost-sensitive,threshold,111,11,argos_mdpv5_process_generalization_evaluate_cost-sensitive_threshold_s111,decrease_freshness,12,0.1875
process,cost-sensitive,threshold,111,11,argos_mdpv5_process_generalization_evaluate_cost-sensitive_threshold_s111,increase_freshness,9,0.140625
process,cost-sensitive,threshold,222,22,argos_mdpv5_process_generalization_evaluate_cost-sensitive_threshold_s222,hold,0,0.0
process,cost-sensitive,threshold,222,22,argos_mdpv5_process_generalization_evaluate_cost-sensitive_threshold_s222,increase_coverage,11,0.171875
process,cost-sensitive,threshold,222,22,argos_mdpv5_process_generalization_evaluate_cost-sensitive_threshold_s222,decrease_coverage,12,0.1875
process,cost-sensitive,threshold,222,22,argos_mdpv5_process_generalization_evaluate_cost-sensitive_threshold_s222,increase_sample,9,0.140625
process,cost-sensitive,threshold,222,22,argos_mdpv5_process_generalization_evaluate_cost-sensitive_threshold_s222,decrease_sample,11,0.171875
process,cost-sensitive,threshold,222,22,argos_mdpv5_process_generalization_evaluate_cost-sensitive_threshold_s222,decrease_freshness,12,0.1875
process,cost-sensitive,threshold,222,22,argos_mdpv5_process_generalization_evaluate_cost-sensitive_threshold_s222,increase_freshness,9,0.140625
process,cost-sensitive,threshold,333,33,argos_mdpv5_process_generalization_evaluate_cost-sensitive_threshold_s333,hold,0,0.0
process,cost-sensitive,threshold,333,33,argos_mdpv5_process_generalization_evaluate_cost-sensitive_threshold_s333,increase_coverage,11,0.171875
process,cost-sensitive,threshold,333,33,argos_mdpv5_process_generalization_evaluate_cost-sensitive_threshold_s333,decrease_coverage,12,0.1875
process,cost-sensitive,threshold,333,33,argos_mdpv5_process_generalization_evaluate_cost-sensitive_threshold_s333,increase_sample,9,0.140625
process,cost-sensitive,threshold,333,33,argos_mdpv5_process_generalization_evaluate_cost-sensitive_threshold_s333,decrease_sample,11,0.171875
process,cost-sensitive,threshold,333,33,argos_mdpv5_process_generalization_evaluate_cost-sensitive_threshold_s333,decrease_freshness,12,0.1875
process,cost-sensitive,threshold,333,33,argos_mdpv5_process_generalization_evaluate_cost-sensitive_threshold_s333,increase_freshness,9,0.140625
process,cost-sensitive,threshold,444,44,argos_mdpv5_process_generalization_evaluate_cost-sensitive_threshold_s444,hold,0,0.0
process,cost-sensitive,threshold,444,44,argos_mdpv5_process_generalization_evaluate_cost-sensitive_threshold_s444,increase_coverage,11,0.171875
process,cost-sensitive,threshold,444,44,argos_mdpv5_process_generalization_evaluate_cost-sensitive_threshold_s444,decrease_coverage,12,0.1875
process,cost-sensitive,threshold,444,44,argos_mdpv5_process_generalization_evaluate_cost-sensitive_threshold_s444,increase_sample,9,0.140625
process,cost-sensitive,threshold,444,44,argos_mdpv5_process_generalization_evaluate_cost-sensitive_threshold_s444,decrease_sample,11,0.171875
process,cost-sensitive,threshold,444,44,argos_mdpv5_process_generalization_evaluate_cost-sensitive_threshold_s444,decrease_freshness,12,0.1875
process,cost-sensitive,threshold,444,44,argos_mdpv5_process_generalization_evaluate_cost-sensitive_threshold_s444,increase_freshness,9,0.140625
process,cost-sensitive,threshold,555,55,argos_mdpv5_process_generalization_evaluate_cost-sensitive_threshold_s555,hold,0,0.0
process,cost-sensitive,threshold,555,55,argos_mdpv5_process_generalization_evaluate_cost-sensitive_threshold_s555,increase_coverage,11,0.171875
process,cost-sensitive,threshold,555,55,argos_mdpv5_process_generalization_evaluate_cost-sensitive_threshold_s555,decrease_coverage,12,0.1875
process,cost-sensitive,threshold,555,55,argos_mdpv5_process_generalization_evaluate_cost-sensitive_threshold_s555,increase_sample,9,0.140625
process,cost-sensitive,threshold,555,55,argos_mdpv5_process_generalization_evaluate_cost-sensitive_threshold_s555,decrease_sample,11,0.171875
process,cost-sensitive,threshold,555,55,argos_mdpv5_process_generalization_evaluate_cost-sensitive_threshold_s555,decrease_freshness,12,0.1875
process,cost-sensitive,threshold,555,55,argos_mdpv5_process_generalization_evaluate_cost-sensitive_threshold_s555,increase_freshness,9,0.140625
process,cost-sensitive,best_fixed,111,11,argos_mdpv5_process_generalization_evaluate_cost-sensitive_best_fixed_s111,hold,64,1.0
process,cost-sensitive,best_fixed,111,11,argos_mdpv5_process_generalization_evaluate_cost-sensitive_best_fixed_s111,increase_coverage,0,0.0
process,cost-sensitive,best_fixed,111,11,argos_mdpv5_process_generalization_evaluate_cost-sensitive_best_fixed_s111,decrease_coverage,0,0.0
process,cost-sensitive,best_fixed,111,11,argos_mdpv5_process_generalization_evaluate_cost-sensitive_best_fixed_s111,increase_sample,0,0.0
process,cost-sensitive,best_fixed,111,11,argos_mdpv5_process_generalization_evaluate_cost-sensitive_best_fixed_s111,decrease_sample,0,0.0
process,cost-sensitive,best_fixed,111,11,argos_mdpv5_process_generalization_evaluate_cost-sensitive_best_fixed_s111,decrease_freshness,0,0.0
process,cost-sensitive,best_fixed,111,11,argos_mdpv5_process_generalization_evaluate_cost-sensitive_best_fixed_s111,increase_freshness,0,0.0
process,cost-sensitive,best_fixed,222,22,argos_mdpv5_process_generalization_evaluate_cost-sensitive_best_fixed_s222,hold,64,1.0
process,cost-sensitive,best_fixed,222,22,argos_mdpv5_process_generalization_evaluate_cost-sensitive_best_fixed_s222,increase_coverage,0,0.0
process,cost-sensitive,best_fixed,222,22,argos_mdpv5_process_generalization_evaluate_cost-sensitive_best_fixed_s222,decrease_coverage,0,0.0
process,cost-sensitive,best_fixed,222,22,argos_mdpv5_process_generalization_evaluate_cost-sensitive_best_fixed_s222,increase_sample,0,0.0
process,cost-sensitive,best_fixed,222,22,argos_mdpv5_process_generalization_evaluate_cost-sensitive_best_fixed_s222,decrease_sample,0,0.0
process,cost-sensitive,best_fixed,222,22,argos_mdpv5_process_generalization_evaluate_cost-sensitive_best_fixed_s222,decrease_freshness,0,0.0
process,cost-sensitive,best_fixed,222,22,argos_mdpv5_process_generalization_evaluate_cost-sensitive_best_fixed_s222,increase_freshness,0,0.0
process,cost-sensitive,best_fixed,333,33,argos_mdpv5_process_generalization_evaluate_cost-sensitive_best_fixed_s333,hold,64,1.0
process,cost-sensitive,best_fixed,333,33,argos_mdpv5_process_generalization_evaluate_cost-sensitive_best_fixed_s333,increase_coverage,0,0.0
process,cost-sensitive,best_fixed,333,33,argos_mdpv5_process_generalization_evaluate_cost-sensitive_best_fixed_s333,decrease_coverage,0,0.0
process,cost-sensitive,best_fixed,333,33,argos_mdpv5_process_generalization_evaluate_cost-sensitive_best_fixed_s333,increase_sample,0,0.0
process,cost-sensitive,best_fixed,333,33,argos_mdpv5_process_generalization_evaluate_cost-sensitive_best_fixed_s333,decrease_sample,0,0.0
process,cost-sensitive,best_fixed,333,33,argos_mdpv5_process_generalization_evaluate_cost-sensitive_best_fixed_s333,decrease_freshness,0,0.0
process,cost-sensitive,best_fixed,333,33,argos_mdpv5_process_generalization_evaluate_cost-sensitive_best_fixed_s333,increase_freshness,0,0.0
process,cost-sensitive,best_fixed,444,44,argos_mdpv5_process_generalization_evaluate_cost-sensitive_best_fixed_s444,hold,64,1.0
process,cost-sensitive,best_fixed,444,44,argos_mdpv5_process_generalization_evaluate_cost-sensitive_best_fixed_s444,increase_coverage,0,0.0
process,cost-sensitive,best_fixed,444,44,argos_mdpv5_process_generalization_evaluate_cost-sensitive_best_fixed_s444,decrease_coverage,0,0.0
process,cost-sensitive,best_fixed,444,44,argos_mdpv5_process_generalization_evaluate_cost-sensitive_best_fixed_s444,increase_sample,0,0.0
process,cost-sensitive,best_fixed,444,44,argos_mdpv5_process_generalization_evaluate_cost-sensitive_best_fixed_s444,decrease_sample,0,0.0
process,cost-sensitive,best_fixed,444,44,argos_mdpv5_process_generalization_evaluate_cost-sensitive_best_fixed_s444,decrease_freshness,0,0.0
process,cost-sensitive,best_fixed,444,44,argos_mdpv5_process_generalization_evaluate_cost-sensitive_best_fixed_s444,increase_freshness,0,0.0
process,cost-sensitive,best_fixed,555,55,argos_mdpv5_process_generalization_evaluate_cost-sensitive_best_fixed_s555,hold,64,1.0
process,cost-sensitive,best_fixed,555,55,argos_mdpv5_process_generalization_evaluate_cost-sensitive_best_fixed_s555,increase_coverage,0,0.0
process,cost-sensitive,best_fixed,555,55,argos_mdpv5_process_generalization_evaluate_cost-sensitive_best_fixed_s555,decrease_coverage,0,0.0
process,cost-sensitive,best_fixed,555,55,argos_mdpv5_process_generalization_evaluate_cost-sensitive_best_fixed_s555,increase_sample,0,0.0
process,cost-sensitive,best_fixed,555,55,argos_mdpv5_process_generalization_evaluate_cost-sensitive_best_fixed_s555,decrease_sample,0,0.0
process,cost-sensitive,best_fixed,555,55,argos_mdpv5_process_generalization_evaluate_cost-sensitive_best_fixed_s555,decrease_freshness,0,0.0
process,cost-sensitive,best_fixed,555,55,argos_mdpv5_process_generalization_evaluate_cost-sensitive_best_fixed_s555,increase_freshness,0,0.0
process,cost-sensitive,qlearning,111,11,argos_mdpv5_process_generalization_evaluate_cost-sensitive_qlearning_s111,hold,13,0.203125
process,cost-sensitive,qlearning,111,11,argos_mdpv5_process_generalization_evaluate_cost-sensitive_qlearning_s111,increase_coverage,5,0.078125
process,cost-sensitive,qlearning,111,11,argos_mdpv5_process_generalization_evaluate_cost-sensitive_qlearning_s111,decrease_coverage,9,0.140625
process,cost-sensitive,qlearning,111,11,argos_mdpv5_process_generalization_evaluate_cost-sensitive_qlearning_s111,increase_sample,10,0.15625
process,cost-sensitive,qlearning,111,11,argos_mdpv5_process_generalization_evaluate_cost-sensitive_qlearning_s111,decrease_sample,10,0.15625
process,cost-sensitive,qlearning,111,11,argos_mdpv5_process_generalization_evaluate_cost-sensitive_qlearning_s111,decrease_freshness,10,0.15625
process,cost-sensitive,qlearning,111,11,argos_mdpv5_process_generalization_evaluate_cost-sensitive_qlearning_s111,increase_freshness,7,0.109375
process,cost-sensitive,qlearning,222,22,argos_mdpv5_process_generalization_evaluate_cost-sensitive_qlearning_s222,hold,10,0.15625
process,cost-sensitive,qlearning,222,22,argos_mdpv5_process_generalization_evaluate_cost-sensitive_qlearning_s222,increase_coverage,7,0.109375
process,cost-sensitive,qlearning,222,22,argos_mdpv5_process_generalization_evaluate_cost-sensitive_qlearning_s222,decrease_coverage,6,0.09375
process,cost-sensitive,qlearning,222,22,argos_mdpv5_process_generalization_evaluate_cost-sensitive_qlearning_s222,increase_sample,12,0.1875
process,cost-sensitive,qlearning,222,22,argos_mdpv5_process_generalization_evaluate_cost-sensitive_qlearning_s222,decrease_sample,12,0.1875
process,cost-sensitive,qlearning,222,22,argos_mdpv5_process_generalization_evaluate_cost-sensitive_qlearning_s222,decrease_freshness,7,0.109375
process,cost-sensitive,qlearning,222,22,argos_mdpv5_process_generalization_evaluate_cost-sensitive_qlearning_s222,increase_freshness,10,0.15625
process,cost-sensitive,qlearning,333,33,argos_mdpv5_process_generalization_evaluate_cost-sensitive_qlearning_s333,hold,7,0.109375
process,cost-sensitive,qlearning,333,33,argos_mdpv5_process_generalization_evaluate_cost-sensitive_qlearning_s333,increase_coverage,9,0.140625
process,cost-sensitive,qlearning,333,33,argos_mdpv5_process_generalization_evaluate_cost-sensitive_qlearning_s333,decrease_coverage,11,0.171875
process,cost-sensitive,qlearning,333,33,argos_mdpv5_process_generalization_evaluate_cost-sensitive_qlearning_s333,increase_sample,10,0.15625
process,cost-sensitive,qlearning,333,33,argos_mdpv5_process_generalization_evaluate_cost-sensitive_qlearning_s333,decrease_sample,8,0.125
process,cost-sensitive,qlearning,333,33,argos_mdpv5_process_generalization_evaluate_cost-sensitive_qlearning_s333,decrease_freshness,12,0.1875
process,cost-sensitive,qlearning,333,33,argos_mdpv5_process_generalization_evaluate_cost-sensitive_qlearning_s333,increase_freshness,7,0.109375
process,cost-sensitive,qlearning,444,44,argos_mdpv5_process_generalization_evaluate_cost-sensitive_qlearning_s444,hold,15,0.234375
process,cost-sensitive,qlearning,444,44,argos_mdpv5_process_generalization_evaluate_cost-sensitive_qlearning_s444,increase_coverage,10,0.15625
process,cost-sensitive,qlearning,444,44,argos_mdpv5_process_generalization_evaluate_cost-sensitive_qlearning_s444,decrease_coverage,8,0.125
process,cost-sensitive,qlearning,444,44,argos_mdpv5_process_generalization_evaluate_cost-sensitive_qlearning_s444,increase_sample,7,0.109375
process,cost-sensitive,qlearning,444,44,argos_mdpv5_process_generalization_evaluate_cost-sensitive_qlearning_s444,decrease_sample,9,0.140625
process,cost-sensitive,qlearning,444,44,argos_mdpv5_process_generalization_evaluate_cost-sensitive_qlearning_s444,decrease_freshness,7,0.109375
process,cost-sensitive,qlearning,444,44,argos_mdpv5_process_generalization_evaluate_cost-sensitive_qlearning_s444,increase_freshness,8,0.125
process,cost-sensitive,qlearning,555,55,argos_mdpv5_process_generalization_evaluate_cost-sensitive_qlearning_s555,hold,9,0.140625
process,cost-sensitive,qlearning,555,55,argos_mdpv5_process_generalization_evaluate_cost-sensitive_qlearning_s555,increase_coverage,8,0.125
process,cost-sensitive,qlearning,555,55,argos_mdpv5_process_generalization_evaluate_cost-sensitive_qlearning_s555,decrease_coverage,8,0.125
process,cost-sensitive,qlearning,555,55,argos_mdpv5_process_generalization_evaluate_cost-sensitive_qlearning_s555,increase_sample,8,0.125
process,cost-sensitive,qlearning,555,55,argos_mdpv5_process_generalization_evaluate_cost-sensitive_qlearning_s555,decrease_sample,9,0.140625
process,cost-sensitive,qlearning,555,55,argos_mdpv5_process_generalization_evaluate_cost-sensitive_qlearning_s555,decrease_freshness,12,0.1875
process,cost-sensitive,qlearning,555,55,argos_mdpv5_process_generalization_evaluate_cost-sensitive_qlearning_s555,increase_freshness,10,0.15625
process,cost-sensitive,dqn,111,11,argos_mdpv5_process_generalization_evaluate_cost-sensitive_dqn_s111,hold,0,0.0
process,cost-sensitive,dqn,111,11,argos_mdpv5_process_generalization_evaluate_cost-sensitive_dqn_s111,increase_coverage,4,0.0625
process,cost-sensitive,dqn,111,11,argos_mdpv5_process_generalization_evaluate_cost-sensitive_dqn_s111,decrease_coverage,0,0.0
process,cost-sensitive,dqn,111,11,argos_mdpv5_process_generalization_evaluate_cost-sensitive_dqn_s111,increase_sample,28,0.4375
process,cost-sensitive,dqn,111,11,argos_mdpv5_process_generalization_evaluate_cost-sensitive_dqn_s111,decrease_sample,27,0.421875
process,cost-sensitive,dqn,111,11,argos_mdpv5_process_generalization_evaluate_cost-sensitive_dqn_s111,decrease_freshness,0,0.0
process,cost-sensitive,dqn,111,11,argos_mdpv5_process_generalization_evaluate_cost-sensitive_dqn_s111,increase_freshness,5,0.078125
process,cost-sensitive,dqn,222,22,argos_mdpv5_process_generalization_evaluate_cost-sensitive_dqn_s222,hold,0,0.0
process,cost-sensitive,dqn,222,22,argos_mdpv5_process_generalization_evaluate_cost-sensitive_dqn_s222,increase_coverage,25,0.390625
process,cost-sensitive,dqn,222,22,argos_mdpv5_process_generalization_evaluate_cost-sensitive_dqn_s222,decrease_coverage,24,0.375
process,cost-sensitive,dqn,222,22,argos_mdpv5_process_generalization_evaluate_cost-sensitive_dqn_s222,increase_sample,6,0.09375
process,cost-sensitive,dqn,222,22,argos_mdpv5_process_generalization_evaluate_cost-sensitive_dqn_s222,decrease_sample,4,0.0625
process,cost-sensitive,dqn,222,22,argos_mdpv5_process_generalization_evaluate_cost-sensitive_dqn_s222,decrease_freshness,0,0.0
process,cost-sensitive,dqn,222,22,argos_mdpv5_process_generalization_evaluate_cost-sensitive_dqn_s222,increase_freshness,5,0.078125
process,cost-sensitive,dqn,333,33,argos_mdpv5_process_generalization_evaluate_cost-sensitive_dqn_s333,hold,55,0.859375
process,cost-sensitive,dqn,333,33,argos_mdpv5_process_generalization_evaluate_cost-sensitive_dqn_s333,increase_coverage,1,0.015625
process,cost-sensitive,dqn,333,33,argos_mdpv5_process_generalization_evaluate_cost-sensitive_dqn_s333,decrease_coverage,0,0.0
process,cost-sensitive,dqn,333,33,argos_mdpv5_process_generalization_evaluate_cost-sensitive_dqn_s333,increase_sample,3,0.046875
process,cost-sensitive,dqn,333,33,argos_mdpv5_process_generalization_evaluate_cost-sensitive_dqn_s333,decrease_sample,0,0.0
process,cost-sensitive,dqn,333,33,argos_mdpv5_process_generalization_evaluate_cost-sensitive_dqn_s333,decrease_freshness,0,0.0
process,cost-sensitive,dqn,333,33,argos_mdpv5_process_generalization_evaluate_cost-sensitive_dqn_s333,increase_freshness,5,0.078125
process,cost-sensitive,dqn,444,44,argos_mdpv5_process_generalization_evaluate_cost-sensitive_dqn_s444,hold,0,0.0
process,cost-sensitive,dqn,444,44,argos_mdpv5_process_generalization_evaluate_cost-sensitive_dqn_s444,increase_coverage,0,0.0
process,cost-sensitive,dqn,444,44,argos_mdpv5_process_generalization_evaluate_cost-sensitive_dqn_s444,decrease_coverage,0,0.0
process,cost-sensitive,dqn,444,44,argos_mdpv5_process_generalization_evaluate_cost-sensitive_dqn_s444,increase_sample,25,0.390625
process,cost-sensitive,dqn,444,44,argos_mdpv5_process_generalization_evaluate_cost-sensitive_dqn_s444,decrease_sample,24,0.375
process,cost-sensitive,dqn,444,44,argos_mdpv5_process_generalization_evaluate_cost-sensitive_dqn_s444,decrease_freshness,5,0.078125
process,cost-sensitive,dqn,444,44,argos_mdpv5_process_generalization_evaluate_cost-sensitive_dqn_s444,increase_freshness,10,0.15625
process,cost-sensitive,dqn,555,55,argos_mdpv5_process_generalization_evaluate_cost-sensitive_dqn_s555,hold,24,0.375
process,cost-sensitive,dqn,555,55,argos_mdpv5_process_generalization_evaluate_cost-sensitive_dqn_s555,increase_coverage,5,0.078125
process,cost-sensitive,dqn,555,55,argos_mdpv5_process_generalization_evaluate_cost-sensitive_dqn_s555,decrease_coverage,2,0.03125
process,cost-sensitive,dqn,555,55,argos_mdpv5_process_generalization_evaluate_cost-sensitive_dqn_s555,increase_sample,3,0.046875
process,cost-sensitive,dqn,555,55,argos_mdpv5_process_generalization_evaluate_cost-sensitive_dqn_s555,decrease_sample,0,0.0
process,cost-sensitive,dqn,555,55,argos_mdpv5_process_generalization_evaluate_cost-sensitive_dqn_s555,decrease_freshness,13,0.203125
process,cost-sensitive,dqn,555,55,argos_mdpv5_process_generalization_evaluate_cost-sensitive_dqn_s555,increase_freshness,17,0.265625
process,cost-sensitive,ppo,111,11,argos_mdpv5_process_generalization_evaluate_cost-sensitive_ppo_s111,hold,52,0.8125
process,cost-sensitive,ppo,111,11,argos_mdpv5_process_generalization_evaluate_cost-sensitive_ppo_s111,increase_coverage,4,0.0625
process,cost-sensitive,ppo,111,11,argos_mdpv5_process_generalization_evaluate_cost-sensitive_ppo_s111,decrease_coverage,0,0.0
process,cost-sensitive,ppo,111,11,argos_mdpv5_process_generalization_evaluate_cost-sensitive_ppo_s111,increase_sample,3,0.046875
process,cost-sensitive,ppo,111,11,argos_mdpv5_process_generalization_evaluate_cost-sensitive_ppo_s111,decrease_sample,0,0.0
process,cost-sensitive,ppo,111,11,argos_mdpv5_process_generalization_evaluate_cost-sensitive_ppo_s111,decrease_freshness,0,0.0
process,cost-sensitive,ppo,111,11,argos_mdpv5_process_generalization_evaluate_cost-sensitive_ppo_s111,increase_freshness,5,0.078125
process,cost-sensitive,ppo,222,22,argos_mdpv5_process_generalization_evaluate_cost-sensitive_ppo_s222,hold,64,1.0
process,cost-sensitive,ppo,222,22,argos_mdpv5_process_generalization_evaluate_cost-sensitive_ppo_s222,increase_coverage,0,0.0
process,cost-sensitive,ppo,222,22,argos_mdpv5_process_generalization_evaluate_cost-sensitive_ppo_s222,decrease_coverage,0,0.0
process,cost-sensitive,ppo,222,22,argos_mdpv5_process_generalization_evaluate_cost-sensitive_ppo_s222,increase_sample,0,0.0
process,cost-sensitive,ppo,222,22,argos_mdpv5_process_generalization_evaluate_cost-sensitive_ppo_s222,decrease_sample,0,0.0
process,cost-sensitive,ppo,222,22,argos_mdpv5_process_generalization_evaluate_cost-sensitive_ppo_s222,decrease_freshness,0,0.0
process,cost-sensitive,ppo,222,22,argos_mdpv5_process_generalization_evaluate_cost-sensitive_ppo_s222,increase_freshness,0,0.0
process,cost-sensitive,ppo,333,33,argos_mdpv5_process_generalization_evaluate_cost-sensitive_ppo_s333,hold,52,0.8125
process,cost-sensitive,ppo,333,33,argos_mdpv5_process_generalization_evaluate_cost-sensitive_ppo_s333,increase_coverage,0,0.0
process,cost-sensitive,ppo,333,33,argos_mdpv5_process_generalization_evaluate_cost-sensitive_ppo_s333,decrease_coverage,4,0.0625
process,cost-sensitive,ppo,333,33,argos_mdpv5_process_generalization_evaluate_cost-sensitive_ppo_s333,increase_sample,3,0.046875
process,cost-sensitive,ppo,333,33,argos_mdpv5_process_generalization_evaluate_cost-sensitive_ppo_s333,decrease_sample,0,0.0
process,cost-sensitive,ppo,333,33,argos_mdpv5_process_generalization_evaluate_cost-sensitive_ppo_s333,decrease_freshness,0,0.0
process,cost-sensitive,ppo,333,33,argos_mdpv5_process_generalization_evaluate_cost-sensitive_ppo_s333,increase_freshness,5,0.078125
process,cost-sensitive,ppo,444,44,argos_mdpv5_process_generalization_evaluate_cost-sensitive_ppo_s444,hold,64,1.0
process,cost-sensitive,ppo,444,44,argos_mdpv5_process_generalization_evaluate_cost-sensitive_ppo_s444,increase_coverage,0,0.0
process,cost-sensitive,ppo,444,44,argos_mdpv5_process_generalization_evaluate_cost-sensitive_ppo_s444,decrease_coverage,0,0.0
process,cost-sensitive,ppo,444,44,argos_mdpv5_process_generalization_evaluate_cost-sensitive_ppo_s444,increase_sample,0,0.0
process,cost-sensitive,ppo,444,44,argos_mdpv5_process_generalization_evaluate_cost-sensitive_ppo_s444,decrease_sample,0,0.0
process,cost-sensitive,ppo,444,44,argos_mdpv5_process_generalization_evaluate_cost-sensitive_ppo_s444,decrease_freshness,0,0.0
process,cost-sensitive,ppo,444,44,argos_mdpv5_process_generalization_evaluate_cost-sensitive_ppo_s444,increase_freshness,0,0.0
process,cost-sensitive,ppo,555,55,argos_mdpv5_process_generalization_evaluate_cost-sensitive_ppo_s555,hold,52,0.8125
process,cost-sensitive,ppo,555,55,argos_mdpv5_process_generalization_evaluate_cost-sensitive_ppo_s555,increase_coverage,4,0.0625
process,cost-sensitive,ppo,555,55,argos_mdpv5_process_generalization_evaluate_cost-sensitive_ppo_s555,decrease_coverage,0,0.0
process,cost-sensitive,ppo,555,55,argos_mdpv5_process_generalization_evaluate_cost-sensitive_ppo_s555,increase_sample,3,0.046875
process,cost-sensitive,ppo,555,55,argos_mdpv5_process_generalization_evaluate_cost-sensitive_ppo_s555,decrease_sample,0,0.0
process,cost-sensitive,ppo,555,55,argos_mdpv5_process_generalization_evaluate_cost-sensitive_ppo_s555,decrease_freshness,0,0.0
process,cost-sensitive,ppo,555,55,argos_mdpv5_process_generalization_evaluate_cost-sensitive_ppo_s555,increase_freshness,5,0.078125
process,short-burst,static,111,11,argos_mdpv5_process_generalization_evaluate_short-burst_static_s111,hold,64,1.0
process,short-burst,static,111,11,argos_mdpv5_process_generalization_evaluate_short-burst_static_s111,increase_coverage,0,0.0
process,short-burst,static,111,11,argos_mdpv5_process_generalization_evaluate_short-burst_static_s111,decrease_coverage,0,0.0
process,short-burst,static,111,11,argos_mdpv5_process_generalization_evaluate_short-burst_static_s111,increase_sample,0,0.0
process,short-burst,static,111,11,argos_mdpv5_process_generalization_evaluate_short-burst_static_s111,decrease_sample,0,0.0
process,short-burst,static,111,11,argos_mdpv5_process_generalization_evaluate_short-burst_static_s111,decrease_freshness,0,0.0
process,short-burst,static,111,11,argos_mdpv5_process_generalization_evaluate_short-burst_static_s111,increase_freshness,0,0.0
process,short-burst,static,222,22,argos_mdpv5_process_generalization_evaluate_short-burst_static_s222,hold,64,1.0
process,short-burst,static,222,22,argos_mdpv5_process_generalization_evaluate_short-burst_static_s222,increase_coverage,0,0.0
process,short-burst,static,222,22,argos_mdpv5_process_generalization_evaluate_short-burst_static_s222,decrease_coverage,0,0.0
process,short-burst,static,222,22,argos_mdpv5_process_generalization_evaluate_short-burst_static_s222,increase_sample,0,0.0
process,short-burst,static,222,22,argos_mdpv5_process_generalization_evaluate_short-burst_static_s222,decrease_sample,0,0.0
process,short-burst,static,222,22,argos_mdpv5_process_generalization_evaluate_short-burst_static_s222,decrease_freshness,0,0.0
process,short-burst,static,222,22,argos_mdpv5_process_generalization_evaluate_short-burst_static_s222,increase_freshness,0,0.0
process,short-burst,static,333,33,argos_mdpv5_process_generalization_evaluate_short-burst_static_s333,hold,64,1.0
process,short-burst,static,333,33,argos_mdpv5_process_generalization_evaluate_short-burst_static_s333,increase_coverage,0,0.0
process,short-burst,static,333,33,argos_mdpv5_process_generalization_evaluate_short-burst_static_s333,decrease_coverage,0,0.0
process,short-burst,static,333,33,argos_mdpv5_process_generalization_evaluate_short-burst_static_s333,increase_sample,0,0.0
process,short-burst,static,333,33,argos_mdpv5_process_generalization_evaluate_short-burst_static_s333,decrease_sample,0,0.0
process,short-burst,static,333,33,argos_mdpv5_process_generalization_evaluate_short-burst_static_s333,decrease_freshness,0,0.0
process,short-burst,static,333,33,argos_mdpv5_process_generalization_evaluate_short-burst_static_s333,increase_freshness,0,0.0
process,short-burst,static,444,44,argos_mdpv5_process_generalization_evaluate_short-burst_static_s444,hold,64,1.0
process,short-burst,static,444,44,argos_mdpv5_process_generalization_evaluate_short-burst_static_s444,increase_coverage,0,0.0
process,short-burst,static,444,44,argos_mdpv5_process_generalization_evaluate_short-burst_static_s444,decrease_coverage,0,0.0
process,short-burst,static,444,44,argos_mdpv5_process_generalization_evaluate_short-burst_static_s444,increase_sample,0,0.0
process,short-burst,static,444,44,argos_mdpv5_process_generalization_evaluate_short-burst_static_s444,decrease_sample,0,0.0
process,short-burst,static,444,44,argos_mdpv5_process_generalization_evaluate_short-burst_static_s444,decrease_freshness,0,0.0
process,short-burst,static,444,44,argos_mdpv5_process_generalization_evaluate_short-burst_static_s444,increase_freshness,0,0.0
process,short-burst,static,555,55,argos_mdpv5_process_generalization_evaluate_short-burst_static_s555,hold,64,1.0
process,short-burst,static,555,55,argos_mdpv5_process_generalization_evaluate_short-burst_static_s555,increase_coverage,0,0.0
process,short-burst,static,555,55,argos_mdpv5_process_generalization_evaluate_short-burst_static_s555,decrease_coverage,0,0.0
process,short-burst,static,555,55,argos_mdpv5_process_generalization_evaluate_short-burst_static_s555,increase_sample,0,0.0
process,short-burst,static,555,55,argos_mdpv5_process_generalization_evaluate_short-burst_static_s555,decrease_sample,0,0.0
process,short-burst,static,555,55,argos_mdpv5_process_generalization_evaluate_short-burst_static_s555,decrease_freshness,0,0.0
process,short-burst,static,555,55,argos_mdpv5_process_generalization_evaluate_short-burst_static_s555,increase_freshness,0,0.0
process,short-burst,threshold,111,11,argos_mdpv5_process_generalization_evaluate_short-burst_threshold_s111,hold,37,0.578125
process,short-burst,threshold,111,11,argos_mdpv5_process_generalization_evaluate_short-burst_threshold_s111,increase_coverage,5,0.078125
process,short-burst,threshold,111,11,argos_mdpv5_process_generalization_evaluate_short-burst_threshold_s111,decrease_coverage,9,0.140625
process,short-burst,threshold,111,11,argos_mdpv5_process_generalization_evaluate_short-burst_threshold_s111,increase_sample,2,0.03125
process,short-burst,threshold,111,11,argos_mdpv5_process_generalization_evaluate_short-burst_threshold_s111,decrease_sample,5,0.078125
process,short-burst,threshold,111,11,argos_mdpv5_process_generalization_evaluate_short-burst_threshold_s111,decrease_freshness,4,0.0625
process,short-burst,threshold,111,11,argos_mdpv5_process_generalization_evaluate_short-burst_threshold_s111,increase_freshness,2,0.03125
process,short-burst,threshold,222,22,argos_mdpv5_process_generalization_evaluate_short-burst_threshold_s222,hold,37,0.578125
process,short-burst,threshold,222,22,argos_mdpv5_process_generalization_evaluate_short-burst_threshold_s222,increase_coverage,5,0.078125
process,short-burst,threshold,222,22,argos_mdpv5_process_generalization_evaluate_short-burst_threshold_s222,decrease_coverage,9,0.140625
process,short-burst,threshold,222,22,argos_mdpv5_process_generalization_evaluate_short-burst_threshold_s222,increase_sample,2,0.03125
process,short-burst,threshold,222,22,argos_mdpv5_process_generalization_evaluate_short-burst_threshold_s222,decrease_sample,5,0.078125
process,short-burst,threshold,222,22,argos_mdpv5_process_generalization_evaluate_short-burst_threshold_s222,decrease_freshness,4,0.0625
process,short-burst,threshold,222,22,argos_mdpv5_process_generalization_evaluate_short-burst_threshold_s222,increase_freshness,2,0.03125
process,short-burst,threshold,333,33,argos_mdpv5_process_generalization_evaluate_short-burst_threshold_s333,hold,37,0.578125
process,short-burst,threshold,333,33,argos_mdpv5_process_generalization_evaluate_short-burst_threshold_s333,increase_coverage,5,0.078125
process,short-burst,threshold,333,33,argos_mdpv5_process_generalization_evaluate_short-burst_threshold_s333,decrease_coverage,9,0.140625
process,short-burst,threshold,333,33,argos_mdpv5_process_generalization_evaluate_short-burst_threshold_s333,increase_sample,2,0.03125
process,short-burst,threshold,333,33,argos_mdpv5_process_generalization_evaluate_short-burst_threshold_s333,decrease_sample,5,0.078125
process,short-burst,threshold,333,33,argos_mdpv5_process_generalization_evaluate_short-burst_threshold_s333,decrease_freshness,4,0.0625
process,short-burst,threshold,333,33,argos_mdpv5_process_generalization_evaluate_short-burst_threshold_s333,increase_freshness,2,0.03125
process,short-burst,threshold,444,44,argos_mdpv5_process_generalization_evaluate_short-burst_threshold_s444,hold,37,0.578125
process,short-burst,threshold,444,44,argos_mdpv5_process_generalization_evaluate_short-burst_threshold_s444,increase_coverage,5,0.078125
process,short-burst,threshold,444,44,argos_mdpv5_process_generalization_evaluate_short-burst_threshold_s444,decrease_coverage,9,0.140625
process,short-burst,threshold,444,44,argos_mdpv5_process_generalization_evaluate_short-burst_threshold_s444,increase_sample,2,0.03125
process,short-burst,threshold,444,44,argos_mdpv5_process_generalization_evaluate_short-burst_threshold_s444,decrease_sample,5,0.078125
process,short-burst,threshold,444,44,argos_mdpv5_process_generalization_evaluate_short-burst_threshold_s444,decrease_freshness,4,0.0625
process,short-burst,threshold,444,44,argos_mdpv5_process_generalization_evaluate_short-burst_threshold_s444,increase_freshness,2,0.03125
process,short-burst,threshold,555,55,argos_mdpv5_process_generalization_evaluate_short-burst_threshold_s555,hold,37,0.578125
process,short-burst,threshold,555,55,argos_mdpv5_process_generalization_evaluate_short-burst_threshold_s555,increase_coverage,5,0.078125
process,short-burst,threshold,555,55,argos_mdpv5_process_generalization_evaluate_short-burst_threshold_s555,decrease_coverage,9,0.140625
process,short-burst,threshold,555,55,argos_mdpv5_process_generalization_evaluate_short-burst_threshold_s555,increase_sample,2,0.03125
process,short-burst,threshold,555,55,argos_mdpv5_process_generalization_evaluate_short-burst_threshold_s555,decrease_sample,5,0.078125
process,short-burst,threshold,555,55,argos_mdpv5_process_generalization_evaluate_short-burst_threshold_s555,decrease_freshness,4,0.0625
process,short-burst,threshold,555,55,argos_mdpv5_process_generalization_evaluate_short-burst_threshold_s555,increase_freshness,2,0.03125
process,short-burst,best_fixed,111,11,argos_mdpv5_process_generalization_evaluate_short-burst_best_fixed_s111,hold,64,1.0
process,short-burst,best_fixed,111,11,argos_mdpv5_process_generalization_evaluate_short-burst_best_fixed_s111,increase_coverage,0,0.0
process,short-burst,best_fixed,111,11,argos_mdpv5_process_generalization_evaluate_short-burst_best_fixed_s111,decrease_coverage,0,0.0
process,short-burst,best_fixed,111,11,argos_mdpv5_process_generalization_evaluate_short-burst_best_fixed_s111,increase_sample,0,0.0
process,short-burst,best_fixed,111,11,argos_mdpv5_process_generalization_evaluate_short-burst_best_fixed_s111,decrease_sample,0,0.0
process,short-burst,best_fixed,111,11,argos_mdpv5_process_generalization_evaluate_short-burst_best_fixed_s111,decrease_freshness,0,0.0
process,short-burst,best_fixed,111,11,argos_mdpv5_process_generalization_evaluate_short-burst_best_fixed_s111,increase_freshness,0,0.0
process,short-burst,best_fixed,222,22,argos_mdpv5_process_generalization_evaluate_short-burst_best_fixed_s222,hold,64,1.0
process,short-burst,best_fixed,222,22,argos_mdpv5_process_generalization_evaluate_short-burst_best_fixed_s222,increase_coverage,0,0.0
process,short-burst,best_fixed,222,22,argos_mdpv5_process_generalization_evaluate_short-burst_best_fixed_s222,decrease_coverage,0,0.0
process,short-burst,best_fixed,222,22,argos_mdpv5_process_generalization_evaluate_short-burst_best_fixed_s222,increase_sample,0,0.0
process,short-burst,best_fixed,222,22,argos_mdpv5_process_generalization_evaluate_short-burst_best_fixed_s222,decrease_sample,0,0.0
process,short-burst,best_fixed,222,22,argos_mdpv5_process_generalization_evaluate_short-burst_best_fixed_s222,decrease_freshness,0,0.0
process,short-burst,best_fixed,222,22,argos_mdpv5_process_generalization_evaluate_short-burst_best_fixed_s222,increase_freshness,0,0.0
process,short-burst,best_fixed,333,33,argos_mdpv5_process_generalization_evaluate_short-burst_best_fixed_s333,hold,64,1.0
process,short-burst,best_fixed,333,33,argos_mdpv5_process_generalization_evaluate_short-burst_best_fixed_s333,increase_coverage,0,0.0
process,short-burst,best_fixed,333,33,argos_mdpv5_process_generalization_evaluate_short-burst_best_fixed_s333,decrease_coverage,0,0.0
process,short-burst,best_fixed,333,33,argos_mdpv5_process_generalization_evaluate_short-burst_best_fixed_s333,increase_sample,0,0.0
process,short-burst,best_fixed,333,33,argos_mdpv5_process_generalization_evaluate_short-burst_best_fixed_s333,decrease_sample,0,0.0
process,short-burst,best_fixed,333,33,argos_mdpv5_process_generalization_evaluate_short-burst_best_fixed_s333,decrease_freshness,0,0.0
process,short-burst,best_fixed,333,33,argos_mdpv5_process_generalization_evaluate_short-burst_best_fixed_s333,increase_freshness,0,0.0
process,short-burst,best_fixed,444,44,argos_mdpv5_process_generalization_evaluate_short-burst_best_fixed_s444,hold,64,1.0
process,short-burst,best_fixed,444,44,argos_mdpv5_process_generalization_evaluate_short-burst_best_fixed_s444,increase_coverage,0,0.0
process,short-burst,best_fixed,444,44,argos_mdpv5_process_generalization_evaluate_short-burst_best_fixed_s444,decrease_coverage,0,0.0
process,short-burst,best_fixed,444,44,argos_mdpv5_process_generalization_evaluate_short-burst_best_fixed_s444,increase_sample,0,0.0
process,short-burst,best_fixed,444,44,argos_mdpv5_process_generalization_evaluate_short-burst_best_fixed_s444,decrease_sample,0,0.0
process,short-burst,best_fixed,444,44,argos_mdpv5_process_generalization_evaluate_short-burst_best_fixed_s444,decrease_freshness,0,0.0
process,short-burst,best_fixed,444,44,argos_mdpv5_process_generalization_evaluate_short-burst_best_fixed_s444,increase_freshness,0,0.0
process,short-burst,best_fixed,555,55,argos_mdpv5_process_generalization_evaluate_short-burst_best_fixed_s555,hold,64,1.0
process,short-burst,best_fixed,555,55,argos_mdpv5_process_generalization_evaluate_short-burst_best_fixed_s555,increase_coverage,0,0.0
process,short-burst,best_fixed,555,55,argos_mdpv5_process_generalization_evaluate_short-burst_best_fixed_s555,decrease_coverage,0,0.0
process,short-burst,best_fixed,555,55,argos_mdpv5_process_generalization_evaluate_short-burst_best_fixed_s555,increase_sample,0,0.0
process,short-burst,best_fixed,555,55,argos_mdpv5_process_generalization_evaluate_short-burst_best_fixed_s555,decrease_sample,0,0.0
process,short-burst,best_fixed,555,55,argos_mdpv5_process_generalization_evaluate_short-burst_best_fixed_s555,decrease_freshness,0,0.0
process,short-burst,best_fixed,555,55,argos_mdpv5_process_generalization_evaluate_short-burst_best_fixed_s555,increase_freshness,0,0.0
process,short-burst,qlearning,111,11,argos_mdpv5_process_generalization_evaluate_short-burst_qlearning_s111,hold,11,0.171875
process,short-burst,qlearning,111,11,argos_mdpv5_process_generalization_evaluate_short-burst_qlearning_s111,increase_coverage,5,0.078125
process,short-burst,qlearning,111,11,argos_mdpv5_process_generalization_evaluate_short-burst_qlearning_s111,decrease_coverage,8,0.125
process,short-burst,qlearning,111,11,argos_mdpv5_process_generalization_evaluate_short-burst_qlearning_s111,increase_sample,10,0.15625
process,short-burst,qlearning,111,11,argos_mdpv5_process_generalization_evaluate_short-burst_qlearning_s111,decrease_sample,10,0.15625
process,short-burst,qlearning,111,11,argos_mdpv5_process_generalization_evaluate_short-burst_qlearning_s111,decrease_freshness,10,0.15625
process,short-burst,qlearning,111,11,argos_mdpv5_process_generalization_evaluate_short-burst_qlearning_s111,increase_freshness,10,0.15625
process,short-burst,qlearning,222,22,argos_mdpv5_process_generalization_evaluate_short-burst_qlearning_s222,hold,6,0.09375
process,short-burst,qlearning,222,22,argos_mdpv5_process_generalization_evaluate_short-burst_qlearning_s222,increase_coverage,8,0.125
process,short-burst,qlearning,222,22,argos_mdpv5_process_generalization_evaluate_short-burst_qlearning_s222,decrease_coverage,5,0.078125
process,short-burst,qlearning,222,22,argos_mdpv5_process_generalization_evaluate_short-burst_qlearning_s222,increase_sample,10,0.15625
process,short-burst,qlearning,222,22,argos_mdpv5_process_generalization_evaluate_short-burst_qlearning_s222,decrease_sample,12,0.1875
process,short-burst,qlearning,222,22,argos_mdpv5_process_generalization_evaluate_short-burst_qlearning_s222,decrease_freshness,12,0.1875
process,short-burst,qlearning,222,22,argos_mdpv5_process_generalization_evaluate_short-burst_qlearning_s222,increase_freshness,11,0.171875
process,short-burst,qlearning,333,33,argos_mdpv5_process_generalization_evaluate_short-burst_qlearning_s333,hold,7,0.109375
process,short-burst,qlearning,333,33,argos_mdpv5_process_generalization_evaluate_short-burst_qlearning_s333,increase_coverage,9,0.140625
process,short-burst,qlearning,333,33,argos_mdpv5_process_generalization_evaluate_short-burst_qlearning_s333,decrease_coverage,11,0.171875
process,short-burst,qlearning,333,33,argos_mdpv5_process_generalization_evaluate_short-burst_qlearning_s333,increase_sample,11,0.171875
process,short-burst,qlearning,333,33,argos_mdpv5_process_generalization_evaluate_short-burst_qlearning_s333,decrease_sample,8,0.125
process,short-burst,qlearning,333,33,argos_mdpv5_process_generalization_evaluate_short-burst_qlearning_s333,decrease_freshness,9,0.140625
process,short-burst,qlearning,333,33,argos_mdpv5_process_generalization_evaluate_short-burst_qlearning_s333,increase_freshness,9,0.140625
process,short-burst,qlearning,444,44,argos_mdpv5_process_generalization_evaluate_short-burst_qlearning_s444,hold,14,0.21875
process,short-burst,qlearning,444,44,argos_mdpv5_process_generalization_evaluate_short-burst_qlearning_s444,increase_coverage,9,0.140625
process,short-burst,qlearning,444,44,argos_mdpv5_process_generalization_evaluate_short-burst_qlearning_s444,decrease_coverage,8,0.125
process,short-burst,qlearning,444,44,argos_mdpv5_process_generalization_evaluate_short-burst_qlearning_s444,increase_sample,9,0.140625
process,short-burst,qlearning,444,44,argos_mdpv5_process_generalization_evaluate_short-burst_qlearning_s444,decrease_sample,8,0.125
process,short-burst,qlearning,444,44,argos_mdpv5_process_generalization_evaluate_short-burst_qlearning_s444,decrease_freshness,9,0.140625
process,short-burst,qlearning,444,44,argos_mdpv5_process_generalization_evaluate_short-burst_qlearning_s444,increase_freshness,7,0.109375
process,short-burst,qlearning,555,55,argos_mdpv5_process_generalization_evaluate_short-burst_qlearning_s555,hold,6,0.09375
process,short-burst,qlearning,555,55,argos_mdpv5_process_generalization_evaluate_short-burst_qlearning_s555,increase_coverage,9,0.140625
process,short-burst,qlearning,555,55,argos_mdpv5_process_generalization_evaluate_short-burst_qlearning_s555,decrease_coverage,6,0.09375
process,short-burst,qlearning,555,55,argos_mdpv5_process_generalization_evaluate_short-burst_qlearning_s555,increase_sample,13,0.203125
process,short-burst,qlearning,555,55,argos_mdpv5_process_generalization_evaluate_short-burst_qlearning_s555,decrease_sample,14,0.21875
process,short-burst,qlearning,555,55,argos_mdpv5_process_generalization_evaluate_short-burst_qlearning_s555,decrease_freshness,8,0.125
process,short-burst,qlearning,555,55,argos_mdpv5_process_generalization_evaluate_short-burst_qlearning_s555,increase_freshness,8,0.125
process,short-burst,dqn,111,11,argos_mdpv5_process_generalization_evaluate_short-burst_dqn_s111,hold,25,0.390625
process,short-burst,dqn,111,11,argos_mdpv5_process_generalization_evaluate_short-burst_dqn_s111,increase_coverage,3,0.046875
process,short-burst,dqn,111,11,argos_mdpv5_process_generalization_evaluate_short-burst_dqn_s111,decrease_coverage,0,0.0
process,short-burst,dqn,111,11,argos_mdpv5_process_generalization_evaluate_short-burst_dqn_s111,increase_sample,3,0.046875
process,short-burst,dqn,111,11,argos_mdpv5_process_generalization_evaluate_short-burst_dqn_s111,decrease_sample,0,0.0
process,short-burst,dqn,111,11,argos_mdpv5_process_generalization_evaluate_short-burst_dqn_s111,decrease_freshness,16,0.25
process,short-burst,dqn,111,11,argos_mdpv5_process_generalization_evaluate_short-burst_dqn_s111,increase_freshness,17,0.265625
process,short-burst,dqn,222,22,argos_mdpv5_process_generalization_evaluate_short-burst_dqn_s222,hold,53,0.828125
process,short-burst,dqn,222,22,argos_mdpv5_process_generalization_evaluate_short-burst_dqn_s222,increase_coverage,5,0.078125
process,short-burst,dqn,222,22,argos_mdpv5_process_generalization_evaluate_short-burst_dqn_s222,decrease_coverage,1,0.015625
process,short-burst,dqn,222,22,argos_mdpv5_process_generalization_evaluate_short-burst_dqn_s222,increase_sample,3,0.046875
process,short-burst,dqn,222,22,argos_mdpv5_process_generalization_evaluate_short-burst_dqn_s222,decrease_sample,0,0.0
process,short-burst,dqn,222,22,argos_mdpv5_process_generalization_evaluate_short-burst_dqn_s222,decrease_freshness,0,0.0
process,short-burst,dqn,222,22,argos_mdpv5_process_generalization_evaluate_short-burst_dqn_s222,increase_freshness,2,0.03125
process,short-burst,dqn,333,33,argos_mdpv5_process_generalization_evaluate_short-burst_dqn_s333,hold,29,0.453125
process,short-burst,dqn,333,33,argos_mdpv5_process_generalization_evaluate_short-burst_dqn_s333,increase_coverage,17,0.265625
process,short-burst,dqn,333,33,argos_mdpv5_process_generalization_evaluate_short-burst_dqn_s333,decrease_coverage,13,0.203125
process,short-burst,dqn,333,33,argos_mdpv5_process_generalization_evaluate_short-burst_dqn_s333,increase_sample,3,0.046875
process,short-burst,dqn,333,33,argos_mdpv5_process_generalization_evaluate_short-burst_dqn_s333,decrease_sample,0,0.0
process,short-burst,dqn,333,33,argos_mdpv5_process_generalization_evaluate_short-burst_dqn_s333,decrease_freshness,0,0.0
process,short-burst,dqn,333,33,argos_mdpv5_process_generalization_evaluate_short-burst_dqn_s333,increase_freshness,2,0.03125
process,short-burst,dqn,444,44,argos_mdpv5_process_generalization_evaluate_short-burst_dqn_s444,hold,16,0.25
process,short-burst,dqn,444,44,argos_mdpv5_process_generalization_evaluate_short-burst_dqn_s444,increase_coverage,4,0.0625
process,short-burst,dqn,444,44,argos_mdpv5_process_generalization_evaluate_short-burst_dqn_s444,decrease_coverage,0,0.0
process,short-burst,dqn,444,44,argos_mdpv5_process_generalization_evaluate_short-burst_dqn_s444,increase_sample,22,0.34375
process,short-burst,dqn,444,44,argos_mdpv5_process_generalization_evaluate_short-burst_dqn_s444,decrease_sample,20,0.3125
process,short-burst,dqn,444,44,argos_mdpv5_process_generalization_evaluate_short-burst_dqn_s444,decrease_freshness,0,0.0
process,short-burst,dqn,444,44,argos_mdpv5_process_generalization_evaluate_short-burst_dqn_s444,increase_freshness,2,0.03125
process,short-burst,dqn,555,55,argos_mdpv5_process_generalization_evaluate_short-burst_dqn_s555,hold,55,0.859375
process,short-burst,dqn,555,55,argos_mdpv5_process_generalization_evaluate_short-burst_dqn_s555,increase_coverage,4,0.0625
process,short-burst,dqn,555,55,argos_mdpv5_process_generalization_evaluate_short-burst_dqn_s555,decrease_coverage,0,0.0
process,short-burst,dqn,555,55,argos_mdpv5_process_generalization_evaluate_short-burst_dqn_s555,increase_sample,3,0.046875
process,short-burst,dqn,555,55,argos_mdpv5_process_generalization_evaluate_short-burst_dqn_s555,decrease_sample,0,0.0
process,short-burst,dqn,555,55,argos_mdpv5_process_generalization_evaluate_short-burst_dqn_s555,decrease_freshness,0,0.0
process,short-burst,dqn,555,55,argos_mdpv5_process_generalization_evaluate_short-burst_dqn_s555,increase_freshness,2,0.03125
process,short-burst,ppo,111,11,argos_mdpv5_process_generalization_evaluate_short-burst_ppo_s111,hold,0,0.0
process,short-burst,ppo,111,11,argos_mdpv5_process_generalization_evaluate_short-burst_ppo_s111,increase_coverage,32,0.5
process,short-burst,ppo,111,11,argos_mdpv5_process_generalization_evaluate_short-burst_ppo_s111,decrease_coverage,28,0.4375
process,short-burst,ppo,111,11,argos_mdpv5_process_generalization_evaluate_short-burst_ppo_s111,increase_sample,3,0.046875
process,short-burst,ppo,111,11,argos_mdpv5_process_generalization_evaluate_short-burst_ppo_s111,decrease_sample,0,0.0
process,short-burst,ppo,111,11,argos_mdpv5_process_generalization_evaluate_short-burst_ppo_s111,decrease_freshness,0,0.0
process,short-burst,ppo,111,11,argos_mdpv5_process_generalization_evaluate_short-burst_ppo_s111,increase_freshness,1,0.015625
process,short-burst,ppo,222,22,argos_mdpv5_process_generalization_evaluate_short-burst_ppo_s222,hold,55,0.859375
process,short-burst,ppo,222,22,argos_mdpv5_process_generalization_evaluate_short-burst_ppo_s222,increase_coverage,4,0.0625
process,short-burst,ppo,222,22,argos_mdpv5_process_generalization_evaluate_short-burst_ppo_s222,decrease_coverage,0,0.0
process,short-burst,ppo,222,22,argos_mdpv5_process_generalization_evaluate_short-burst_ppo_s222,increase_sample,3,0.046875
process,short-burst,ppo,222,22,argos_mdpv5_process_generalization_evaluate_short-burst_ppo_s222,decrease_sample,0,0.0
process,short-burst,ppo,222,22,argos_mdpv5_process_generalization_evaluate_short-burst_ppo_s222,decrease_freshness,2,0.03125
process,short-burst,ppo,222,22,argos_mdpv5_process_generalization_evaluate_short-burst_ppo_s222,increase_freshness,0,0.0
process,short-burst,ppo,333,33,argos_mdpv5_process_generalization_evaluate_short-burst_ppo_s333,hold,60,0.9375
process,short-burst,ppo,333,33,argos_mdpv5_process_generalization_evaluate_short-burst_ppo_s333,increase_coverage,4,0.0625
process,short-burst,ppo,333,33,argos_mdpv5_process_generalization_evaluate_short-burst_ppo_s333,decrease_coverage,0,0.0
process,short-burst,ppo,333,33,argos_mdpv5_process_generalization_evaluate_short-burst_ppo_s333,increase_sample,0,0.0
process,short-burst,ppo,333,33,argos_mdpv5_process_generalization_evaluate_short-burst_ppo_s333,decrease_sample,0,0.0
process,short-burst,ppo,333,33,argos_mdpv5_process_generalization_evaluate_short-burst_ppo_s333,decrease_freshness,0,0.0
process,short-burst,ppo,333,33,argos_mdpv5_process_generalization_evaluate_short-burst_ppo_s333,increase_freshness,0,0.0
process,short-burst,ppo,444,44,argos_mdpv5_process_generalization_evaluate_short-burst_ppo_s444,hold,55,0.859375
process,short-burst,ppo,444,44,argos_mdpv5_process_generalization_evaluate_short-burst_ppo_s444,increase_coverage,0,0.0
process,short-burst,ppo,444,44,argos_mdpv5_process_generalization_evaluate_short-burst_ppo_s444,decrease_coverage,4,0.0625
process,short-burst,ppo,444,44,argos_mdpv5_process_generalization_evaluate_short-burst_ppo_s444,increase_sample,3,0.046875
process,short-burst,ppo,444,44,argos_mdpv5_process_generalization_evaluate_short-burst_ppo_s444,decrease_sample,0,0.0
process,short-burst,ppo,444,44,argos_mdpv5_process_generalization_evaluate_short-burst_ppo_s444,decrease_freshness,0,0.0
process,short-burst,ppo,444,44,argos_mdpv5_process_generalization_evaluate_short-burst_ppo_s444,increase_freshness,2,0.03125
process,short-burst,ppo,555,55,argos_mdpv5_process_generalization_evaluate_short-burst_ppo_s555,hold,60,0.9375
process,short-burst,ppo,555,55,argos_mdpv5_process_generalization_evaluate_short-burst_ppo_s555,increase_coverage,0,0.0
process,short-burst,ppo,555,55,argos_mdpv5_process_generalization_evaluate_short-burst_ppo_s555,decrease_coverage,4,0.0625
process,short-burst,ppo,555,55,argos_mdpv5_process_generalization_evaluate_short-burst_ppo_s555,increase_sample,0,0.0
process,short-burst,ppo,555,55,argos_mdpv5_process_generalization_evaluate_short-burst_ppo_s555,decrease_sample,0,0.0
process,short-burst,ppo,555,55,argos_mdpv5_process_generalization_evaluate_short-burst_ppo_s555,decrease_freshness,0,0.0
process,short-burst,ppo,555,55,argos_mdpv5_process_generalization_evaluate_short-burst_ppo_s555,increase_freshness,0,0.0
process,aggressive-incident,static,111,11,argos_mdpv5_process_primary_evaluate_aggressive-incident_static_s111,hold,64,1.0
process,aggressive-incident,static,111,11,argos_mdpv5_process_primary_evaluate_aggressive-incident_static_s111,increase_coverage,0,0.0
process,aggressive-incident,static,111,11,argos_mdpv5_process_primary_evaluate_aggressive-incident_static_s111,decrease_coverage,0,0.0
process,aggressive-incident,static,111,11,argos_mdpv5_process_primary_evaluate_aggressive-incident_static_s111,increase_sample,0,0.0
process,aggressive-incident,static,111,11,argos_mdpv5_process_primary_evaluate_aggressive-incident_static_s111,decrease_sample,0,0.0
process,aggressive-incident,static,111,11,argos_mdpv5_process_primary_evaluate_aggressive-incident_static_s111,decrease_freshness,0,0.0
process,aggressive-incident,static,111,11,argos_mdpv5_process_primary_evaluate_aggressive-incident_static_s111,increase_freshness,0,0.0
process,aggressive-incident,static,222,22,argos_mdpv5_process_primary_evaluate_aggressive-incident_static_s222,hold,64,1.0
process,aggressive-incident,static,222,22,argos_mdpv5_process_primary_evaluate_aggressive-incident_static_s222,increase_coverage,0,0.0
process,aggressive-incident,static,222,22,argos_mdpv5_process_primary_evaluate_aggressive-incident_static_s222,decrease_coverage,0,0.0
process,aggressive-incident,static,222,22,argos_mdpv5_process_primary_evaluate_aggressive-incident_static_s222,increase_sample,0,0.0
process,aggressive-incident,static,222,22,argos_mdpv5_process_primary_evaluate_aggressive-incident_static_s222,decrease_sample,0,0.0
process,aggressive-incident,static,222,22,argos_mdpv5_process_primary_evaluate_aggressive-incident_static_s222,decrease_freshness,0,0.0
process,aggressive-incident,static,222,22,argos_mdpv5_process_primary_evaluate_aggressive-incident_static_s222,increase_freshness,0,0.0
process,aggressive-incident,static,333,33,argos_mdpv5_process_primary_evaluate_aggressive-incident_static_s333,hold,64,1.0
process,aggressive-incident,static,333,33,argos_mdpv5_process_primary_evaluate_aggressive-incident_static_s333,increase_coverage,0,0.0
process,aggressive-incident,static,333,33,argos_mdpv5_process_primary_evaluate_aggressive-incident_static_s333,decrease_coverage,0,0.0
process,aggressive-incident,static,333,33,argos_mdpv5_process_primary_evaluate_aggressive-incident_static_s333,increase_sample,0,0.0
process,aggressive-incident,static,333,33,argos_mdpv5_process_primary_evaluate_aggressive-incident_static_s333,decrease_sample,0,0.0
process,aggressive-incident,static,333,33,argos_mdpv5_process_primary_evaluate_aggressive-incident_static_s333,decrease_freshness,0,0.0
process,aggressive-incident,static,333,33,argos_mdpv5_process_primary_evaluate_aggressive-incident_static_s333,increase_freshness,0,0.0
process,aggressive-incident,static,444,44,argos_mdpv5_process_primary_evaluate_aggressive-incident_static_s444,hold,64,1.0
process,aggressive-incident,static,444,44,argos_mdpv5_process_primary_evaluate_aggressive-incident_static_s444,increase_coverage,0,0.0
process,aggressive-incident,static,444,44,argos_mdpv5_process_primary_evaluate_aggressive-incident_static_s444,decrease_coverage,0,0.0
process,aggressive-incident,static,444,44,argos_mdpv5_process_primary_evaluate_aggressive-incident_static_s444,increase_sample,0,0.0
process,aggressive-incident,static,444,44,argos_mdpv5_process_primary_evaluate_aggressive-incident_static_s444,decrease_sample,0,0.0
process,aggressive-incident,static,444,44,argos_mdpv5_process_primary_evaluate_aggressive-incident_static_s444,decrease_freshness,0,0.0
process,aggressive-incident,static,444,44,argos_mdpv5_process_primary_evaluate_aggressive-incident_static_s444,increase_freshness,0,0.0
process,aggressive-incident,static,555,55,argos_mdpv5_process_primary_evaluate_aggressive-incident_static_s555,hold,64,1.0
process,aggressive-incident,static,555,55,argos_mdpv5_process_primary_evaluate_aggressive-incident_static_s555,increase_coverage,0,0.0
process,aggressive-incident,static,555,55,argos_mdpv5_process_primary_evaluate_aggressive-incident_static_s555,decrease_coverage,0,0.0
process,aggressive-incident,static,555,55,argos_mdpv5_process_primary_evaluate_aggressive-incident_static_s555,increase_sample,0,0.0
process,aggressive-incident,static,555,55,argos_mdpv5_process_primary_evaluate_aggressive-incident_static_s555,decrease_sample,0,0.0
process,aggressive-incident,static,555,55,argos_mdpv5_process_primary_evaluate_aggressive-incident_static_s555,decrease_freshness,0,0.0
process,aggressive-incident,static,555,55,argos_mdpv5_process_primary_evaluate_aggressive-incident_static_s555,increase_freshness,0,0.0
process,aggressive-incident,threshold,111,11,argos_mdpv5_process_primary_evaluate_aggressive-incident_threshold_s111,hold,54,0.84375
process,aggressive-incident,threshold,111,11,argos_mdpv5_process_primary_evaluate_aggressive-incident_threshold_s111,increase_coverage,1,0.015625
process,aggressive-incident,threshold,111,11,argos_mdpv5_process_primary_evaluate_aggressive-incident_threshold_s111,decrease_coverage,4,0.0625
process,aggressive-incident,threshold,111,11,argos_mdpv5_process_primary_evaluate_aggressive-incident_threshold_s111,increase_sample,0,0.0
process,aggressive-incident,threshold,111,11,argos_mdpv5_process_primary_evaluate_aggressive-incident_threshold_s111,decrease_sample,3,0.046875
process,aggressive-incident,threshold,111,11,argos_mdpv5_process_primary_evaluate_aggressive-incident_threshold_s111,decrease_freshness,2,0.03125
process,aggressive-incident,threshold,111,11,argos_mdpv5_process_primary_evaluate_aggressive-incident_threshold_s111,increase_freshness,0,0.0
process,aggressive-incident,threshold,222,22,argos_mdpv5_process_primary_evaluate_aggressive-incident_threshold_s222,hold,42,0.65625
process,aggressive-incident,threshold,222,22,argos_mdpv5_process_primary_evaluate_aggressive-incident_threshold_s222,increase_coverage,3,0.046875
process,aggressive-incident,threshold,222,22,argos_mdpv5_process_primary_evaluate_aggressive-incident_threshold_s222,decrease_coverage,5,0.078125
process,aggressive-incident,threshold,222,22,argos_mdpv5_process_primary_evaluate_aggressive-incident_threshold_s222,increase_sample,3,0.046875
process,aggressive-incident,threshold,222,22,argos_mdpv5_process_primary_evaluate_aggressive-incident_threshold_s222,decrease_sample,6,0.09375
process,aggressive-incident,threshold,222,22,argos_mdpv5_process_primary_evaluate_aggressive-incident_threshold_s222,decrease_freshness,3,0.046875
process,aggressive-incident,threshold,222,22,argos_mdpv5_process_primary_evaluate_aggressive-incident_threshold_s222,increase_freshness,2,0.03125
process,aggressive-incident,threshold,333,33,argos_mdpv5_process_primary_evaluate_aggressive-incident_threshold_s333,hold,54,0.84375
process,aggressive-incident,threshold,333,33,argos_mdpv5_process_primary_evaluate_aggressive-incident_threshold_s333,increase_coverage,1,0.015625
process,aggressive-incident,threshold,333,33,argos_mdpv5_process_primary_evaluate_aggressive-incident_threshold_s333,decrease_coverage,4,0.0625
process,aggressive-incident,threshold,333,33,argos_mdpv5_process_primary_evaluate_aggressive-incident_threshold_s333,increase_sample,0,0.0
process,aggressive-incident,threshold,333,33,argos_mdpv5_process_primary_evaluate_aggressive-incident_threshold_s333,decrease_sample,3,0.046875
process,aggressive-incident,threshold,333,33,argos_mdpv5_process_primary_evaluate_aggressive-incident_threshold_s333,decrease_freshness,2,0.03125
process,aggressive-incident,threshold,333,33,argos_mdpv5_process_primary_evaluate_aggressive-incident_threshold_s333,increase_freshness,0,0.0
process,aggressive-incident,threshold,444,44,argos_mdpv5_process_primary_evaluate_aggressive-incident_threshold_s444,hold,49,0.765625
process,aggressive-incident,threshold,444,44,argos_mdpv5_process_primary_evaluate_aggressive-incident_threshold_s444,increase_coverage,3,0.046875
process,aggressive-incident,threshold,444,44,argos_mdpv5_process_primary_evaluate_aggressive-incident_threshold_s444,decrease_coverage,4,0.0625
process,aggressive-incident,threshold,444,44,argos_mdpv5_process_primary_evaluate_aggressive-incident_threshold_s444,increase_sample,1,0.015625
process,aggressive-incident,threshold,444,44,argos_mdpv5_process_primary_evaluate_aggressive-incident_threshold_s444,decrease_sample,3,0.046875
process,aggressive-incident,threshold,444,44,argos_mdpv5_process_primary_evaluate_aggressive-incident_threshold_s444,decrease_freshness,2,0.03125
process,aggressive-incident,threshold,444,44,argos_mdpv5_process_primary_evaluate_aggressive-incident_threshold_s444,increase_freshness,2,0.03125
process,aggressive-incident,threshold,555,55,argos_mdpv5_process_primary_evaluate_aggressive-incident_threshold_s555,hold,54,0.84375
process,aggressive-incident,threshold,555,55,argos_mdpv5_process_primary_evaluate_aggressive-incident_threshold_s555,increase_coverage,1,0.015625
process,aggressive-incident,threshold,555,55,argos_mdpv5_process_primary_evaluate_aggressive-incident_threshold_s555,decrease_coverage,4,0.0625
process,aggressive-incident,threshold,555,55,argos_mdpv5_process_primary_evaluate_aggressive-incident_threshold_s555,increase_sample,0,0.0
process,aggressive-incident,threshold,555,55,argos_mdpv5_process_primary_evaluate_aggressive-incident_threshold_s555,decrease_sample,3,0.046875
process,aggressive-incident,threshold,555,55,argos_mdpv5_process_primary_evaluate_aggressive-incident_threshold_s555,decrease_freshness,2,0.03125
process,aggressive-incident,threshold,555,55,argos_mdpv5_process_primary_evaluate_aggressive-incident_threshold_s555,increase_freshness,0,0.0
process,aggressive-incident,best_fixed,111,11,argos_mdpv5_process_primary_evaluate_aggressive-incident_best_fixed_s111,hold,64,1.0
process,aggressive-incident,best_fixed,111,11,argos_mdpv5_process_primary_evaluate_aggressive-incident_best_fixed_s111,increase_coverage,0,0.0
process,aggressive-incident,best_fixed,111,11,argos_mdpv5_process_primary_evaluate_aggressive-incident_best_fixed_s111,decrease_coverage,0,0.0
process,aggressive-incident,best_fixed,111,11,argos_mdpv5_process_primary_evaluate_aggressive-incident_best_fixed_s111,increase_sample,0,0.0
process,aggressive-incident,best_fixed,111,11,argos_mdpv5_process_primary_evaluate_aggressive-incident_best_fixed_s111,decrease_sample,0,0.0
process,aggressive-incident,best_fixed,111,11,argos_mdpv5_process_primary_evaluate_aggressive-incident_best_fixed_s111,decrease_freshness,0,0.0
process,aggressive-incident,best_fixed,111,11,argos_mdpv5_process_primary_evaluate_aggressive-incident_best_fixed_s111,increase_freshness,0,0.0
process,aggressive-incident,best_fixed,222,22,argos_mdpv5_process_primary_evaluate_aggressive-incident_best_fixed_s222,hold,64,1.0
process,aggressive-incident,best_fixed,222,22,argos_mdpv5_process_primary_evaluate_aggressive-incident_best_fixed_s222,increase_coverage,0,0.0
process,aggressive-incident,best_fixed,222,22,argos_mdpv5_process_primary_evaluate_aggressive-incident_best_fixed_s222,decrease_coverage,0,0.0
process,aggressive-incident,best_fixed,222,22,argos_mdpv5_process_primary_evaluate_aggressive-incident_best_fixed_s222,increase_sample,0,0.0
process,aggressive-incident,best_fixed,222,22,argos_mdpv5_process_primary_evaluate_aggressive-incident_best_fixed_s222,decrease_sample,0,0.0
process,aggressive-incident,best_fixed,222,22,argos_mdpv5_process_primary_evaluate_aggressive-incident_best_fixed_s222,decrease_freshness,0,0.0
process,aggressive-incident,best_fixed,222,22,argos_mdpv5_process_primary_evaluate_aggressive-incident_best_fixed_s222,increase_freshness,0,0.0
process,aggressive-incident,best_fixed,333,33,argos_mdpv5_process_primary_evaluate_aggressive-incident_best_fixed_s333,hold,64,1.0
process,aggressive-incident,best_fixed,333,33,argos_mdpv5_process_primary_evaluate_aggressive-incident_best_fixed_s333,increase_coverage,0,0.0
process,aggressive-incident,best_fixed,333,33,argos_mdpv5_process_primary_evaluate_aggressive-incident_best_fixed_s333,decrease_coverage,0,0.0
process,aggressive-incident,best_fixed,333,33,argos_mdpv5_process_primary_evaluate_aggressive-incident_best_fixed_s333,increase_sample,0,0.0
process,aggressive-incident,best_fixed,333,33,argos_mdpv5_process_primary_evaluate_aggressive-incident_best_fixed_s333,decrease_sample,0,0.0
process,aggressive-incident,best_fixed,333,33,argos_mdpv5_process_primary_evaluate_aggressive-incident_best_fixed_s333,decrease_freshness,0,0.0
process,aggressive-incident,best_fixed,333,33,argos_mdpv5_process_primary_evaluate_aggressive-incident_best_fixed_s333,increase_freshness,0,0.0
process,aggressive-incident,best_fixed,444,44,argos_mdpv5_process_primary_evaluate_aggressive-incident_best_fixed_s444,hold,64,1.0
process,aggressive-incident,best_fixed,444,44,argos_mdpv5_process_primary_evaluate_aggressive-incident_best_fixed_s444,increase_coverage,0,0.0
process,aggressive-incident,best_fixed,444,44,argos_mdpv5_process_primary_evaluate_aggressive-incident_best_fixed_s444,decrease_coverage,0,0.0
process,aggressive-incident,best_fixed,444,44,argos_mdpv5_process_primary_evaluate_aggressive-incident_best_fixed_s444,increase_sample,0,0.0
process,aggressive-incident,best_fixed,444,44,argos_mdpv5_process_primary_evaluate_aggressive-incident_best_fixed_s444,decrease_sample,0,0.0
process,aggressive-incident,best_fixed,444,44,argos_mdpv5_process_primary_evaluate_aggressive-incident_best_fixed_s444,decrease_freshness,0,0.0
process,aggressive-incident,best_fixed,444,44,argos_mdpv5_process_primary_evaluate_aggressive-incident_best_fixed_s444,increase_freshness,0,0.0
process,aggressive-incident,best_fixed,555,55,argos_mdpv5_process_primary_evaluate_aggressive-incident_best_fixed_s555,hold,64,1.0
process,aggressive-incident,best_fixed,555,55,argos_mdpv5_process_primary_evaluate_aggressive-incident_best_fixed_s555,increase_coverage,0,0.0
process,aggressive-incident,best_fixed,555,55,argos_mdpv5_process_primary_evaluate_aggressive-incident_best_fixed_s555,decrease_coverage,0,0.0
process,aggressive-incident,best_fixed,555,55,argos_mdpv5_process_primary_evaluate_aggressive-incident_best_fixed_s555,increase_sample,0,0.0
process,aggressive-incident,best_fixed,555,55,argos_mdpv5_process_primary_evaluate_aggressive-incident_best_fixed_s555,decrease_sample,0,0.0
process,aggressive-incident,best_fixed,555,55,argos_mdpv5_process_primary_evaluate_aggressive-incident_best_fixed_s555,decrease_freshness,0,0.0
process,aggressive-incident,best_fixed,555,55,argos_mdpv5_process_primary_evaluate_aggressive-incident_best_fixed_s555,increase_freshness,0,0.0
process,aggressive-incident,qlearning,111,11,argos_mdpv5_process_primary_evaluate_aggressive-incident_qlearning_s111,hold,11,0.171875
process,aggressive-incident,qlearning,111,11,argos_mdpv5_process_primary_evaluate_aggressive-incident_qlearning_s111,increase_coverage,5,0.078125
process,aggressive-incident,qlearning,111,11,argos_mdpv5_process_primary_evaluate_aggressive-incident_qlearning_s111,decrease_coverage,8,0.125
process,aggressive-incident,qlearning,111,11,argos_mdpv5_process_primary_evaluate_aggressive-incident_qlearning_s111,increase_sample,10,0.15625
process,aggressive-incident,qlearning,111,11,argos_mdpv5_process_primary_evaluate_aggressive-incident_qlearning_s111,decrease_sample,10,0.15625
process,aggressive-incident,qlearning,111,11,argos_mdpv5_process_primary_evaluate_aggressive-incident_qlearning_s111,decrease_freshness,10,0.15625
process,aggressive-incident,qlearning,111,11,argos_mdpv5_process_primary_evaluate_aggressive-incident_qlearning_s111,increase_freshness,10,0.15625
process,aggressive-incident,qlearning,222,22,argos_mdpv5_process_primary_evaluate_aggressive-incident_qlearning_s222,hold,7,0.109375
process,aggressive-incident,qlearning,222,22,argos_mdpv5_process_primary_evaluate_aggressive-incident_qlearning_s222,increase_coverage,9,0.140625
process,aggressive-incident,qlearning,222,22,argos_mdpv5_process_primary_evaluate_aggressive-incident_qlearning_s222,decrease_coverage,8,0.125
process,aggressive-incident,qlearning,222,22,argos_mdpv5_process_primary_evaluate_aggressive-incident_qlearning_s222,increase_sample,10,0.15625
process,aggressive-incident,qlearning,222,22,argos_mdpv5_process_primary_evaluate_aggressive-incident_qlearning_s222,decrease_sample,13,0.203125
process,aggressive-incident,qlearning,222,22,argos_mdpv5_process_primary_evaluate_aggressive-incident_qlearning_s222,decrease_freshness,9,0.140625
process,aggressive-incident,qlearning,222,22,argos_mdpv5_process_primary_evaluate_aggressive-incident_qlearning_s222,increase_freshness,8,0.125
process,aggressive-incident,qlearning,333,33,argos_mdpv5_process_primary_evaluate_aggressive-incident_qlearning_s333,hold,8,0.125
process,aggressive-incident,qlearning,333,33,argos_mdpv5_process_primary_evaluate_aggressive-incident_qlearning_s333,increase_coverage,7,0.109375
process,aggressive-incident,qlearning,333,33,argos_mdpv5_process_primary_evaluate_aggressive-incident_qlearning_s333,decrease_coverage,9,0.140625
process,aggressive-incident,qlearning,333,33,argos_mdpv5_process_primary_evaluate_aggressive-incident_qlearning_s333,increase_sample,12,0.1875
process,aggressive-incident,qlearning,333,33,argos_mdpv5_process_primary_evaluate_aggressive-incident_qlearning_s333,decrease_sample,15,0.234375
process,aggressive-incident,qlearning,333,33,argos_mdpv5_process_primary_evaluate_aggressive-incident_qlearning_s333,decrease_freshness,6,0.09375
process,aggressive-incident,qlearning,333,33,argos_mdpv5_process_primary_evaluate_aggressive-incident_qlearning_s333,increase_freshness,7,0.109375
process,aggressive-incident,qlearning,444,44,argos_mdpv5_process_primary_evaluate_aggressive-incident_qlearning_s444,hold,8,0.125
process,aggressive-incident,qlearning,444,44,argos_mdpv5_process_primary_evaluate_aggressive-incident_qlearning_s444,increase_coverage,7,0.109375
process,aggressive-incident,qlearning,444,44,argos_mdpv5_process_primary_evaluate_aggressive-incident_qlearning_s444,decrease_coverage,7,0.109375
process,aggressive-incident,qlearning,444,44,argos_mdpv5_process_primary_evaluate_aggressive-incident_qlearning_s444,increase_sample,10,0.15625
process,aggressive-incident,qlearning,444,44,argos_mdpv5_process_primary_evaluate_aggressive-incident_qlearning_s444,decrease_sample,8,0.125
process,aggressive-incident,qlearning,444,44,argos_mdpv5_process_primary_evaluate_aggressive-incident_qlearning_s444,decrease_freshness,12,0.1875
process,aggressive-incident,qlearning,444,44,argos_mdpv5_process_primary_evaluate_aggressive-incident_qlearning_s444,increase_freshness,12,0.1875
process,aggressive-incident,qlearning,555,55,argos_mdpv5_process_primary_evaluate_aggressive-incident_qlearning_s555,hold,6,0.09375
process,aggressive-incident,qlearning,555,55,argos_mdpv5_process_primary_evaluate_aggressive-incident_qlearning_s555,increase_coverage,9,0.140625
process,aggressive-incident,qlearning,555,55,argos_mdpv5_process_primary_evaluate_aggressive-incident_qlearning_s555,decrease_coverage,9,0.140625
process,aggressive-incident,qlearning,555,55,argos_mdpv5_process_primary_evaluate_aggressive-incident_qlearning_s555,increase_sample,11,0.171875
process,aggressive-incident,qlearning,555,55,argos_mdpv5_process_primary_evaluate_aggressive-incident_qlearning_s555,decrease_sample,12,0.1875
process,aggressive-incident,qlearning,555,55,argos_mdpv5_process_primary_evaluate_aggressive-incident_qlearning_s555,decrease_freshness,9,0.140625
process,aggressive-incident,qlearning,555,55,argos_mdpv5_process_primary_evaluate_aggressive-incident_qlearning_s555,increase_freshness,8,0.125
process,aggressive-incident,dqn,111,11,argos_mdpv5_process_primary_evaluate_aggressive-incident_dqn_s111,hold,42,0.65625
process,aggressive-incident,dqn,111,11,argos_mdpv5_process_primary_evaluate_aggressive-incident_dqn_s111,increase_coverage,3,0.046875
process,aggressive-incident,dqn,111,11,argos_mdpv5_process_primary_evaluate_aggressive-incident_dqn_s111,decrease_coverage,0,0.0
process,aggressive-incident,dqn,111,11,argos_mdpv5_process_primary_evaluate_aggressive-incident_dqn_s111,increase_sample,10,0.15625
process,aggressive-incident,dqn,111,11,argos_mdpv5_process_primary_evaluate_aggressive-incident_dqn_s111,decrease_sample,7,0.109375
process,aggressive-incident,dqn,111,11,argos_mdpv5_process_primary_evaluate_aggressive-incident_dqn_s111,decrease_freshness,0,0.0
process,aggressive-incident,dqn,111,11,argos_mdpv5_process_primary_evaluate_aggressive-incident_dqn_s111,increase_freshness,2,0.03125
process,aggressive-incident,dqn,222,22,argos_mdpv5_process_primary_evaluate_aggressive-incident_dqn_s222,hold,12,0.1875
process,aggressive-incident,dqn,222,22,argos_mdpv5_process_primary_evaluate_aggressive-incident_dqn_s222,increase_coverage,6,0.09375
process,aggressive-incident,dqn,222,22,argos_mdpv5_process_primary_evaluate_aggressive-incident_dqn_s222,decrease_coverage,3,0.046875
process,aggressive-incident,dqn,222,22,argos_mdpv5_process_primary_evaluate_aggressive-incident_dqn_s222,increase_sample,4,0.0625
process,aggressive-incident,dqn,222,22,argos_mdpv5_process_primary_evaluate_aggressive-incident_dqn_s222,decrease_sample,1,0.015625
process,aggressive-incident,dqn,222,22,argos_mdpv5_process_primary_evaluate_aggressive-incident_dqn_s222,decrease_freshness,18,0.28125
process,aggressive-incident,dqn,222,22,argos_mdpv5_process_primary_evaluate_aggressive-incident_dqn_s222,increase_freshness,20,0.3125
process,aggressive-incident,dqn,333,33,argos_mdpv5_process_primary_evaluate_aggressive-incident_dqn_s333,hold,57,0.890625
process,aggressive-incident,dqn,333,33,argos_mdpv5_process_primary_evaluate_aggressive-incident_dqn_s333,increase_coverage,3,0.046875
process,aggressive-incident,dqn,333,33,argos_mdpv5_process_primary_evaluate_aggressive-incident_dqn_s333,decrease_coverage,0,0.0
process,aggressive-incident,dqn,333,33,argos_mdpv5_process_primary_evaluate_aggressive-incident_dqn_s333,increase_sample,2,0.03125
process,aggressive-incident,dqn,333,33,argos_mdpv5_process_primary_evaluate_aggressive-incident_dqn_s333,decrease_sample,0,0.0
process,aggressive-incident,dqn,333,33,argos_mdpv5_process_primary_evaluate_aggressive-incident_dqn_s333,decrease_freshness,0,0.0
process,aggressive-incident,dqn,333,33,argos_mdpv5_process_primary_evaluate_aggressive-incident_dqn_s333,increase_freshness,2,0.03125
process,aggressive-incident,dqn,444,44,argos_mdpv5_process_primary_evaluate_aggressive-incident_dqn_s444,hold,40,0.625
process,aggressive-incident,dqn,444,44,argos_mdpv5_process_primary_evaluate_aggressive-incident_dqn_s444,increase_coverage,11,0.171875
process,aggressive-incident,dqn,444,44,argos_mdpv5_process_primary_evaluate_aggressive-incident_dqn_s444,decrease_coverage,8,0.125
process,aggressive-incident,dqn,444,44,argos_mdpv5_process_primary_evaluate_aggressive-incident_dqn_s444,increase_sample,3,0.046875
process,aggressive-incident,dqn,444,44,argos_mdpv5_process_primary_evaluate_aggressive-incident_dqn_s444,decrease_sample,0,0.0
process,aggressive-incident,dqn,444,44,argos_mdpv5_process_primary_evaluate_aggressive-incident_dqn_s444,decrease_freshness,0,0.0
process,aggressive-incident,dqn,444,44,argos_mdpv5_process_primary_evaluate_aggressive-incident_dqn_s444,increase_freshness,2,0.03125
process,aggressive-incident,dqn,555,55,argos_mdpv5_process_primary_evaluate_aggressive-incident_dqn_s555,hold,13,0.203125
process,aggressive-incident,dqn,555,55,argos_mdpv5_process_primary_evaluate_aggressive-incident_dqn_s555,increase_coverage,3,0.046875
process,aggressive-incident,dqn,555,55,argos_mdpv5_process_primary_evaluate_aggressive-incident_dqn_s555,decrease_coverage,0,0.0
process,aggressive-incident,dqn,555,55,argos_mdpv5_process_primary_evaluate_aggressive-incident_dqn_s555,increase_sample,24,0.375
process,aggressive-incident,dqn,555,55,argos_mdpv5_process_primary_evaluate_aggressive-incident_dqn_s555,decrease_sample,22,0.34375
process,aggressive-incident,dqn,555,55,argos_mdpv5_process_primary_evaluate_aggressive-incident_dqn_s555,decrease_freshness,0,0.0
process,aggressive-incident,dqn,555,55,argos_mdpv5_process_primary_evaluate_aggressive-incident_dqn_s555,increase_freshness,2,0.03125
process,aggressive-incident,ppo,111,11,argos_mdpv5_process_primary_evaluate_aggressive-incident_ppo_s111,hold,56,0.875
process,aggressive-incident,ppo,111,11,argos_mdpv5_process_primary_evaluate_aggressive-incident_ppo_s111,increase_coverage,3,0.046875
process,aggressive-incident,ppo,111,11,argos_mdpv5_process_primary_evaluate_aggressive-incident_ppo_s111,decrease_coverage,0,0.0
process,aggressive-incident,ppo,111,11,argos_mdpv5_process_primary_evaluate_aggressive-incident_ppo_s111,increase_sample,3,0.046875
process,aggressive-incident,ppo,111,11,argos_mdpv5_process_primary_evaluate_aggressive-incident_ppo_s111,decrease_sample,0,0.0
process,aggressive-incident,ppo,111,11,argos_mdpv5_process_primary_evaluate_aggressive-incident_ppo_s111,decrease_freshness,0,0.0
process,aggressive-incident,ppo,111,11,argos_mdpv5_process_primary_evaluate_aggressive-incident_ppo_s111,increase_freshness,2,0.03125
process,aggressive-incident,ppo,222,22,argos_mdpv5_process_primary_evaluate_aggressive-incident_ppo_s222,hold,58,0.90625
process,aggressive-incident,ppo,222,22,argos_mdpv5_process_primary_evaluate_aggressive-incident_ppo_s222,increase_coverage,3,0.046875
process,aggressive-incident,ppo,222,22,argos_mdpv5_process_primary_evaluate_aggressive-incident_ppo_s222,decrease_coverage,0,0.0
process,aggressive-incident,ppo,222,22,argos_mdpv5_process_primary_evaluate_aggressive-incident_ppo_s222,increase_sample,3,0.046875
process,aggressive-incident,ppo,222,22,argos_mdpv5_process_primary_evaluate_aggressive-incident_ppo_s222,decrease_sample,0,0.0
process,aggressive-incident,ppo,222,22,argos_mdpv5_process_primary_evaluate_aggressive-incident_ppo_s222,decrease_freshness,0,0.0
process,aggressive-incident,ppo,222,22,argos_mdpv5_process_primary_evaluate_aggressive-incident_ppo_s222,increase_freshness,0,0.0
process,aggressive-incident,ppo,333,33,argos_mdpv5_process_primary_evaluate_aggressive-incident_ppo_s333,hold,61,0.953125
process,aggressive-incident,ppo,333,33,argos_mdpv5_process_primary_evaluate_aggressive-incident_ppo_s333,increase_coverage,3,0.046875
process,aggressive-incident,ppo,333,33,argos_mdpv5_process_primary_evaluate_aggressive-incident_ppo_s333,decrease_coverage,0,0.0
process,aggressive-incident,ppo,333,33,argos_mdpv5_process_primary_evaluate_aggressive-incident_ppo_s333,increase_sample,0,0.0
process,aggressive-incident,ppo,333,33,argos_mdpv5_process_primary_evaluate_aggressive-incident_ppo_s333,decrease_sample,0,0.0
process,aggressive-incident,ppo,333,33,argos_mdpv5_process_primary_evaluate_aggressive-incident_ppo_s333,decrease_freshness,0,0.0
process,aggressive-incident,ppo,333,33,argos_mdpv5_process_primary_evaluate_aggressive-incident_ppo_s333,increase_freshness,0,0.0
process,aggressive-incident,ppo,444,44,argos_mdpv5_process_primary_evaluate_aggressive-incident_ppo_s444,hold,59,0.921875
process,aggressive-incident,ppo,444,44,argos_mdpv5_process_primary_evaluate_aggressive-incident_ppo_s444,increase_coverage,0,0.0
process,aggressive-incident,ppo,444,44,argos_mdpv5_process_primary_evaluate_aggressive-incident_ppo_s444,decrease_coverage,0,0.0
process,aggressive-incident,ppo,444,44,argos_mdpv5_process_primary_evaluate_aggressive-incident_ppo_s444,increase_sample,0,0.0
process,aggressive-incident,ppo,444,44,argos_mdpv5_process_primary_evaluate_aggressive-incident_ppo_s444,decrease_sample,3,0.046875
process,aggressive-incident,ppo,444,44,argos_mdpv5_process_primary_evaluate_aggressive-incident_ppo_s444,decrease_freshness,0,0.0
process,aggressive-incident,ppo,444,44,argos_mdpv5_process_primary_evaluate_aggressive-incident_ppo_s444,increase_freshness,2,0.03125
process,aggressive-incident,ppo,555,55,argos_mdpv5_process_primary_evaluate_aggressive-incident_ppo_s555,hold,24,0.375
process,aggressive-incident,ppo,555,55,argos_mdpv5_process_primary_evaluate_aggressive-incident_ppo_s555,increase_coverage,3,0.046875
process,aggressive-incident,ppo,555,55,argos_mdpv5_process_primary_evaluate_aggressive-incident_ppo_s555,decrease_coverage,0,0.0
process,aggressive-incident,ppo,555,55,argos_mdpv5_process_primary_evaluate_aggressive-incident_ppo_s555,increase_sample,3,0.046875
process,aggressive-incident,ppo,555,55,argos_mdpv5_process_primary_evaluate_aggressive-incident_ppo_s555,decrease_sample,0,0.0
process,aggressive-incident,ppo,555,55,argos_mdpv5_process_primary_evaluate_aggressive-incident_ppo_s555,decrease_freshness,16,0.25
process,aggressive-incident,ppo,555,55,argos_mdpv5_process_primary_evaluate_aggressive-incident_ppo_s555,increase_freshness,18,0.28125
