run_id,scenario,variant,live_seed,minute,cumulative_reward
concurrency_dqn_train11_live1001,concurrency,dqn,1001,0.0,0.338701784172895
concurrency_dqn_train11_live1001,concurrency,dqn,1001,0.5,2.6170819398364387
concurrency_dqn_train11_live1001,concurrency,dqn,1001,1.0,6.543356741589907
concurrency_dqn_train11_live1001,concurrency,dqn,1001,1.5,12.458391492429103
concurrency_dqn_train11_live1001,concurrency,dqn,1001,2.0,20.864642389581707
concurrency_dqn_train11_live1001,concurrency,dqn,1001,2.5,31.65361858308924
concurrency_dqn_train11_live1001,concurrency,dqn,1001,3.0,43.87000632377525
concurrency_dqn_train11_live1001,concurrency,dqn,1001,3.5,57.63566268735612
concurrency_dqn_train11_live1001,concurrency,dqn,1001,4.0,72.39600332111304
concurrency_dqn_train11_live1001,concurrency,dqn,1001,4.5,88.56549795477983
concurrency_dqn_train11_live1001,concurrency,dqn,1001,5.0,106.5887107464425
concurrency_dqn_train11_live1001,concurrency,dqn,1001,5.5,125.72362542168928
concurrency_dqn_train11_live1001,concurrency,dqn,1001,6.0,147.36667389626712
concurrency_dqn_train11_live1001,concurrency,dqn,1001,6.5,170.2456064657895
concurrency_dqn_train11_live1001,concurrency,dqn,1001,7.0,194.17921475316345
concurrency_dqn_train11_live1001,concurrency,dqn,1001,7.5,212.48831016986526
concurrency_dqn_train11_live1001,concurrency,dqn,1001,8.0,219.83745874021136
concurrency_dqn_train11_live1001,concurrency,dqn,1001,8.5,219.577821052664
concurrency_dqn_train11_live1001,concurrency,dqn,1001,9.0,217.644410105685
concurrency_dqn_train11_live1001,concurrency,dqn,1001,9.5,215.8240164802807
concurrency_dqn_train11_live1001,concurrency,dqn,1001,10.0,213.96122266423183
concurrency_dqn_train11_live1001,concurrency,dqn,1001,10.5,211.27951000550587
concurrency_dqn_train11_live1001,concurrency,dqn,1001,11.0,208.61921924289678
concurrency_dqn_train11_live1001,concurrency,dqn,1001,11.5,205.16761132855478
concurrency_dqn_train11_live1001,concurrency,dqn,1001,12.0,201.48380250102684
concurrency_dqn_train11_live1001,concurrency,dqn,1001,12.5,197.26359875206361
concurrency_dqn_train11_live1001,concurrency,dqn,1001,13.0,193.1015126501593
concurrency_dqn_train11_live1001,concurrency,dqn,1001,13.5,189.39570128630433
concurrency_dqn_train11_live1001,concurrency,dqn,1001,14.0,185.67282209896652
concurrency_dqn_train11_live1001,concurrency,dqn,1001,14.5,182.13928040469006
concurrency_dqn_train11_live1001,concurrency,dqn,1001,15.0,177.9812727341582
concurrency_dqn_train11_live1001,concurrency,dqn,1001,15.5,174.25306096622563
concurrency_dqn_train11_live1001,concurrency,dqn,1001,16.0,170.11850427608596
concurrency_dqn_train11_live1001,concurrency,dqn,1001,16.5,166.73094698388715
concurrency_dqn_train11_live1001,concurrency,dqn,1001,17.0,162.78458284219093
concurrency_dqn_train11_live1001,concurrency,dqn,1001,17.5,158.5702321308476
concurrency_dqn_train11_live1001,concurrency,dqn,1001,18.0,154.31461434326246
concurrency_dqn_train11_live1001,concurrency,dqn,1001,18.5,150.22932757916277
concurrency_dqn_train11_live1001,concurrency,dqn,1001,19.0,146.31821362072685
concurrency_dqn_train11_live1001,concurrency,dqn,1001,19.5,142.34544171237835
concurrency_dqn_train11_live1001,concurrency,dqn,1001,20.0,138.71283956714848
concurrency_dqn_train11_live1001,concurrency,dqn,1001,20.5,135.2441464183882
concurrency_dqn_train11_live1001,concurrency,dqn,1001,21.0,131.2878012355023
concurrency_dqn_train11_live1001,concurrency,dqn,1001,21.5,127.19467298592969
concurrency_dqn_train11_live1001,concurrency,dqn,1001,22.0,122.9989406052664
concurrency_dqn_train11_live1001,concurrency,dqn,1001,22.5,119.02607620474951
concurrency_dqn_train11_live1001,concurrency,dqn,1001,23.0,115.07158150893736
concurrency_dqn_train11_live1001,concurrency,dqn,1001,23.5,110.53908424085715
concurrency_dqn_train11_live1001,concurrency,dqn,1001,24.0,106.94768592244651
concurrency_dqn_train11_live1001,concurrency,dqn,1001,24.5,102.67899216455739
concurrency_dqn_train11_live1001,concurrency,dqn,1001,25.0,98.84290125896891
concurrency_dqn_train11_live1001,concurrency,dqn,1001,25.5,94.63752740122261
concurrency_dqn_train11_live1001,concurrency,dqn,1001,26.0,90.36459722065803
concurrency_dqn_train11_live1001,concurrency,dqn,1001,26.5,86.41967416890988
concurrency_dqn_train11_live1001,concurrency,dqn,1001,27.0,81.93729454788844
concurrency_dqn_train11_live1001,concurrency,dqn,1001,27.5,78.44091531139381
concurrency_dqn_train11_live1001,concurrency,dqn,1001,28.0,74.47218117241854
concurrency_dqn_train11_live1001,concurrency,dqn,1001,28.5,70.43739416224054
concurrency_dqn_train11_live1001,concurrency,dqn,1001,29.0,66.36671949330243
concurrency_dqn_train11_live1001,concurrency,dqn,1001,29.5,62.348386364353274
concurrency_dqn_train11_live1001,concurrency,dqn,1001,30.0,58.64132728441876
concurrency_dqn_train22_live1002,concurrency,dqn,1002,0.0,0.33686796773916095
concurrency_dqn_train22_live1002,concurrency,dqn,1002,0.5,2.1373959299992644
concurrency_dqn_train22_live1002,concurrency,dqn,1002,1.0,4.306257667529021
concurrency_dqn_train22_live1002,concurrency,dqn,1002,1.5,8.551545643523166
concurrency_dqn_train22_live1002,concurrency,dqn,1002,2.0,14.684940796657367
concurrency_dqn_train22_live1002,concurrency,dqn,1002,2.5,23.712668419814833
concurrency_dqn_train22_live1002,concurrency,dqn,1002,3.0,35.38994314292808
concurrency_dqn_train22_live1002,concurrency,dqn,1002,3.5,50.01982664564796
concurrency_dqn_train22_live1002,concurrency,dqn,1002,4.0,66.33544141000682
concurrency_dqn_train22_live1002,concurrency,dqn,1002,4.5,84.90681502725096
concurrency_dqn_train22_live1002,concurrency,dqn,1002,5.0,104.65255158995974
concurrency_dqn_train22_live1002,concurrency,dqn,1002,5.5,126.45210021272274
concurrency_dqn_train22_live1002,concurrency,dqn,1002,6.0,151.03540640588844
concurrency_dqn_train22_live1002,concurrency,dqn,1002,6.5,176.04807369251162
concurrency_dqn_train22_live1002,concurrency,dqn,1002,7.0,194.48218355217531
concurrency_dqn_train22_live1002,concurrency,dqn,1002,7.5,210.1829771885421
concurrency_dqn_train22_live1002,concurrency,dqn,1002,8.0,218.8820509475578
concurrency_dqn_train22_live1002,concurrency,dqn,1002,8.5,227.2716164552776
concurrency_dqn_train22_live1002,concurrency,dqn,1002,9.0,235.62425816376935
concurrency_dqn_train22_live1002,concurrency,dqn,1002,9.5,244.3238348329692
concurrency_dqn_train22_live1002,concurrency,dqn,1002,10.0,252.7130763119087
concurrency_dqn_train22_live1002,concurrency,dqn,1002,10.5,261.28744543946084
concurrency_dqn_train22_live1002,concurrency,dqn,1002,11.0,269.44595800608937
concurrency_dqn_train22_live1002,concurrency,dqn,1002,11.5,277.81632032029205
concurrency_dqn_train22_live1002,concurrency,dqn,1002,12.0,286.58603097862846
concurrency_dqn_train22_live1002,concurrency,dqn,1002,12.5,294.7546611923156
concurrency_dqn_train22_live1002,concurrency,dqn,1002,13.0,303.64818199275123
concurrency_dqn_train22_live1002,concurrency,dqn,1002,13.5,312.20652588437304
concurrency_dqn_train22_live1002,concurrency,dqn,1002,14.0,320.7300980700066
concurrency_dqn_train22_live1002,concurrency,dqn,1002,14.5,328.86798318565434
concurrency_dqn_train22_live1002,concurrency,dqn,1002,15.0,337.28507755061156
concurrency_dqn_train22_live1002,concurrency,dqn,1002,15.5,346.0086891866764
concurrency_dqn_train22_live1002,concurrency,dqn,1002,16.0,354.572703093038
concurrency_dqn_train22_live1002,concurrency,dqn,1002,16.5,363.2039570677455
concurrency_dqn_train22_live1002,concurrency,dqn,1002,17.0,371.6593247231327
concurrency_dqn_train22_live1002,concurrency,dqn,1002,17.5,380.0036605098372
concurrency_dqn_train22_live1002,concurrency,dqn,1002,18.0,388.08632993921066
concurrency_dqn_train22_live1002,concurrency,dqn,1002,18.5,396.41785403631457
concurrency_dqn_train22_live1002,concurrency,dqn,1002,19.0,404.8945267448237
concurrency_dqn_train22_live1002,concurrency,dqn,1002,19.5,412.992647154589
concurrency_dqn_train22_live1002,concurrency,dqn,1002,20.0,421.67030667158554
concurrency_dqn_train22_live1002,concurrency,dqn,1002,20.5,430.6080409040619
concurrency_dqn_train22_live1002,concurrency,dqn,1002,21.0,438.8964782462384
concurrency_dqn_train22_live1002,concurrency,dqn,1002,21.5,447.6080909989146
concurrency_dqn_train22_live1002,concurrency,dqn,1002,22.0,456.5021695155288
concurrency_dqn_train22_live1002,concurrency,dqn,1002,22.5,465.1876909056441
concurrency_dqn_train22_live1002,concurrency,dqn,1002,23.0,473.50073278693554
concurrency_dqn_train22_live1002,concurrency,dqn,1002,23.5,481.87063540621904
concurrency_dqn_train22_live1002,concurrency,dqn,1002,24.0,490.53408987794126
concurrency_dqn_train22_live1002,concurrency,dqn,1002,24.5,499.2927151457437
concurrency_dqn_train22_live1002,concurrency,dqn,1002,25.0,507.41475712413677
concurrency_dqn_train22_live1002,concurrency,dqn,1002,25.5,515.7716160571108
concurrency_dqn_train22_live1002,concurrency,dqn,1002,26.0,524.1622745353596
concurrency_dqn_train22_live1002,concurrency,dqn,1002,26.5,532.9975597144169
concurrency_dqn_train22_live1002,concurrency,dqn,1002,27.0,541.5381574623133
concurrency_dqn_train22_live1002,concurrency,dqn,1002,27.5,550.1106751812089
concurrency_dqn_train22_live1002,concurrency,dqn,1002,28.0,559.0382760611201
concurrency_dqn_train22_live1002,concurrency,dqn,1002,28.5,567.3898774969808
concurrency_dqn_train22_live1002,concurrency,dqn,1002,29.0,575.714734681724
concurrency_dqn_train22_live1002,concurrency,dqn,1002,29.5,584.0748843229253
concurrency_dqn_train22_live1002,concurrency,dqn,1002,30.0,592.4367890550908
concurrency_dqn_train33_live1003,concurrency,dqn,1003,0.0,0.33745723897070123
concurrency_dqn_train33_live1003,concurrency,dqn,1003,0.5,2.62266280071667
concurrency_dqn_train33_live1003,concurrency,dqn,1003,1.0,6.309608868400948
concurrency_dqn_train33_live1003,concurrency,dqn,1003,1.5,11.247497115061778
concurrency_dqn_train33_live1003,concurrency,dqn,1003,2.0,16.871644870008467
concurrency_dqn_train33_live1003,concurrency,dqn,1003,2.5,24.669663080961207
concurrency_dqn_train33_live1003,concurrency,dqn,1003,3.0,34.0998984249695
concurrency_dqn_train33_live1003,concurrency,dqn,1003,3.5,45.30509980022959
concurrency_dqn_train33_live1003,concurrency,dqn,1003,4.0,58.62815723506412
concurrency_dqn_train33_live1003,concurrency,dqn,1003,4.5,73.2085504190052
concurrency_dqn_train33_live1003,concurrency,dqn,1003,5.0,89.7499957163375
concurrency_dqn_train33_live1003,concurrency,dqn,1003,5.5,108.43886319261608
concurrency_dqn_train33_live1003,concurrency,dqn,1003,6.0,128.0804035477507
concurrency_dqn_train33_live1003,concurrency,dqn,1003,6.5,148.68776301383076
concurrency_dqn_train33_live1003,concurrency,dqn,1003,7.0,163.2236322956311
concurrency_dqn_train33_live1003,concurrency,dqn,1003,7.5,182.45705806552962
concurrency_dqn_train33_live1003,concurrency,dqn,1003,8.0,189.20666761502346
concurrency_dqn_train33_live1003,concurrency,dqn,1003,8.5,185.54075976406907
concurrency_dqn_train33_live1003,concurrency,dqn,1003,9.0,179.78162240757086
concurrency_dqn_train33_live1003,concurrency,dqn,1003,9.5,174.40225158455024
concurrency_dqn_train33_live1003,concurrency,dqn,1003,10.0,168.75633601735427
concurrency_dqn_train33_live1003,concurrency,dqn,1003,10.5,162.8625605975822
concurrency_dqn_train33_live1003,concurrency,dqn,1003,11.0,157.07503220797489
concurrency_dqn_train33_live1003,concurrency,dqn,1003,11.5,151.7568687190918
concurrency_dqn_train33_live1003,concurrency,dqn,1003,12.0,146.17842268346175
concurrency_dqn_train33_live1003,concurrency,dqn,1003,12.5,140.26605613034957
concurrency_dqn_train33_live1003,concurrency,dqn,1003,13.0,135.05918251278214
concurrency_dqn_train33_live1003,concurrency,dqn,1003,13.5,128.87469626888142
concurrency_dqn_train33_live1003,concurrency,dqn,1003,14.0,123.36323571868175
concurrency_dqn_train33_live1003,concurrency,dqn,1003,14.5,117.9323651461395
concurrency_dqn_train33_live1003,concurrency,dqn,1003,15.0,112.38527168359505
concurrency_dqn_train33_live1003,concurrency,dqn,1003,15.5,106.86511467103622
concurrency_dqn_train33_live1003,concurrency,dqn,1003,16.0,101.38222633566446
concurrency_dqn_train33_live1003,concurrency,dqn,1003,16.5,95.71310761693961
concurrency_dqn_train33_live1003,concurrency,dqn,1003,17.0,89.62164098088205
concurrency_dqn_train33_live1003,concurrency,dqn,1003,17.5,83.73983493517623
concurrency_dqn_train33_live1003,concurrency,dqn,1003,18.0,77.93847224284686
concurrency_dqn_train33_live1003,concurrency,dqn,1003,18.5,72.06074701284437
concurrency_dqn_train33_live1003,concurrency,dqn,1003,19.0,66.47613550348976
concurrency_dqn_train33_live1003,concurrency,dqn,1003,19.5,60.29666886743226
concurrency_dqn_train33_live1003,concurrency,dqn,1003,20.0,54.73954690733135
concurrency_dqn_train33_live1003,concurrency,dqn,1003,20.5,48.56525674186203
concurrency_dqn_train33_live1003,concurrency,dqn,1003,21.0,42.82018302796665
concurrency_dqn_train33_live1003,concurrency,dqn,1003,21.5,37.668497542506124
concurrency_dqn_train33_live1003,concurrency,dqn,1003,22.0,32.12198879676247
concurrency_dqn_train33_live1003,concurrency,dqn,1003,22.5,26.943154209457532
concurrency_dqn_train33_live1003,concurrency,dqn,1003,23.0,21.27189690259698
concurrency_dqn_train33_live1003,concurrency,dqn,1003,23.5,15.187194972421777
concurrency_dqn_train33_live1003,concurrency,dqn,1003,24.0,9.586051901244062
concurrency_dqn_train33_live1003,concurrency,dqn,1003,24.5,3.8138367092730046
concurrency_dqn_train33_live1003,concurrency,dqn,1003,25.0,-1.9980271284215663
concurrency_dqn_train33_live1003,concurrency,dqn,1003,25.5,-7.654908912775381
concurrency_dqn_train33_live1003,concurrency,dqn,1003,26.0,-13.331930523621885
concurrency_dqn_train33_live1003,concurrency,dqn,1003,26.5,-18.86977893208686
concurrency_dqn_train33_live1003,concurrency,dqn,1003,27.0,-24.96342203873264
concurrency_dqn_train33_live1003,concurrency,dqn,1003,27.5,-31.156045537535288
concurrency_dqn_train33_live1003,concurrency,dqn,1003,28.0,-36.48847389738
concurrency_dqn_train33_live1003,concurrency,dqn,1003,28.5,-42.2897810653908
concurrency_dqn_train33_live1003,concurrency,dqn,1003,29.0,-47.880725034292475
concurrency_dqn_train33_live1003,concurrency,dqn,1003,29.5,-53.848963897988824
concurrency_dqn_train33_live1003,concurrency,dqn,1003,30.0,-59.22162609695937
concurrency_dqn_train44_live1004,concurrency,dqn,1004,0.0,0.3337069456429015
concurrency_dqn_train44_live1004,concurrency,dqn,1004,0.5,2.838168028619907
concurrency_dqn_train44_live1004,concurrency,dqn,1004,1.0,7.038686878100789
concurrency_dqn_train44_live1004,concurrency,dqn,1004,1.5,13.440136331692942
concurrency_dqn_train44_live1004,concurrency,dqn,1004,2.0,20.59452731095376
concurrency_dqn_train44_live1004,concurrency,dqn,1004,2.5,29.738418274328357
concurrency_dqn_train44_live1004,concurrency,dqn,1004,3.0,40.06143275616461
concurrency_dqn_train44_live1004,concurrency,dqn,1004,3.5,51.08257983904288
concurrency_dqn_train44_live1004,concurrency,dqn,1004,4.0,63.28079670649246
concurrency_dqn_train44_live1004,concurrency,dqn,1004,4.5,77.22767354790383
concurrency_dqn_train44_live1004,concurrency,dqn,1004,5.0,93.23028616478189
concurrency_dqn_train44_live1004,concurrency,dqn,1004,5.5,111.57548987482893
concurrency_dqn_train44_live1004,concurrency,dqn,1004,6.0,131.98536022833585
concurrency_dqn_train44_live1004,concurrency,dqn,1004,6.5,153.54379391447716
concurrency_dqn_train44_live1004,concurrency,dqn,1004,7.0,175.50094457236506
concurrency_dqn_train44_live1004,concurrency,dqn,1004,7.5,192.60283913745863
concurrency_dqn_train44_live1004,concurrency,dqn,1004,8.0,202.15189259928482
concurrency_dqn_train44_live1004,concurrency,dqn,1004,8.5,210.70391463660712
concurrency_dqn_train44_live1004,concurrency,dqn,1004,9.0,219.10585679257863
concurrency_dqn_train44_live1004,concurrency,dqn,1004,9.5,226.86935735187572
concurrency_dqn_train44_live1004,concurrency,dqn,1004,10.0,234.38117542143405
concurrency_dqn_train44_live1004,concurrency,dqn,1004,10.5,242.1761910054026
concurrency_dqn_train44_live1004,concurrency,dqn,1004,11.0,249.09516593770607
concurrency_dqn_train44_live1004,concurrency,dqn,1004,11.5,256.4048404218736
concurrency_dqn_train44_live1004,concurrency,dqn,1004,12.0,260.86928356440995
concurrency_dqn_train44_live1004,concurrency,dqn,1004,12.5,254.9009651281102
concurrency_dqn_train44_live1004,concurrency,dqn,1004,13.0,245.8054550350865
concurrency_dqn_train44_live1004,concurrency,dqn,1004,13.5,236.5865713161254
concurrency_dqn_train44_live1004,concurrency,dqn,1004,14.0,227.53053886642985
concurrency_dqn_train44_live1004,concurrency,dqn,1004,14.5,218.04885718894175
concurrency_dqn_train44_live1004,concurrency,dqn,1004,15.0,207.5871422594311
concurrency_dqn_train44_live1004,concurrency,dqn,1004,15.5,197.67210399577857
concurrency_dqn_train44_live1004,concurrency,dqn,1004,16.0,187.17301651724821
concurrency_dqn_train44_live1004,concurrency,dqn,1004,16.5,176.7169397352065
concurrency_dqn_train44_live1004,concurrency,dqn,1004,17.0,166.46219186257727
concurrency_dqn_train44_live1004,concurrency,dqn,1004,17.5,155.9688051864714
concurrency_dqn_train44_live1004,concurrency,dqn,1004,18.0,145.9649825472909
concurrency_dqn_train44_live1004,concurrency,dqn,1004,18.5,135.59822633802642
concurrency_dqn_train44_live1004,concurrency,dqn,1004,19.0,125.33762648806804
concurrency_dqn_train44_live1004,concurrency,dqn,1004,19.5,115.08063452501325
concurrency_dqn_train44_live1004,concurrency,dqn,1004,20.0,104.27094447130314
concurrency_dqn_train44_live1004,concurrency,dqn,1004,20.5,93.4440026723688
concurrency_dqn_train44_live1004,concurrency,dqn,1004,21.0,82.8076822177285
concurrency_dqn_train44_live1004,concurrency,dqn,1004,21.5,72.20217793093703
concurrency_dqn_train44_live1004,concurrency,dqn,1004,22.0,61.43821119530882
concurrency_dqn_train44_live1004,concurrency,dqn,1004,22.5,50.815006710918325
concurrency_dqn_train44_live1004,concurrency,dqn,1004,23.0,39.750830680786976
concurrency_dqn_train44_live1004,concurrency,dqn,1004,23.5,28.800122676945133
concurrency_dqn_train44_live1004,concurrency,dqn,1004,24.0,17.999425273772093
concurrency_dqn_train44_live1004,concurrency,dqn,1004,24.5,7.303413832462603
concurrency_dqn_train44_live1004,concurrency,dqn,1004,25.0,-3.6416570855780304
concurrency_dqn_train44_live1004,concurrency,dqn,1004,25.5,-14.407993620465126
concurrency_dqn_train44_live1004,concurrency,dqn,1004,26.0,-25.509643730826866
concurrency_dqn_train44_live1004,concurrency,dqn,1004,26.5,-35.99267039434372
concurrency_dqn_train44_live1004,concurrency,dqn,1004,27.0,-46.95455676023423
concurrency_dqn_train44_live1004,concurrency,dqn,1004,27.5,-58.0692264784391
concurrency_dqn_train44_live1004,concurrency,dqn,1004,28.0,-68.74185149009728
concurrency_dqn_train44_live1004,concurrency,dqn,1004,28.5,-80.02310944359625
concurrency_dqn_train44_live1004,concurrency,dqn,1004,29.0,-91.05284630607316
concurrency_dqn_train44_live1004,concurrency,dqn,1004,29.5,-101.96366068096125
concurrency_dqn_train44_live1004,concurrency,dqn,1004,30.0,-112.33894980981391
concurrency_dqn_train55_live1005,concurrency,dqn,1005,0.0,0.3565854784484489
concurrency_dqn_train55_live1005,concurrency,dqn,1005,0.5,2.7501759768540923
concurrency_dqn_train55_live1005,concurrency,dqn,1005,1.0,5.315552738453391
concurrency_dqn_train55_live1005,concurrency,dqn,1005,1.5,8.652766025722887
concurrency_dqn_train55_live1005,concurrency,dqn,1005,2.0,12.266252067481192
concurrency_dqn_train55_live1005,concurrency,dqn,1005,2.5,17.82531292002734
concurrency_dqn_train55_live1005,concurrency,dqn,1005,3.0,24.43094555850906
concurrency_dqn_train55_live1005,concurrency,dqn,1005,3.5,32.58909077869461
concurrency_dqn_train55_live1005,concurrency,dqn,1005,4.0,41.13741196912167
concurrency_dqn_train55_live1005,concurrency,dqn,1005,4.5,51.34461710828711
concurrency_dqn_train55_live1005,concurrency,dqn,1005,5.0,63.13040066572822
concurrency_dqn_train55_live1005,concurrency,dqn,1005,5.5,74.55951259832916
concurrency_dqn_train55_live1005,concurrency,dqn,1005,6.0,87.93707480307377
concurrency_dqn_train55_live1005,concurrency,dqn,1005,6.5,101.30835470720622
concurrency_dqn_train55_live1005,concurrency,dqn,1005,7.0,117.08993735734171
concurrency_dqn_train55_live1005,concurrency,dqn,1005,7.5,128.38532494726195
concurrency_dqn_train55_live1005,concurrency,dqn,1005,8.0,136.81827618050644
concurrency_dqn_train55_live1005,concurrency,dqn,1005,8.5,141.95362715770275
concurrency_dqn_train55_live1005,concurrency,dqn,1005,9.0,146.71303401210025
concurrency_dqn_train55_live1005,concurrency,dqn,1005,9.5,147.7132688309386
concurrency_dqn_train55_live1005,concurrency,dqn,1005,10.0,150.11697154278139
concurrency_dqn_train55_live1005,concurrency,dqn,1005,10.5,152.68941463961264
concurrency_dqn_train55_live1005,concurrency,dqn,1005,11.0,155.09618620384148
concurrency_dqn_train55_live1005,concurrency,dqn,1005,11.5,157.6649386157125
concurrency_dqn_train55_live1005,concurrency,dqn,1005,12.0,157.2804642540515
concurrency_dqn_train55_live1005,concurrency,dqn,1005,12.5,153.7106728469755
concurrency_dqn_train55_live1005,concurrency,dqn,1005,13.0,150.34705387825178
concurrency_dqn_train55_live1005,concurrency,dqn,1005,13.5,146.42641068749867
concurrency_dqn_train55_live1005,concurrency,dqn,1005,14.0,143.12772968052332
concurrency_dqn_train55_live1005,concurrency,dqn,1005,14.5,139.55223699951628
concurrency_dqn_train55_live1005,concurrency,dqn,1005,15.0,135.85654319656385
concurrency_dqn_train55_live1005,concurrency,dqn,1005,15.5,132.4091732676976
concurrency_dqn_train55_live1005,concurrency,dqn,1005,16.0,128.70642192272928
concurrency_dqn_train55_live1005,concurrency,dqn,1005,16.5,125.0147595874746
concurrency_dqn_train55_live1005,concurrency,dqn,1005,17.0,121.62387638755008
concurrency_dqn_train55_live1005,concurrency,dqn,1005,17.5,117.7748520490352
concurrency_dqn_train55_live1005,concurrency,dqn,1005,18.0,113.94363042690945
concurrency_dqn_train55_live1005,concurrency,dqn,1005,18.5,110.1072323341955
concurrency_dqn_train55_live1005,concurrency,dqn,1005,19.0,106.53134610899713
concurrency_dqn_train55_live1005,concurrency,dqn,1005,19.5,102.93482419667681
concurrency_dqn_train55_live1005,concurrency,dqn,1005,20.0,99.65624403673209
concurrency_dqn_train55_live1005,concurrency,dqn,1005,20.5,96.13480771794774
concurrency_dqn_train55_live1005,concurrency,dqn,1005,21.0,92.31998805660636
concurrency_dqn_train55_live1005,concurrency,dqn,1005,21.5,89.17783187465349
concurrency_dqn_train55_live1005,concurrency,dqn,1005,22.0,85.9887389690417
concurrency_dqn_train55_live1005,concurrency,dqn,1005,22.5,82.85682703951898
concurrency_dqn_train55_live1005,concurrency,dqn,1005,23.0,79.3926143255129
concurrency_dqn_train55_live1005,concurrency,dqn,1005,23.5,75.67569399560094
concurrency_dqn_train55_live1005,concurrency,dqn,1005,24.0,72.36302065719732
concurrency_dqn_train55_live1005,concurrency,dqn,1005,24.5,69.25026887485821
concurrency_dqn_train55_live1005,concurrency,dqn,1005,25.0,66.25272750367914
concurrency_dqn_train55_live1005,concurrency,dqn,1005,25.5,62.40026078351423
concurrency_dqn_train55_live1005,concurrency,dqn,1005,26.0,58.952353874078646
concurrency_dqn_train55_live1005,concurrency,dqn,1005,26.5,55.21535089262063
concurrency_dqn_train55_live1005,concurrency,dqn,1005,27.0,51.849810463176816
concurrency_dqn_train55_live1005,concurrency,dqn,1005,27.5,48.01133393909034
concurrency_dqn_train55_live1005,concurrency,dqn,1005,28.0,44.07285741500388
concurrency_dqn_train55_live1005,concurrency,dqn,1005,28.5,40.618673192601456
concurrency_dqn_train55_live1005,concurrency,dqn,1005,29.0,37.05350500900113
concurrency_dqn_train55_live1005,concurrency,dqn,1005,29.5,33.12828338687547
concurrency_dqn_train55_live1005,concurrency,dqn,1005,30.0,29.68588980912456
concurrency_ppo_train11_live1001,concurrency,ppo,1001,0.0,0.32049784928216296
concurrency_ppo_train11_live1001,concurrency,ppo,1001,0.5,2.6390234614438075
concurrency_ppo_train11_live1001,concurrency,ppo,1001,1.0,5.74163011533549
concurrency_ppo_train11_live1001,concurrency,ppo,1001,1.5,10.45119169264121
concurrency_ppo_train11_live1001,concurrency,ppo,1001,2.0,17.721160470226692
concurrency_ppo_train11_live1001,concurrency,ppo,1001,2.5,27.659399761466748
concurrency_ppo_train11_live1001,concurrency,ppo,1001,3.0,38.61118834970175
concurrency_ppo_train11_live1001,concurrency,ppo,1001,3.5,50.30849579465441
concurrency_ppo_train11_live1001,concurrency,ppo,1001,4.0,62.97381314632083
concurrency_ppo_train11_live1001,concurrency,ppo,1001,4.5,77.61299879508682
concurrency_ppo_train11_live1001,concurrency,ppo,1001,5.0,93.77041452391244
concurrency_ppo_train11_live1001,concurrency,ppo,1001,5.5,110.52470756801654
concurrency_ppo_train11_live1001,concurrency,ppo,1001,6.0,129.29516511808913
concurrency_ppo_train11_live1001,concurrency,ppo,1001,6.5,149.43528427423283
concurrency_ppo_train11_live1001,concurrency,ppo,1001,7.0,172.24747666826676
concurrency_ppo_train11_live1001,concurrency,ppo,1001,7.5,190.98231540054186
concurrency_ppo_train11_live1001,concurrency,ppo,1001,8.0,204.68509452526789
concurrency_ppo_train11_live1001,concurrency,ppo,1001,8.5,211.5738304243135
concurrency_ppo_train11_live1001,concurrency,ppo,1001,9.0,217.17411990062183
concurrency_ppo_train11_live1001,concurrency,ppo,1001,9.5,222.42279628785334
concurrency_ppo_train11_live1001,concurrency,ppo,1001,10.0,227.83966875351632
concurrency_ppo_train11_live1001,concurrency,ppo,1001,10.5,233.14795298388503
concurrency_ppo_train11_live1001,concurrency,ppo,1001,11.0,238.91375284880567
concurrency_ppo_train11_live1001,concurrency,ppo,1001,11.5,244.38563688463339
concurrency_ppo_train11_live1001,concurrency,ppo,1001,12.0,249.75607797774734
concurrency_ppo_train11_live1001,concurrency,ppo,1001,12.5,255.59246651081156
concurrency_ppo_train11_live1001,concurrency,ppo,1001,13.0,261.1474773631913
concurrency_ppo_train11_live1001,concurrency,ppo,1001,13.5,266.87769167603363
concurrency_ppo_train11_live1001,concurrency,ppo,1001,14.0,272.4413299141609
concurrency_ppo_train11_live1001,concurrency,ppo,1001,14.5,277.59514355629443
concurrency_ppo_train11_live1001,concurrency,ppo,1001,15.0,283.21472953406465
concurrency_ppo_train11_live1001,concurrency,ppo,1001,15.5,288.96090578436264
concurrency_ppo_train11_live1001,concurrency,ppo,1001,16.0,294.74793725330727
concurrency_ppo_train11_live1001,concurrency,ppo,1001,16.5,300.5110473247451
concurrency_ppo_train11_live1001,concurrency,ppo,1001,17.0,306.1188672741697
concurrency_ppo_train11_live1001,concurrency,ppo,1001,17.5,312.1495005070848
concurrency_ppo_train11_live1001,concurrency,ppo,1001,18.0,317.70636517693015
concurrency_ppo_train11_live1001,concurrency,ppo,1001,18.5,323.13531607396556
concurrency_ppo_train11_live1001,concurrency,ppo,1001,19.0,328.77943670741246
concurrency_ppo_train11_live1001,concurrency,ppo,1001,19.5,334.19375000695726
concurrency_ppo_train11_live1001,concurrency,ppo,1001,20.0,339.8520204707662
concurrency_ppo_train11_live1001,concurrency,ppo,1001,20.5,345.4548481796688
concurrency_ppo_train11_live1001,concurrency,ppo,1001,21.0,351.31703343666675
concurrency_ppo_train11_live1001,concurrency,ppo,1001,21.5,357.06267517799455
concurrency_ppo_train11_live1001,concurrency,ppo,1001,22.0,363.1787196746161
concurrency_ppo_train11_live1001,concurrency,ppo,1001,22.5,369.0167911671669
concurrency_ppo_train11_live1001,concurrency,ppo,1001,23.0,374.82784549428635
concurrency_ppo_train11_live1001,concurrency,ppo,1001,23.5,380.1439336462236
concurrency_ppo_train11_live1001,concurrency,ppo,1001,24.0,385.74179132023636
concurrency_ppo_train11_live1001,concurrency,ppo,1001,24.5,391.09164417805613
concurrency_ppo_train11_live1001,concurrency,ppo,1001,25.0,396.6099894184938
concurrency_ppo_train11_live1001,concurrency,ppo,1001,25.5,402.19591718827894
concurrency_ppo_train11_live1001,concurrency,ppo,1001,26.0,407.5258876931574
concurrency_ppo_train11_live1001,concurrency,ppo,1001,26.5,412.7480052568593
concurrency_ppo_train11_live1001,concurrency,ppo,1001,27.0,418.19830518686405
concurrency_ppo_train11_live1001,concurrency,ppo,1001,27.5,423.79464747566647
concurrency_ppo_train11_live1001,concurrency,ppo,1001,28.0,429.0944219021138
concurrency_ppo_train11_live1001,concurrency,ppo,1001,28.5,434.726331041875
concurrency_ppo_train11_live1001,concurrency,ppo,1001,29.0,440.41580571420633
concurrency_ppo_train11_live1001,concurrency,ppo,1001,29.5,446.3118860974468
concurrency_ppo_train11_live1001,concurrency,ppo,1001,30.0,451.707626254136
concurrency_ppo_train22_live1002,concurrency,ppo,1002,0.0,0.35655369172823426
concurrency_ppo_train22_live1002,concurrency,ppo,1002,0.5,2.750405475371813
concurrency_ppo_train22_live1002,concurrency,ppo,1002,1.0,5.273672943420999
concurrency_ppo_train22_live1002,concurrency,ppo,1002,1.5,8.62987683689613
concurrency_ppo_train22_live1002,concurrency,ppo,1002,2.0,12.922258720667008
concurrency_ppo_train22_live1002,concurrency,ppo,1002,2.5,18.177651964200354
concurrency_ppo_train22_live1002,concurrency,ppo,1002,3.0,26.1495833966836
concurrency_ppo_train22_live1002,concurrency,ppo,1002,3.5,36.4017339596967
concurrency_ppo_train22_live1002,concurrency,ppo,1002,4.0,47.542732843936186
concurrency_ppo_train22_live1002,concurrency,ppo,1002,4.5,61.1629392714234
concurrency_ppo_train22_live1002,concurrency,ppo,1002,5.0,75.77662287679615
concurrency_ppo_train22_live1002,concurrency,ppo,1002,5.5,91.1815091082124
concurrency_ppo_train22_live1002,concurrency,ppo,1002,6.0,107.61296113715075
concurrency_ppo_train22_live1002,concurrency,ppo,1002,6.5,124.36703012114792
concurrency_ppo_train22_live1002,concurrency,ppo,1002,7.0,134.5303709271443
concurrency_ppo_train22_live1002,concurrency,ppo,1002,7.5,144.3837523562513
concurrency_ppo_train22_live1002,concurrency,ppo,1002,8.0,150.9273180323581
concurrency_ppo_train22_live1002,concurrency,ppo,1002,8.5,156.27014344330263
concurrency_ppo_train22_live1002,concurrency,ppo,1002,9.0,159.7831377005932
concurrency_ppo_train22_live1002,concurrency,ppo,1002,9.5,158.21735474159988
concurrency_ppo_train22_live1002,concurrency,ppo,1002,10.0,169.03878200563614
concurrency_ppo_train22_live1002,concurrency,ppo,1002,10.5,180.66884773710257
concurrency_ppo_train22_live1002,concurrency,ppo,1002,11.0,180.61142671723283
concurrency_ppo_train22_live1002,concurrency,ppo,1002,11.5,179.2815334846542
concurrency_ppo_train22_live1002,concurrency,ppo,1002,12.0,176.04192979198223
concurrency_ppo_train22_live1002,concurrency,ppo,1002,12.5,172.18675537536419
concurrency_ppo_train22_live1002,concurrency,ppo,1002,13.0,168.33099951267585
concurrency_ppo_train22_live1002,concurrency,ppo,1002,13.5,164.6842787699392
concurrency_ppo_train22_live1002,concurrency,ppo,1002,14.0,161.04317899857497
concurrency_ppo_train22_live1002,concurrency,ppo,1002,14.5,157.5638828238864
concurrency_ppo_train22_live1002,concurrency,ppo,1002,15.0,154.0863833620022
concurrency_ppo_train22_live1002,concurrency,ppo,1002,15.5,150.9228470189871
concurrency_ppo_train22_live1002,concurrency,ppo,1002,16.0,147.08579024942796
concurrency_ppo_train22_live1002,concurrency,ppo,1002,16.5,143.73391628243198
concurrency_ppo_train22_live1002,concurrency,ppo,1002,17.0,140.4486071446282
concurrency_ppo_train22_live1002,concurrency,ppo,1002,17.5,136.57363619940946
concurrency_ppo_train22_live1002,concurrency,ppo,1002,18.0,133.05177633639553
concurrency_ppo_train22_live1002,concurrency,ppo,1002,18.5,129.48864628849086
concurrency_ppo_train22_live1002,concurrency,ppo,1002,19.0,125.83697300587072
concurrency_ppo_train22_live1002,concurrency,ppo,1002,19.5,122.10494355636212
concurrency_ppo_train22_live1002,concurrency,ppo,1002,20.0,118.52602375796532
concurrency_ppo_train22_live1002,concurrency,ppo,1002,20.5,115.0337411779678
concurrency_ppo_train22_live1002,concurrency,ppo,1002,21.0,111.19898832997725
concurrency_ppo_train22_live1002,concurrency,ppo,1002,21.5,107.36443623305263
concurrency_ppo_train22_live1002,concurrency,ppo,1002,22.0,103.9497707531885
concurrency_ppo_train22_live1002,concurrency,ppo,1002,22.5,100.14678261108038
concurrency_ppo_train22_live1002,concurrency,ppo,1002,23.0,96.35587290034478
concurrency_ppo_train22_live1002,concurrency,ppo,1002,23.5,92.45970828764831
concurrency_ppo_train22_live1002,concurrency,ppo,1002,24.0,88.89265538141517
concurrency_ppo_train22_live1002,concurrency,ppo,1002,24.5,85.24375099063047
concurrency_ppo_train22_live1002,concurrency,ppo,1002,25.0,81.3421868744985
concurrency_ppo_train22_live1002,concurrency,ppo,1002,25.5,77.57570824375979
concurrency_ppo_train22_live1002,concurrency,ppo,1002,26.0,73.67738843064349
concurrency_ppo_train22_live1002,concurrency,ppo,1002,26.5,69.85212577873138
concurrency_ppo_train22_live1002,concurrency,ppo,1002,27.0,66.26151672910545
concurrency_ppo_train22_live1002,concurrency,ppo,1002,27.5,62.593134982549756
concurrency_ppo_train22_live1002,concurrency,ppo,1002,28.0,58.93640885634902
concurrency_ppo_train22_live1002,concurrency,ppo,1002,28.5,55.30977881111646
concurrency_ppo_train22_live1002,concurrency,ppo,1002,29.0,51.27648674743965
concurrency_ppo_train22_live1002,concurrency,ppo,1002,29.5,47.54008145281082
concurrency_ppo_train22_live1002,concurrency,ppo,1002,30.0,44.26330118954153
concurrency_ppo_train33_live1003,concurrency,ppo,1003,0.0,0.3562751486342527
concurrency_ppo_train33_live1003,concurrency,ppo,1003,0.5,2.795665349089652
concurrency_ppo_train33_live1003,concurrency,ppo,1003,1.0,6.187313279562014
concurrency_ppo_train33_live1003,concurrency,ppo,1003,1.5,11.64659067141062
concurrency_ppo_train33_live1003,concurrency,ppo,1003,2.0,18.780987986540147
concurrency_ppo_train33_live1003,concurrency,ppo,1003,2.5,26.744825251636687
concurrency_ppo_train33_live1003,concurrency,ppo,1003,3.0,35.84498778256858
concurrency_ppo_train33_live1003,concurrency,ppo,1003,3.5,46.534044384487785
concurrency_ppo_train33_live1003,concurrency,ppo,1003,4.0,59.479873257541044
concurrency_ppo_train33_live1003,concurrency,ppo,1003,4.5,72.96445567219575
concurrency_ppo_train33_live1003,concurrency,ppo,1003,5.0,88.64129769679191
concurrency_ppo_train33_live1003,concurrency,ppo,1003,5.5,106.17820814433382
concurrency_ppo_train33_live1003,concurrency,ppo,1003,6.0,125.98508804614117
concurrency_ppo_train33_live1003,concurrency,ppo,1003,6.5,146.54807670330572
concurrency_ppo_train33_live1003,concurrency,ppo,1003,7.0,160.8024331419504
concurrency_ppo_train33_live1003,concurrency,ppo,1003,7.5,173.02493562260838
concurrency_ppo_train33_live1003,concurrency,ppo,1003,8.0,181.39342296979726
concurrency_ppo_train33_live1003,concurrency,ppo,1003,8.5,184.18690334541841
concurrency_ppo_train33_live1003,concurrency,ppo,1003,9.0,185.4919392492745
concurrency_ppo_train33_live1003,concurrency,ppo,1003,9.5,186.68128887862073
concurrency_ppo_train33_live1003,concurrency,ppo,1003,10.0,188.91225281680678
concurrency_ppo_train33_live1003,concurrency,ppo,1003,10.5,190.37599460301576
concurrency_ppo_train33_live1003,concurrency,ppo,1003,11.0,192.00498925220177
concurrency_ppo_train33_live1003,concurrency,ppo,1003,11.5,194.11532272338223
concurrency_ppo_train33_live1003,concurrency,ppo,1003,12.0,195.5556919605716
concurrency_ppo_train33_live1003,concurrency,ppo,1003,12.5,197.8669205081557
concurrency_ppo_train33_live1003,concurrency,ppo,1003,13.0,199.4813292001115
concurrency_ppo_train33_live1003,concurrency,ppo,1003,13.5,201.0797881115845
concurrency_ppo_train33_live1003,concurrency,ppo,1003,14.0,202.8933156747292
concurrency_ppo_train33_live1003,concurrency,ppo,1003,14.5,204.1120875304196
concurrency_ppo_train33_live1003,concurrency,ppo,1003,15.0,205.91365979856988
concurrency_ppo_train33_live1003,concurrency,ppo,1003,15.5,207.7896228195914
concurrency_ppo_train33_live1003,concurrency,ppo,1003,16.0,209.25022735089843
concurrency_ppo_train33_live1003,concurrency,ppo,1003,16.5,210.6984397253427
concurrency_ppo_train33_live1003,concurrency,ppo,1003,17.0,212.6663993242686
concurrency_ppo_train33_live1003,concurrency,ppo,1003,17.5,214.3199899762222
concurrency_ppo_train33_live1003,concurrency,ppo,1003,18.0,216.3666433191132
concurrency_ppo_train33_live1003,concurrency,ppo,1003,18.5,217.84969883081243
concurrency_ppo_train33_live1003,concurrency,ppo,1003,19.0,219.96647726730677
concurrency_ppo_train33_live1003,concurrency,ppo,1003,19.5,221.81024418146043
concurrency_ppo_train33_live1003,concurrency,ppo,1003,20.0,223.6846569025438
concurrency_ppo_train33_live1003,concurrency,ppo,1003,20.5,224.93635947306657
concurrency_ppo_train33_live1003,concurrency,ppo,1003,21.0,226.29831694554997
concurrency_ppo_train33_live1003,concurrency,ppo,1003,21.5,228.753126200874
concurrency_ppo_train33_live1003,concurrency,ppo,1003,22.0,230.0169072027693
concurrency_ppo_train33_live1003,concurrency,ppo,1003,22.5,232.04738540878702
concurrency_ppo_train33_live1003,concurrency,ppo,1003,23.0,233.67916646211788
concurrency_ppo_train33_live1003,concurrency,ppo,1003,23.5,235.52283391104888
concurrency_ppo_train33_live1003,concurrency,ppo,1003,24.0,237.4153647710004
concurrency_ppo_train33_live1003,concurrency,ppo,1003,24.5,238.64259675328788
concurrency_ppo_train33_live1003,concurrency,ppo,1003,25.0,239.86182873557533
concurrency_ppo_train33_live1003,concurrency,ppo,1003,25.5,241.54238991756566
concurrency_ppo_train33_live1003,concurrency,ppo,1003,26.0,243.55493969230426
concurrency_ppo_train33_live1003,concurrency,ppo,1003,26.5,245.05664406021683
concurrency_ppo_train33_live1003,concurrency,ppo,1003,27.0,246.68990966440956
concurrency_ppo_train33_live1003,concurrency,ppo,1003,27.5,248.8471377327115
concurrency_ppo_train33_live1003,concurrency,ppo,1003,28.0,250.5116737461706
concurrency_ppo_train33_live1003,concurrency,ppo,1003,28.5,252.16186168579213
concurrency_ppo_train33_live1003,concurrency,ppo,1003,29.0,253.96652844238344
concurrency_ppo_train33_live1003,concurrency,ppo,1003,29.5,255.57044321608106
concurrency_ppo_train33_live1003,concurrency,ppo,1003,30.0,257.2166765798691
concurrency_ppo_train44_live1004,concurrency,ppo,1004,0.0,0.35498229714039053
concurrency_ppo_train44_live1004,concurrency,ppo,1004,0.5,2.7943859692328594
concurrency_ppo_train44_live1004,concurrency,ppo,1004,1.0,6.079300824217268
concurrency_ppo_train44_live1004,concurrency,ppo,1004,1.5,10.48610594516771
concurrency_ppo_train44_live1004,concurrency,ppo,1004,2.0,15.199957391197174
concurrency_ppo_train44_live1004,concurrency,ppo,1004,2.5,21.398162528701462
concurrency_ppo_train44_live1004,concurrency,ppo,1004,3.0,28.58973293706593
concurrency_ppo_train44_live1004,concurrency,ppo,1004,3.5,37.45641081081893
concurrency_ppo_train44_live1004,concurrency,ppo,1004,4.0,48.32808563356276
concurrency_ppo_train44_live1004,concurrency,ppo,1004,4.5,60.299843574237656
concurrency_ppo_train44_live1004,concurrency,ppo,1004,5.0,74.90476598985163
concurrency_ppo_train44_live1004,concurrency,ppo,1004,5.5,91.08821347955194
concurrency_ppo_train44_live1004,concurrency,ppo,1004,6.0,107.89151287541739
concurrency_ppo_train44_live1004,concurrency,ppo,1004,6.5,125.60617125651265
concurrency_ppo_train44_live1004,concurrency,ppo,1004,7.0,144.7697565615011
concurrency_ppo_train44_live1004,concurrency,ppo,1004,7.5,158.86031899833552
concurrency_ppo_train44_live1004,concurrency,ppo,1004,8.0,167.40990512201154
concurrency_ppo_train44_live1004,concurrency,ppo,1004,8.5,168.88602603918721
concurrency_ppo_train44_live1004,concurrency,ppo,1004,9.0,170.34359793675506
concurrency_ppo_train44_live1004,concurrency,ppo,1004,9.5,172.0267820176904
concurrency_ppo_train44_live1004,concurrency,ppo,1004,10.0,173.71309829312355
concurrency_ppo_train44_live1004,concurrency,ppo,1004,10.5,175.7077518046042
concurrency_ppo_train44_live1004,concurrency,ppo,1004,11.0,177.18497076099558
concurrency_ppo_train44_live1004,concurrency,ppo,1004,11.5,179.0611897622373
concurrency_ppo_train44_live1004,concurrency,ppo,1004,12.0,180.49625185588363
concurrency_ppo_train44_live1004,concurrency,ppo,1004,12.5,181.9333139495299
concurrency_ppo_train44_live1004,concurrency,ppo,1004,13.0,183.87390370173728
concurrency_ppo_train44_live1004,concurrency,ppo,1004,13.5,185.3944952071483
concurrency_ppo_train44_live1004,concurrency,ppo,1004,14.0,187.30932241999065
concurrency_ppo_train44_live1004,concurrency,ppo,1004,14.5,188.69054137638184
concurrency_ppo_train44_live1004,concurrency,ppo,1004,15.0,190.38026202856804
concurrency_ppo_train44_live1004,concurrency,ppo,1004,15.5,192.33378244907914
concurrency_ppo_train44_live1004,concurrency,ppo,1004,16.0,194.0369440643028
concurrency_ppo_train44_live1004,concurrency,ppo,1004,16.5,196.0518829186725
concurrency_ppo_train44_live1004,concurrency,ppo,1004,17.0,197.6119254044756
concurrency_ppo_train44_live1004,concurrency,ppo,1004,17.5,199.73194731796917
concurrency_ppo_train44_live1004,concurrency,ppo,1004,18.0,201.64212736023973
concurrency_ppo_train44_live1004,concurrency,ppo,1004,18.5,203.09275808133714
concurrency_ppo_train44_live1004,concurrency,ppo,1004,19.0,204.57373684165017
concurrency_ppo_train44_live1004,concurrency,ppo,1004,19.5,206.2690946808222
concurrency_ppo_train44_live1004,concurrency,ppo,1004,20.0,208.14728197819977
concurrency_ppo_train44_live1004,concurrency,ppo,1004,20.5,209.5516479934148
concurrency_ppo_train44_live1004,concurrency,ppo,1004,21.0,211.19071907267985
concurrency_ppo_train44_live1004,concurrency,ppo,1004,21.5,212.95098506752478
concurrency_ppo_train44_live1004,concurrency,ppo,1004,22.0,214.47668441607303
concurrency_ppo_train44_live1004,concurrency,ppo,1004,22.5,216.07530042195546
concurrency_ppo_train44_live1004,concurrency,ppo,1004,23.0,217.94962957492916
concurrency_ppo_train44_live1004,concurrency,ppo,1004,23.5,219.74087426294588
concurrency_ppo_train44_live1004,concurrency,ppo,1004,24.0,221.61384081771024
concurrency_ppo_train44_live1004,concurrency,ppo,1004,24.5,222.93325585253308
concurrency_ppo_train44_live1004,concurrency,ppo,1004,25.0,224.71398700916703
concurrency_ppo_train44_live1004,concurrency,ppo,1004,25.5,226.12854910281334
concurrency_ppo_train44_live1004,concurrency,ppo,1004,26.0,227.62813080430274
concurrency_ppo_train44_live1004,concurrency,ppo,1004,26.5,229.0544576038315
concurrency_ppo_train44_live1004,concurrency,ppo,1004,27.0,230.74442612651157
concurrency_ppo_train44_live1004,concurrency,ppo,1004,27.5,232.56629468003936
concurrency_ppo_train44_live1004,concurrency,ppo,1004,28.0,234.15691450329663
concurrency_ppo_train44_live1004,concurrency,ppo,1004,28.5,235.78358846554053
concurrency_ppo_train44_live1004,concurrency,ppo,1004,29.0,237.67407187053416
concurrency_ppo_train44_live1004,concurrency,ppo,1004,29.5,239.4846874335453
concurrency_ppo_train44_live1004,concurrency,ppo,1004,30.0,241.1625860655727
concurrency_ppo_train55_live1005,concurrency,ppo,1005,0.0,0.3549833554766141
concurrency_ppo_train55_live1005,concurrency,ppo,1005,0.5,2.522811277811515
concurrency_ppo_train55_live1005,concurrency,ppo,1005,1.0,5.334979988710931
concurrency_ppo_train55_live1005,concurrency,ppo,1005,1.5,9.206480981051953
concurrency_ppo_train55_live1005,concurrency,ppo,1005,2.0,13.345050548870809
concurrency_ppo_train55_live1005,concurrency,ppo,1005,2.5,19.70837527369215
concurrency_ppo_train55_live1005,concurrency,ppo,1005,3.0,27.64483937962121
concurrency_ppo_train55_live1005,concurrency,ppo,1005,3.5,37.47615866368895
concurrency_ppo_train55_live1005,concurrency,ppo,1005,4.0,48.93863779409317
concurrency_ppo_train55_live1005,concurrency,ppo,1005,4.5,62.19295479199426
concurrency_ppo_train55_live1005,concurrency,ppo,1005,5.0,76.09582894590119
concurrency_ppo_train55_live1005,concurrency,ppo,1005,5.5,90.40705456811862
concurrency_ppo_train55_live1005,concurrency,ppo,1005,6.0,105.99571553195156
concurrency_ppo_train55_live1005,concurrency,ppo,1005,6.5,122.15291423750753
concurrency_ppo_train55_live1005,concurrency,ppo,1005,7.0,140.8701611926336
concurrency_ppo_train55_live1005,concurrency,ppo,1005,7.5,156.60832571358847
concurrency_ppo_train55_live1005,concurrency,ppo,1005,8.0,176.31474944767993
concurrency_ppo_train55_live1005,concurrency,ppo,1005,8.5,183.74722743455402
concurrency_ppo_train55_live1005,concurrency,ppo,1005,9.0,189.11699185318255
concurrency_ppo_train55_live1005,concurrency,ppo,1005,9.5,194.2663241663999
concurrency_ppo_train55_live1005,concurrency,ppo,1005,10.0,199.5584190865174
concurrency_ppo_train55_live1005,concurrency,ppo,1005,10.5,204.5663992355837
concurrency_ppo_train55_live1005,concurrency,ppo,1005,11.0,209.4755170841326
concurrency_ppo_train55_live1005,concurrency,ppo,1005,11.5,214.6495835454083
concurrency_ppo_train55_live1005,concurrency,ppo,1005,12.0,219.55982556718732
concurrency_ppo_train55_live1005,concurrency,ppo,1005,12.5,224.62410578385715
concurrency_ppo_train55_live1005,concurrency,ppo,1005,13.0,229.5444269424177
concurrency_ppo_train55_live1005,concurrency,ppo,1005,13.5,234.96604018995382
concurrency_ppo_train55_live1005,concurrency,ppo,1005,14.0,240.1787651887413
concurrency_ppo_train55_live1005,concurrency,ppo,1005,14.5,244.83834369680866
concurrency_ppo_train55_live1005,concurrency,ppo,1005,15.0,247.78225560694634
concurrency_ppo_train55_live1005,concurrency,ppo,1005,15.5,251.64544692884886
concurrency_ppo_train55_live1005,concurrency,ppo,1005,16.0,255.87576566746947
concurrency_ppo_train55_live1005,concurrency,ppo,1005,16.5,260.3285535011127
concurrency_ppo_train55_live1005,concurrency,ppo,1005,17.0,265.0546520524674
concurrency_ppo_train55_live1005,concurrency,ppo,1005,17.5,269.62495319066056
concurrency_ppo_train55_live1005,concurrency,ppo,1005,18.0,274.36247619005843
concurrency_ppo_train55_live1005,concurrency,ppo,1005,18.5,278.47587517866543
concurrency_ppo_train55_live1005,concurrency,ppo,1005,19.0,282.47505669664645
concurrency_ppo_train55_live1005,concurrency,ppo,1005,19.5,286.61961016730237
concurrency_ppo_train55_live1005,concurrency,ppo,1005,20.0,291.1236280168797
concurrency_ppo_train55_live1005,concurrency,ppo,1005,20.5,295.2210215423689
concurrency_ppo_train55_live1005,concurrency,ppo,1005,21.0,299.57069169472754
concurrency_ppo_train55_live1005,concurrency,ppo,1005,21.5,303.74024547041813
concurrency_ppo_train55_live1005,concurrency,ppo,1005,22.0,308.01430831759893
concurrency_ppo_train55_live1005,concurrency,ppo,1005,22.5,312.2784596893133
concurrency_ppo_train55_live1005,concurrency,ppo,1005,23.0,316.84881051597637
concurrency_ppo_train55_live1005,concurrency,ppo,1005,23.5,321.5210498764993
concurrency_ppo_train55_live1005,concurrency,ppo,1005,24.0,325.31094708075483
concurrency_ppo_train55_live1005,concurrency,ppo,1005,24.5,329.7708354508797
concurrency_ppo_train55_live1005,concurrency,ppo,1005,25.0,333.83803564354446
concurrency_ppo_train55_live1005,concurrency,ppo,1005,25.5,337.5720357889763
concurrency_ppo_train55_live1005,concurrency,ppo,1005,26.0,341.4047663265649
concurrency_ppo_train55_live1005,concurrency,ppo,1005,26.5,345.6856865565883
concurrency_ppo_train55_live1005,concurrency,ppo,1005,27.0,350.00628777049025
concurrency_ppo_train55_live1005,concurrency,ppo,1005,27.5,354.2899002259716
concurrency_ppo_train55_live1005,concurrency,ppo,1005,28.0,359.06617886134427
concurrency_ppo_train55_live1005,concurrency,ppo,1005,28.5,363.272157070002
concurrency_ppo_train55_live1005,concurrency,ppo,1005,29.0,367.42518188801046
concurrency_ppo_train55_live1005,concurrency,ppo,1005,29.5,371.48191946030806
concurrency_ppo_train55_live1005,concurrency,ppo,1005,30.0,375.8344307391102
concurrency_static_train11_live1001,concurrency,static,1001,0.0,0.3049611213235657
concurrency_static_train11_live1001,concurrency,static,1001,0.5,1.8605194893020105
concurrency_static_train11_live1001,concurrency,static,1001,1.0,3.750646269343102
concurrency_static_train11_live1001,concurrency,static,1001,1.5,6.798310030002815
concurrency_static_train11_live1001,concurrency,static,1001,2.0,10.711942732125896
concurrency_static_train11_live1001,concurrency,static,1001,2.5,15.416850340806784
concurrency_static_train11_live1001,concurrency,static,1001,3.0,20.81625365795601
concurrency_static_train11_live1001,concurrency,static,1001,3.5,27.0605394198397
concurrency_static_train11_live1001,concurrency,static,1001,4.0,33.983147455260905
concurrency_static_train11_live1001,concurrency,static,1001,4.5,41.91853070066293
concurrency_static_train11_live1001,concurrency,static,1001,5.0,50.92100276706538
concurrency_static_train11_live1001,concurrency,static,1001,5.5,60.34657935843177
concurrency_static_train11_live1001,concurrency,static,1001,6.0,71.0026748466804
concurrency_static_train11_live1001,concurrency,static,1001,6.5,82.03921201964923
concurrency_static_train11_live1001,concurrency,static,1001,7.0,93.91777095701573
concurrency_static_train11_live1001,concurrency,static,1001,7.5,102.48440016143323
concurrency_static_train11_live1001,concurrency,static,1001,8.0,107.58019058106872
concurrency_static_train11_live1001,concurrency,static,1001,8.5,105.93217756327334
concurrency_static_train11_live1001,concurrency,static,1001,9.0,102.51904069293929
concurrency_static_train11_live1001,concurrency,static,1001,9.5,99.01884499907582
concurrency_static_train11_live1001,concurrency,static,1001,10.0,95.95002552827995
concurrency_static_train11_live1001,concurrency,static,1001,10.5,92.98609661111225
concurrency_static_train11_live1001,concurrency,static,1001,11.0,89.67065743312847
concurrency_static_train11_live1001,concurrency,static,1001,11.5,86.20440291573561
concurrency_static_train11_live1001,concurrency,static,1001,12.0,83.24238627587035
concurrency_static_train11_live1001,concurrency,static,1001,12.5,79.78808273886965
concurrency_static_train11_live1001,concurrency,static,1001,13.0,76.73797784299843
concurrency_static_train11_live1001,concurrency,static,1001,13.5,73.58132309865022
concurrency_static_train11_live1001,concurrency,static,1001,14.0,70.32374934315142
concurrency_static_train11_live1001,concurrency,static,1001,14.5,67.30587942348103
concurrency_static_train11_live1001,concurrency,static,1001,15.0,63.846801376676375
concurrency_static_train11_live1001,concurrency,static,1001,15.5,60.42728535501598
concurrency_static_train11_live1001,concurrency,static,1001,16.0,56.958467112132915
concurrency_static_train11_live1001,concurrency,static,1001,16.5,53.45825181042628
concurrency_static_train11_live1001,concurrency,static,1001,17.0,50.048271802837306
concurrency_static_train11_live1001,concurrency,static,1001,17.5,46.94674327487269
concurrency_static_train11_live1001,concurrency,static,1001,18.0,43.38707699277392
concurrency_static_train11_live1001,concurrency,static,1001,18.5,40.20127973383417
concurrency_static_train11_live1001,concurrency,static,1001,19.0,37.30183352744578
concurrency_static_train11_live1001,concurrency,static,1001,19.5,33.96680055397351
concurrency_static_train11_live1001,concurrency,static,1001,20.0,31.09762813234867
concurrency_static_train11_live1001,concurrency,static,1001,20.5,27.855008750954266
concurrency_static_train11_live1001,concurrency,static,1001,21.0,24.9439529488585
concurrency_static_train11_live1001,concurrency,static,1001,21.5,21.911675437777095
concurrency_static_train11_live1001,concurrency,static,1001,22.0,18.947632039648976
concurrency_static_train11_live1001,concurrency,static,1001,22.5,15.882001068165778
concurrency_static_train11_live1001,concurrency,static,1001,23.0,12.759529824790883
concurrency_static_train11_live1001,concurrency,static,1001,23.5,9.61365894327554
concurrency_static_train11_live1001,concurrency,static,1001,24.0,6.736547537174461
concurrency_static_train11_live1001,concurrency,static,1001,24.5,3.9130711701618828
concurrency_static_train11_live1001,concurrency,static,1001,25.0,0.9277173253604114
concurrency_static_train11_live1001,concurrency,static,1001,25.5,-1.965711028182291
concurrency_static_train11_live1001,concurrency,static,1001,26.0,-5.010109243855283
concurrency_static_train11_live1001,concurrency,static,1001,26.5,-7.809264577087308
concurrency_static_train11_live1001,concurrency,static,1001,27.0,-10.810050930290192
concurrency_static_train11_live1001,concurrency,static,1001,27.5,-14.161678958664497
concurrency_static_train11_live1001,concurrency,static,1001,28.0,-17.35521544228095
concurrency_static_train11_live1001,concurrency,static,1001,28.5,-20.784960155752255
concurrency_static_train11_live1001,concurrency,static,1001,29.0,-23.995194164658713
concurrency_static_train11_live1001,concurrency,static,1001,29.5,-27.590938878130036
concurrency_static_train11_live1001,concurrency,static,1001,30.0,-30.760708107936395
concurrency_static_train22_live1002,concurrency,static,1002,0.0,0.29481953303731623
concurrency_static_train22_live1002,concurrency,static,1002,0.5,1.8701782050906355
concurrency_static_train22_live1002,concurrency,static,1002,1.0,3.9475118362308974
concurrency_static_train22_live1002,concurrency,static,1002,1.5,7.1150624250074985
concurrency_static_train22_live1002,concurrency,static,1002,2.0,11.018943711276158
concurrency_static_train22_live1002,concurrency,static,1002,2.5,15.904143842109375
concurrency_static_train22_live1002,concurrency,static,1002,3.0,22.242463434449725
concurrency_static_train22_live1002,concurrency,static,1002,3.5,29.65203771403852
concurrency_static_train22_live1002,concurrency,static,1002,4.0,37.37788838126402
concurrency_static_train22_live1002,concurrency,static,1002,4.5,46.7587566382208
concurrency_static_train22_live1002,concurrency,static,1002,5.0,56.633516167446466
concurrency_static_train22_live1002,concurrency,static,1002,5.5,67.27265490877562
concurrency_static_train22_live1002,concurrency,static,1002,6.0,79.01088295945182
concurrency_static_train22_live1002,concurrency,static,1002,6.5,90.5664419839626
concurrency_static_train22_live1002,concurrency,static,1002,7.0,96.5042600333805
concurrency_static_train22_live1002,concurrency,static,1002,7.5,99.98298443937246
concurrency_static_train22_live1002,concurrency,static,1002,8.0,96.69722011805804
concurrency_static_train22_live1002,concurrency,static,1002,8.5,93.82200555012496
concurrency_static_train22_live1002,concurrency,static,1002,9.0,90.62449309351219
concurrency_static_train22_live1002,concurrency,static,1002,9.5,87.32845476556936
concurrency_static_train22_live1002,concurrency,static,1002,10.0,84.4416172989511
concurrency_static_train22_live1002,concurrency,static,1002,10.5,81.4578317925993
concurrency_static_train22_live1002,concurrency,static,1002,11.0,78.48785006399294
concurrency_static_train22_live1002,concurrency,static,1002,11.5,75.56354455999296
concurrency_static_train22_live1002,concurrency,static,1002,12.0,72.3539469404115
concurrency_static_train22_live1002,concurrency,static,1002,12.5,68.75637869752842
concurrency_static_train22_live1002,concurrency,static,1002,13.0,65.8671131962254
concurrency_static_train22_live1002,concurrency,static,1002,13.5,62.678992522270654
concurrency_static_train22_live1002,concurrency,static,1002,14.0,59.60421973636469
concurrency_static_train22_live1002,concurrency,static,1002,14.5,56.79636310311806
concurrency_static_train22_live1002,concurrency,static,1002,15.0,53.82097868021557
concurrency_static_train22_live1002,concurrency,static,1002,15.5,50.494458071290914
concurrency_static_train22_live1002,concurrency,static,1002,16.0,47.11363492644706
concurrency_static_train22_live1002,concurrency,static,1002,16.5,44.28822607451605
concurrency_static_train22_live1002,concurrency,static,1002,17.0,41.052735301106146
concurrency_static_train22_live1002,concurrency,static,1002,17.5,37.477637646458355
concurrency_static_train22_live1002,concurrency,static,1002,18.0,34.35552396601791
concurrency_static_train22_live1002,concurrency,static,1002,18.5,31.149119763710114
concurrency_static_train22_live1002,concurrency,static,1002,19.0,27.666031912983907
concurrency_static_train22_live1002,concurrency,static,1002,19.5,24.681073815133516
concurrency_static_train22_live1002,concurrency,static,1002,20.0,21.87749733343167
concurrency_static_train22_live1002,concurrency,static,1002,20.5,18.752977485863166
concurrency_static_train22_live1002,concurrency,static,1002,21.0,15.435698415532242
concurrency_static_train22_live1002,concurrency,static,1002,21.5,12.252067973491409
concurrency_static_train22_live1002,concurrency,static,1002,22.0,8.91897716784101
concurrency_static_train22_live1002,concurrency,static,1002,22.5,5.782645470838122
concurrency_static_train22_live1002,concurrency,static,1002,23.0,2.9086176732556845
concurrency_static_train22_live1002,concurrency,static,1002,23.5,-0.1721091164695991
concurrency_static_train22_live1002,concurrency,static,1002,24.0,-3.5995891240585607
concurrency_static_train22_live1002,concurrency,static,1002,24.5,-6.546990250017401
concurrency_static_train22_live1002,concurrency,static,1002,25.0,-9.612341779898767
concurrency_static_train22_live1002,concurrency,static,1002,25.5,-12.888859324218723
concurrency_static_train22_live1002,concurrency,static,1002,26.0,-15.934147483791376
concurrency_static_train22_live1002,concurrency,static,1002,26.5,-19.28413729530191
concurrency_static_train22_live1002,concurrency,static,1002,27.0,-22.602493259853972
concurrency_static_train22_live1002,concurrency,static,1002,27.5,-25.87443966670302
concurrency_static_train22_live1002,concurrency,static,1002,28.0,-29.320978497821404
concurrency_static_train22_live1002,concurrency,static,1002,28.5,-32.521017390769465
concurrency_static_train22_live1002,concurrency,static,1002,29.0,-35.74445970425847
concurrency_static_train22_live1002,concurrency,static,1002,29.5,-39.448312260867056
concurrency_static_train22_live1002,concurrency,static,1002,30.0,-42.26128987581323
concurrency_static_train33_live1003,concurrency,static,1003,0.0,0.27868506414911653
concurrency_static_train33_live1003,concurrency,static,1003,0.5,1.854357324799448
concurrency_static_train33_live1003,concurrency,static,1003,1.0,3.9778335239022713
concurrency_static_train33_live1003,concurrency,static,1003,1.5,7.1628152134112915
concurrency_static_train33_live1003,concurrency,static,1003,2.0,10.986483498891648
concurrency_static_train33_live1003,concurrency,static,1003,2.5,15.463353766222845
concurrency_static_train33_live1003,concurrency,static,1003,3.0,20.98035580487985
concurrency_static_train33_live1003,concurrency,static,1003,3.5,27.214031091305028
concurrency_static_train33_live1003,concurrency,static,1003,4.0,34.7176021074063
concurrency_static_train33_live1003,concurrency,static,1003,4.5,42.74061920510903
concurrency_static_train33_live1003,concurrency,static,1003,5.0,51.966248216682565
concurrency_static_train33_live1003,concurrency,static,1003,5.5,62.324411369085276
concurrency_static_train33_live1003,concurrency,static,1003,6.0,73.53976421362081
concurrency_static_train33_live1003,concurrency,static,1003,6.5,85.58733553173795
concurrency_static_train33_live1003,concurrency,static,1003,7.0,91.64290280359717
concurrency_static_train33_live1003,concurrency,static,1003,7.5,95.24086739708044
concurrency_static_train33_live1003,concurrency,static,1003,8.0,92.36318955582647
concurrency_static_train33_live1003,concurrency,static,1003,8.5,88.98857510314566
concurrency_static_train33_live1003,concurrency,static,1003,9.0,85.91019002810529
concurrency_static_train33_live1003,concurrency,static,1003,9.5,82.39690609894767
concurrency_static_train33_live1003,concurrency,static,1003,10.0,79.54705725004148
concurrency_static_train33_live1003,concurrency,static,1003,10.5,76.56872514286941
concurrency_static_train33_live1003,concurrency,static,1003,11.0,73.34444020260648
concurrency_static_train33_live1003,concurrency,static,1003,11.5,70.26713580353731
concurrency_static_train33_live1003,concurrency,static,1003,12.0,67.23059454614591
concurrency_static_train33_live1003,concurrency,static,1003,12.5,64.10116425660117
concurrency_static_train33_live1003,concurrency,static,1003,13.0,61.126192456320624
concurrency_static_train33_live1003,concurrency,static,1003,13.5,58.435860000871116
concurrency_static_train33_live1003,concurrency,static,1003,14.0,55.182093611084525
concurrency_static_train33_live1003,concurrency,static,1003,14.5,52.13889976149686
concurrency_static_train33_live1003,concurrency,static,1003,15.0,48.707262891162785
concurrency_static_train33_live1003,concurrency,static,1003,15.5,45.23907700122091
concurrency_static_train33_live1003,concurrency,static,1003,16.0,41.822577385788804
concurrency_static_train33_live1003,concurrency,static,1003,16.5,38.796382966407165
concurrency_static_train33_live1003,concurrency,static,1003,17.0,35.37604021372018
concurrency_static_train33_live1003,concurrency,static,1003,17.5,31.868403343386092
concurrency_static_train33_live1003,concurrency,static,1003,18.0,28.665305532608855
concurrency_static_train33_live1003,concurrency,static,1003,18.5,25.556101288013476
concurrency_static_train33_live1003,concurrency,static,1003,19.0,22.076542849051965
concurrency_static_train33_live1003,concurrency,static,1003,19.5,18.511268723815956
concurrency_static_train33_live1003,concurrency,static,1003,20.0,15.57390598104673
concurrency_static_train33_live1003,concurrency,static,1003,20.5,12.32924499888797
concurrency_static_train33_live1003,concurrency,static,1003,21.0,9.082249345534088
concurrency_static_train33_live1003,concurrency,static,1003,21.5,6.050381191090522
concurrency_static_train33_live1003,concurrency,static,1003,22.0,2.831662498000817
concurrency_static_train33_live1003,concurrency,static,1003,22.5,-0.25261677581395847
concurrency_static_train33_live1003,concurrency,static,1003,23.0,-3.462985173744926
concurrency_static_train33_live1003,concurrency,static,1003,23.5,-6.633749490505006
concurrency_static_train33_live1003,concurrency,static,1003,24.0,-9.863470565665036
concurrency_static_train33_live1003,concurrency,static,1003,24.5,-13.021669029030102
concurrency_static_train33_live1003,concurrency,static,1003,25.0,-15.944939451390683
concurrency_static_train33_live1003,concurrency,static,1003,25.5,-19.219048849100858
concurrency_static_train33_live1003,concurrency,static,1003,26.0,-22.499455344394043
concurrency_static_train33_live1003,concurrency,static,1003,26.5,-25.625289378107546
concurrency_static_train33_live1003,concurrency,static,1003,27.0,-28.492712291290463
concurrency_static_train33_live1003,concurrency,static,1003,27.5,-31.876504996166137
concurrency_static_train33_live1003,concurrency,static,1003,28.0,-35.382083042970784
concurrency_static_train33_live1003,concurrency,static,1003,28.5,-38.70490588286548
concurrency_static_train33_live1003,concurrency,static,1003,29.0,-41.998555976689836
concurrency_static_train33_live1003,concurrency,static,1003,29.5,-45.34630390631953
concurrency_static_train33_live1003,concurrency,static,1003,30.0,-48.81745058057516
concurrency_static_train44_live1004,concurrency,static,1004,0.0,0.2954948411253491
concurrency_static_train44_live1004,concurrency,static,1004,0.5,1.8690764691032677
concurrency_static_train44_live1004,concurrency,static,1004,1.0,3.944998125894978
concurrency_static_train44_live1004,concurrency,static,1004,1.5,7.050121939486219
concurrency_static_train44_live1004,concurrency,static,1004,2.0,10.391057027587266
concurrency_static_train44_live1004,concurrency,static,1004,2.5,14.913516895936258
concurrency_static_train44_live1004,concurrency,static,1004,3.0,20.24694627752085
concurrency_static_train44_live1004,concurrency,static,1004,3.5,26.35915360803199
concurrency_static_train44_live1004,concurrency,static,1004,4.0,33.25487784845747
concurrency_static_train44_live1004,concurrency,static,1004,4.5,41.003195636784454
concurrency_static_train44_live1004,concurrency,static,1004,5.0,49.743845384135795
concurrency_static_train44_live1004,concurrency,static,1004,5.5,59.73346794510984
concurrency_static_train44_live1004,concurrency,static,1004,6.0,70.46543608664298
concurrency_static_train44_live1004,concurrency,static,1004,6.5,81.86682827637156
concurrency_static_train44_live1004,concurrency,static,1004,7.0,93.7821429098274
concurrency_static_train44_live1004,concurrency,static,1004,7.5,102.11941167780522
concurrency_static_train44_live1004,concurrency,static,1004,8.0,105.66261620226196
concurrency_static_train44_live1004,concurrency,static,1004,8.5,102.33337424192747
concurrency_static_train44_live1004,concurrency,static,1004,9.0,99.1708076934883
concurrency_static_train44_live1004,concurrency,static,1004,9.5,95.90018634173641
concurrency_static_train44_live1004,concurrency,static,1004,10.0,92.7776710489495
concurrency_static_train44_live1004,concurrency,static,1004,10.5,89.65794961485226
concurrency_static_train44_live1004,concurrency,static,1004,11.0,86.1432245092241
concurrency_static_train44_live1004,concurrency,static,1004,11.5,82.84505994049485
concurrency_static_train44_live1004,concurrency,static,1004,12.0,80.01192457134809
concurrency_static_train44_live1004,concurrency,static,1004,12.5,77.32991917876653
concurrency_static_train44_live1004,concurrency,static,1004,13.0,74.2307519602888
concurrency_static_train44_live1004,concurrency,static,1004,13.5,71.49656194903154
concurrency_static_train44_live1004,concurrency,static,1004,14.0,68.3843281665272
concurrency_static_train44_live1004,concurrency,static,1004,14.5,65.34335896638572
concurrency_static_train44_live1004,concurrency,static,1004,15.0,62.07784300783067
concurrency_static_train44_live1004,concurrency,static,1004,15.5,58.626980647300535
concurrency_static_train44_live1004,concurrency,static,1004,16.0,55.28372612990765
concurrency_static_train44_live1004,concurrency,static,1004,16.5,52.56250386688144
concurrency_static_train44_live1004,concurrency,static,1004,17.0,49.157759153410105
concurrency_static_train44_live1004,concurrency,static,1004,17.5,46.13718915948166
concurrency_static_train44_live1004,concurrency,static,1004,18.0,43.33426549277344
concurrency_static_train44_live1004,concurrency,static,1004,18.5,39.85885411263548
concurrency_static_train44_live1004,concurrency,static,1004,19.0,36.67985420840016
concurrency_static_train44_live1004,concurrency,static,1004,19.5,33.37624922973222
concurrency_static_train44_live1004,concurrency,static,1004,20.0,30.332168455117422
concurrency_static_train44_live1004,concurrency,static,1004,20.5,26.879041388704934
concurrency_static_train44_live1004,concurrency,static,1004,21.0,23.66213871566269
concurrency_static_train44_live1004,concurrency,static,1004,21.5,20.12297243356392
concurrency_static_train44_live1004,concurrency,static,1004,22.0,17.21992333185488
concurrency_static_train44_live1004,concurrency,static,1004,22.5,14.221336587524522
concurrency_static_train44_live1004,concurrency,static,1004,23.0,11.433827942218898
concurrency_static_train44_live1004,concurrency,static,1004,23.5,8.117201794904986
concurrency_static_train44_live1004,concurrency,static,1004,24.0,4.723525708884655
concurrency_static_train44_live1004,concurrency,static,1004,24.5,1.9002458453317317
concurrency_static_train44_live1004,concurrency,static,1004,25.0,-1.3426479051613287
concurrency_static_train44_live1004,concurrency,static,1004,25.5,-4.281683796207296
concurrency_static_train44_live1004,concurrency,static,1004,26.0,-7.538637752934761
concurrency_static_train44_live1004,concurrency,static,1004,26.5,-10.841935455202226
concurrency_static_train44_live1004,concurrency,static,1004,27.0,-13.809146985819648
concurrency_static_train44_live1004,concurrency,static,1004,27.5,-17.122717395817293
concurrency_static_train44_live1004,concurrency,static,1004,28.0,-20.323319103968533
concurrency_static_train44_live1004,concurrency,static,1004,28.5,-23.675766125455162
concurrency_static_train44_live1004,concurrency,static,1004,29.0,-26.902692163494283
concurrency_static_train44_live1004,concurrency,static,1004,29.5,-30.227479317398252
concurrency_static_train44_live1004,concurrency,static,1004,30.0,-33.23148264229539
concurrency_static_train55_live1005,concurrency,static,1005,0.0,0.23015565238441058
concurrency_static_train55_live1005,concurrency,static,1005,0.5,1.6278008855613963
concurrency_static_train55_live1005,concurrency,static,1005,1.0,3.4669890329470405
concurrency_static_train55_live1005,concurrency,static,1005,1.5,6.316318728891222
concurrency_static_train55_live1005,concurrency,static,1005,2.0,9.40171460130599
concurrency_static_train55_live1005,concurrency,static,1005,2.5,13.506902140387426
concurrency_static_train55_live1005,concurrency,static,1005,3.0,18.434918202634694
concurrency_static_train55_live1005,concurrency,static,1005,3.5,24.232282991177907
concurrency_static_train55_live1005,concurrency,static,1005,4.0,30.68058729847497
concurrency_static_train55_live1005,concurrency,static,1005,4.5,37.84089234431951
concurrency_static_train55_live1005,concurrency,static,1005,5.0,46.119524662973014
concurrency_static_train55_live1005,concurrency,static,1005,5.5,54.72804699698097
concurrency_static_train55_live1005,concurrency,static,1005,6.0,64.59740592597538
concurrency_static_train55_live1005,concurrency,static,1005,6.5,74.46843798970175
concurrency_static_train55_live1005,concurrency,static,1005,7.0,85.6465907074539
concurrency_static_train55_live1005,concurrency,static,1005,7.5,93.10305782845202
concurrency_static_train55_live1005,concurrency,static,1005,8.0,97.4428878593149
concurrency_static_train55_live1005,concurrency,static,1005,8.5,95.06724975549243
concurrency_static_train55_live1005,concurrency,static,1005,9.0,90.87543641457015
concurrency_static_train55_live1005,concurrency,static,1005,9.5,86.8597736083591
concurrency_static_train55_live1005,concurrency,static,1005,10.0,83.1897903686715
concurrency_static_train55_live1005,concurrency,static,1005,10.5,79.25848281925863
concurrency_static_train55_live1005,concurrency,static,1005,11.0,75.41005326240627
concurrency_static_train55_live1005,concurrency,static,1005,11.5,71.36803404319552
concurrency_static_train55_live1005,concurrency,static,1005,12.0,67.48266684887606
concurrency_static_train55_live1005,concurrency,static,1005,12.5,63.869647885149845
concurrency_static_train55_live1005,concurrency,static,1005,13.0,59.902567308566944
concurrency_static_train55_live1005,concurrency,static,1005,13.5,56.03147966450595
concurrency_static_train55_live1005,concurrency,static,1005,14.0,52.49231565025869
concurrency_static_train55_live1005,concurrency,static,1005,14.5,48.6287026920565
concurrency_static_train55_live1005,concurrency,static,1005,15.0,44.38692856682047
concurrency_static_train55_live1005,concurrency,static,1005,15.5,40.17307601021186
concurrency_static_train55_live1005,concurrency,static,1005,16.0,35.88079208105427
concurrency_static_train55_live1005,concurrency,static,1005,16.5,31.843977187140446
concurrency_static_train55_live1005,concurrency,static,1005,17.0,27.637105022688747
concurrency_static_train55_live1005,concurrency,static,1005,17.5,23.426389720982147
concurrency_static_train55_live1005,concurrency,static,1005,18.0,19.3501556300927
concurrency_static_train55_live1005,concurrency,static,1005,18.5,15.747229237391338
concurrency_static_train55_live1005,concurrency,static,1005,19.0,12.106472142150837
concurrency_static_train55_live1005,concurrency,static,1005,19.5,8.025489140460083
concurrency_static_train55_live1005,concurrency,static,1005,20.0,3.7486561916946517
concurrency_static_train55_live1005,concurrency,static,1005,20.5,-0.36843822191833975
concurrency_static_train55_live1005,concurrency,static,1005,21.0,-4.114057266947755
concurrency_static_train55_live1005,concurrency,static,1005,21.5,-8.18171379485997
concurrency_static_train55_live1005,concurrency,static,1005,22.0,-12.166210170935438
concurrency_static_train55_live1005,concurrency,static,1005,22.5,-16.05140247626848
concurrency_static_train55_live1005,concurrency,static,1005,23.0,-19.75468044310464
concurrency_static_train55_live1005,concurrency,static,1005,23.5,-23.45340671522865
concurrency_static_train55_live1005,concurrency,static,1005,24.0,-27.462917124282054
concurrency_static_train55_live1005,concurrency,static,1005,24.5,-31.01568326125205
concurrency_static_train55_live1005,concurrency,static,1005,25.0,-35.110001601854876
concurrency_static_train55_live1005,concurrency,static,1005,25.5,-38.98532935487183
concurrency_static_train55_live1005,concurrency,static,1005,26.0,-42.94710687132459
concurrency_static_train55_live1005,concurrency,static,1005,26.5,-47.07365327977507
concurrency_static_train55_live1005,concurrency,static,1005,27.0,-51.102462317038075
concurrency_static_train55_live1005,concurrency,static,1005,27.5,-54.934157764287306
concurrency_static_train55_live1005,concurrency,static,1005,28.0,-58.95803742243663
concurrency_static_train55_live1005,concurrency,static,1005,28.5,-63.07276675900327
concurrency_static_train55_live1005,concurrency,static,1005,29.0,-67.06869631463252
concurrency_static_train55_live1005,concurrency,static,1005,29.5,-71.50834298888813
concurrency_static_train55_live1005,concurrency,static,1005,30.0,-75.10750073521623
realistic_dqn_train11_live1001,realistic,dqn,1001,0.0,0.2903213786939276
realistic_dqn_train11_live1001,realistic,dqn,1001,0.5,2.3720116125876016
realistic_dqn_train11_live1001,realistic,dqn,1001,1.0,6.08085033658786
realistic_dqn_train11_live1001,realistic,dqn,1001,1.5,9.955259250750615
realistic_dqn_train11_live1001,realistic,dqn,1001,2.0,13.829456537870424
realistic_dqn_train11_live1001,realistic,dqn,1001,2.5,18.65901323237876
realistic_dqn_train11_live1001,realistic,dqn,1001,3.0,25.563325692935674
realistic_dqn_train11_live1001,realistic,dqn,1001,3.5,33.014341004315355
realistic_dqn_train11_live1001,realistic,dqn,1001,4.0,40.46355238909996
realistic_dqn_train11_live1001,realistic,dqn,1001,4.5,47.92997475052548
realistic_dqn_train11_live1001,realistic,dqn,1001,5.0,55.381146914720496
realistic_dqn_train11_live1001,realistic,dqn,1001,5.5,62.831221037210845
realistic_dqn_train11_live1001,realistic,dqn,1001,6.0,70.29281611585202
realistic_dqn_train11_live1001,realistic,dqn,1001,6.5,79.47816697536122
realistic_dqn_train11_live1001,realistic,dqn,1001,7.0,90.23798626361739
realistic_dqn_train11_live1001,realistic,dqn,1001,7.5,100.9762999891076
realistic_dqn_train11_live1001,realistic,dqn,1001,8.0,111.73077057734291
realistic_dqn_train11_live1001,realistic,dqn,1001,8.5,122.52530725601778
realistic_dqn_train11_live1001,realistic,dqn,1001,9.0,133.2640915697433
realistic_dqn_train11_live1001,realistic,dqn,1001,9.5,144.00375428798452
realistic_dqn_train11_live1001,realistic,dqn,1001,10.0,154.97435121706692
realistic_dqn_train11_live1001,realistic,dqn,1001,10.5,167.94812646172593
realistic_dqn_train11_live1001,realistic,dqn,1001,11.0,181.19371926183953
realistic_dqn_train11_live1001,realistic,dqn,1001,11.5,194.344990252501
realistic_dqn_train11_live1001,realistic,dqn,1001,12.0,207.49759457649589
realistic_dqn_train11_live1001,realistic,dqn,1001,12.5,220.7651768178896
realistic_dqn_train11_live1001,realistic,dqn,1001,13.0,235.02025776358386
realistic_dqn_train11_live1001,realistic,dqn,1001,13.5,250.1748645219982
realistic_dqn_train11_live1001,realistic,dqn,1001,14.0,265.6668533555403
realistic_dqn_train11_live1001,realistic,dqn,1001,14.5,278.1034703253291
realistic_dqn_train11_live1001,realistic,dqn,1001,15.0,289.9892391318468
realistic_dqn_train11_live1001,realistic,dqn,1001,15.5,301.8648204247627
realistic_dqn_train11_live1001,realistic,dqn,1001,16.0,313.6430491037626
realistic_dqn_train11_live1001,realistic,dqn,1001,16.5,324.32719275716113
realistic_dqn_train11_live1001,realistic,dqn,1001,17.0,333.0679695056814
realistic_dqn_train11_live1001,realistic,dqn,1001,17.5,341.74782796335774
realistic_dqn_train11_live1001,realistic,dqn,1001,18.0,350.37560566196555
realistic_dqn_train11_live1001,realistic,dqn,1001,18.5,359.0371884115811
realistic_dqn_train11_live1001,realistic,dqn,1001,19.0,367.75090529681887
realistic_dqn_train11_live1001,realistic,dqn,1001,19.5,377.41775433679686
realistic_dqn_train11_live1001,realistic,dqn,1001,20.0,389.09079447884363
realistic_dqn_train11_live1001,realistic,dqn,1001,20.5,401.2855721774518
realistic_dqn_train11_live1001,realistic,dqn,1001,21.0,413.68251724571985
realistic_dqn_train11_live1001,realistic,dqn,1001,21.5,426.28543733124695
realistic_dqn_train11_live1001,realistic,dqn,1001,22.0,440.9019657884131
realistic_dqn_train11_live1001,realistic,dqn,1001,22.5,455.9193137748977
realistic_dqn_train11_live1001,realistic,dqn,1001,23.0,471.0372654063557
realistic_dqn_train11_live1001,realistic,dqn,1001,23.5,486.0824565300951
realistic_dqn_train11_live1001,realistic,dqn,1001,24.0,500.8242212229044
realistic_dqn_train11_live1001,realistic,dqn,1001,24.5,513.8736887151645
realistic_dqn_train11_live1001,realistic,dqn,1001,25.0,525.2744403570092
realistic_dqn_train11_live1001,realistic,dqn,1001,25.5,538.3522457668627
realistic_dqn_train11_live1001,realistic,dqn,1001,26.0,551.6588983886901
realistic_dqn_train11_live1001,realistic,dqn,1001,26.5,564.9035499913155
realistic_dqn_train11_live1001,realistic,dqn,1001,27.0,578.0549190211925
realistic_dqn_train11_live1001,realistic,dqn,1001,27.5,591.2720114354233
realistic_dqn_train11_live1001,realistic,dqn,1001,28.0,604.6533731135285
realistic_dqn_train11_live1001,realistic,dqn,1001,28.5,615.3625460649743
realistic_dqn_train11_live1001,realistic,dqn,1001,29.0,627.0466219329018
realistic_dqn_train11_live1001,realistic,dqn,1001,29.5,638.8900737339385
realistic_dqn_train11_live1001,realistic,dqn,1001,30.0,650.6425769227424
realistic_dqn_train22_live1002,realistic,dqn,1002,0.0,0.2937037316351041
realistic_dqn_train22_live1002,realistic,dqn,1002,0.5,1.9085925666817953
realistic_dqn_train22_live1002,realistic,dqn,1002,1.0,3.5858170278222135
realistic_dqn_train22_live1002,realistic,dqn,1002,1.5,5.239853572445004
realistic_dqn_train22_live1002,realistic,dqn,1002,2.0,6.894309999714272
realistic_dqn_train22_live1002,realistic,dqn,1002,2.5,8.547995791810818
realistic_dqn_train22_live1002,realistic,dqn,1002,3.0,10.488814098637198
realistic_dqn_train22_live1002,realistic,dqn,1002,3.5,14.369322930623257
realistic_dqn_train22_live1002,realistic,dqn,1002,4.0,18.95906626203357
realistic_dqn_train22_live1002,realistic,dqn,1002,4.5,23.521014245896854
realistic_dqn_train22_live1002,realistic,dqn,1002,5.0,28.041001012977546
realistic_dqn_train22_live1002,realistic,dqn,1002,5.5,33.83192377168002
realistic_dqn_train22_live1002,realistic,dqn,1002,6.0,42.23219680051094
realistic_dqn_train22_live1002,realistic,dqn,1002,6.5,50.711033078611905
realistic_dqn_train22_live1002,realistic,dqn,1002,7.0,59.26893212290414
realistic_dqn_train22_live1002,realistic,dqn,1002,7.5,67.89917329386599
realistic_dqn_train22_live1002,realistic,dqn,1002,8.0,76.53932247444439
realistic_dqn_train22_live1002,realistic,dqn,1002,8.5,85.0165901250944
realistic_dqn_train22_live1002,realistic,dqn,1002,9.0,95.55736650393082
realistic_dqn_train22_live1002,realistic,dqn,1002,9.5,107.52465955676189
realistic_dqn_train22_live1002,realistic,dqn,1002,10.0,119.93866194913679
realistic_dqn_train22_live1002,realistic,dqn,1002,10.5,132.45214712707065
realistic_dqn_train22_live1002,realistic,dqn,1002,11.0,145.1026097442879
realistic_dqn_train22_live1002,realistic,dqn,1002,11.5,157.51014458462072
realistic_dqn_train22_live1002,realistic,dqn,1002,12.0,169.79554770764153
realistic_dqn_train22_live1002,realistic,dqn,1002,12.5,184.0562822343344
realistic_dqn_train22_live1002,realistic,dqn,1002,13.0,198.8195697594203
realistic_dqn_train22_live1002,realistic,dqn,1002,13.5,213.0792622210162
realistic_dqn_train22_live1002,realistic,dqn,1002,14.0,227.07226043848505
realistic_dqn_train22_live1002,realistic,dqn,1002,14.5,239.28384411814432
realistic_dqn_train22_live1002,realistic,dqn,1002,15.0,251.87418371318984
realistic_dqn_train22_live1002,realistic,dqn,1002,15.5,264.6784823743737
realistic_dqn_train22_live1002,realistic,dqn,1002,16.0,277.4774444786137
realistic_dqn_train22_live1002,realistic,dqn,1002,16.5,290.1496288031887
realistic_dqn_train22_live1002,realistic,dqn,1002,17.0,302.8838275089172
realistic_dqn_train22_live1002,realistic,dqn,1002,17.5,315.4598925941587
realistic_dqn_train22_live1002,realistic,dqn,1002,18.0,326.58303231670993
realistic_dqn_train22_live1002,realistic,dqn,1002,18.5,338.0290740233693
realistic_dqn_train22_live1002,realistic,dqn,1002,19.0,350.65518095975983
realistic_dqn_train22_live1002,realistic,dqn,1002,19.5,363.36105977049164
realistic_dqn_train22_live1002,realistic,dqn,1002,20.0,376.2316795762905
realistic_dqn_train22_live1002,realistic,dqn,1002,20.5,389.02141370881697
realistic_dqn_train22_live1002,realistic,dqn,1002,21.0,401.80598602757794
realistic_dqn_train22_live1002,realistic,dqn,1002,21.5,416.2686689489133
realistic_dqn_train22_live1002,realistic,dqn,1002,22.0,430.3690863811544
realistic_dqn_train22_live1002,realistic,dqn,1002,22.5,443.11032677921617
realistic_dqn_train22_live1002,realistic,dqn,1002,23.0,455.735487676872
realistic_dqn_train22_live1002,realistic,dqn,1002,23.5,468.3608046013293
realistic_dqn_train22_live1002,realistic,dqn,1002,24.0,480.9888413157756
realistic_dqn_train22_live1002,realistic,dqn,1002,24.5,492.0254083342601
realistic_dqn_train22_live1002,realistic,dqn,1002,25.0,503.0452611558565
realistic_dqn_train22_live1002,realistic,dqn,1002,25.5,515.2579725299927
realistic_dqn_train22_live1002,realistic,dqn,1002,26.0,526.1261168266859
realistic_dqn_train22_live1002,realistic,dqn,1002,26.5,537.0712314254265
realistic_dqn_train22_live1002,realistic,dqn,1002,27.0,547.8891708193659
realistic_dqn_train22_live1002,realistic,dqn,1002,27.5,558.7654805237837
realistic_dqn_train22_live1002,realistic,dqn,1002,28.0,570.76456405257
realistic_dqn_train22_live1002,realistic,dqn,1002,28.5,584.8228141592616
realistic_dqn_train22_live1002,realistic,dqn,1002,29.0,599.2932203637635
realistic_dqn_train22_live1002,realistic,dqn,1002,29.5,613.7555835502773
realistic_dqn_train22_live1002,realistic,dqn,1002,30.0,627.9669347089223
realistic_dqn_train33_live1003,realistic,dqn,1003,0.0,0.2878052433885513
realistic_dqn_train33_live1003,realistic,dqn,1003,0.5,2.3615061762828207
realistic_dqn_train33_live1003,realistic,dqn,1003,1.0,5.550728193005382
realistic_dqn_train33_live1003,realistic,dqn,1003,1.5,8.69863876932919
realistic_dqn_train33_live1003,realistic,dqn,1003,2.0,11.847140122774759
realistic_dqn_train33_live1003,realistic,dqn,1003,2.5,14.99487659892216
realistic_dqn_train33_live1003,realistic,dqn,1003,3.0,18.41722006778948
realistic_dqn_train33_live1003,realistic,dqn,1003,3.5,23.079107894384137
realistic_dqn_train33_live1003,realistic,dqn,1003,4.0,27.52309548453602
realistic_dqn_train33_live1003,realistic,dqn,1003,4.5,31.925223182844462
realistic_dqn_train33_live1003,realistic,dqn,1003,5.0,36.33727735174115
realistic_dqn_train33_live1003,realistic,dqn,1003,5.5,40.776437133712314
realistic_dqn_train33_live1003,realistic,dqn,1003,6.0,45.485430644122665
realistic_dqn_train33_live1003,realistic,dqn,1003,6.5,52.37547769350488
realistic_dqn_train33_live1003,realistic,dqn,1003,7.0,60.32965931338195
realistic_dqn_train33_live1003,realistic,dqn,1003,7.5,68.33984525017758
realistic_dqn_train33_live1003,realistic,dqn,1003,8.0,76.4459093460841
realistic_dqn_train33_live1003,realistic,dqn,1003,8.5,86.23776887930744
realistic_dqn_train33_live1003,realistic,dqn,1003,9.0,97.2415536716374
realistic_dqn_train33_live1003,realistic,dqn,1003,9.5,108.27182569360083
realistic_dqn_train33_live1003,realistic,dqn,1003,10.0,119.49008052941241
realistic_dqn_train33_live1003,realistic,dqn,1003,10.5,130.82180793044753
realistic_dqn_train33_live1003,realistic,dqn,1003,11.0,142.36769016037385
realistic_dqn_train33_live1003,realistic,dqn,1003,11.5,155.57200371849203
realistic_dqn_train33_live1003,realistic,dqn,1003,12.0,169.90717326402896
realistic_dqn_train33_live1003,realistic,dqn,1003,12.5,184.20509026983578
realistic_dqn_train33_live1003,realistic,dqn,1003,13.0,195.96775936089432
realistic_dqn_train33_live1003,realistic,dqn,1003,13.5,207.57187547421464
realistic_dqn_train33_live1003,realistic,dqn,1003,14.0,221.48227661639177
realistic_dqn_train33_live1003,realistic,dqn,1003,14.5,235.69334100102924
realistic_dqn_train33_live1003,realistic,dqn,1003,15.0,249.9362485229215
realistic_dqn_train33_live1003,realistic,dqn,1003,15.5,264.1551560448137
realistic_dqn_train33_live1003,realistic,dqn,1003,16.0,278.4724799193935
realistic_dqn_train33_live1003,realistic,dqn,1003,16.5,293.56533742435505
realistic_dqn_train33_live1003,realistic,dqn,1003,17.0,308.2443931007722
realistic_dqn_train33_live1003,realistic,dqn,1003,17.5,322.6043984394502
realistic_dqn_train33_live1003,realistic,dqn,1003,18.0,337.08872790958253
realistic_dqn_train33_live1003,realistic,dqn,1003,18.5,350.2229343356177
realistic_dqn_train33_live1003,realistic,dqn,1003,19.0,361.5011933227439
realistic_dqn_train33_live1003,realistic,dqn,1003,19.5,372.79968760398776
realistic_dqn_train33_live1003,realistic,dqn,1003,20.0,383.1741609134802
realistic_dqn_train33_live1003,realistic,dqn,1003,20.5,393.6746099621762
realistic_dqn_train33_live1003,realistic,dqn,1003,21.0,404.6158444394986
realistic_dqn_train33_live1003,realistic,dqn,1003,21.5,415.7595979546445
realistic_dqn_train33_live1003,realistic,dqn,1003,22.0,427.0406366793469
realistic_dqn_train33_live1003,realistic,dqn,1003,22.5,440.637327063464
realistic_dqn_train33_live1003,realistic,dqn,1003,23.0,454.3986605333893
realistic_dqn_train33_live1003,realistic,dqn,1003,23.5,467.5913415568743
realistic_dqn_train33_live1003,realistic,dqn,1003,24.0,478.38270011066066
realistic_dqn_train33_live1003,realistic,dqn,1003,24.5,489.60292168609203
realistic_dqn_train33_live1003,realistic,dqn,1003,25.0,500.102883250539
realistic_dqn_train33_live1003,realistic,dqn,1003,25.5,510.0706566884238
realistic_dqn_train33_live1003,realistic,dqn,1003,26.0,521.037241376258
realistic_dqn_train33_live1003,realistic,dqn,1003,26.5,532.370548715899
realistic_dqn_train33_live1003,realistic,dqn,1003,27.0,543.731138075091
realistic_dqn_train33_live1003,realistic,dqn,1003,27.5,554.9448300419667
realistic_dqn_train33_live1003,realistic,dqn,1003,28.0,567.6010108532985
realistic_dqn_train33_live1003,realistic,dqn,1003,28.5,581.829559903635
realistic_dqn_train33_live1003,realistic,dqn,1003,29.0,596.3840621292428
realistic_dqn_train33_live1003,realistic,dqn,1003,29.5,611.0604181171167
realistic_dqn_train33_live1003,realistic,dqn,1003,30.0,626.5023888839811
realistic_dqn_train44_live1004,realistic,dqn,1004,0.0,0.29068409586056654
realistic_dqn_train44_live1004,realistic,dqn,1004,0.5,2.609817087547913
realistic_dqn_train44_live1004,realistic,dqn,1004,1.0,6.286166436415067
realistic_dqn_train44_live1004,realistic,dqn,1004,1.5,10.042930153775817
realistic_dqn_train44_live1004,realistic,dqn,1004,2.0,13.799532476463567
realistic_dqn_train44_live1004,realistic,dqn,1004,2.5,17.578074806977536
realistic_dqn_train44_live1004,realistic,dqn,1004,3.0,21.33402895661633
realistic_dqn_train44_live1004,realistic,dqn,1004,3.5,25.090296949794404
realistic_dqn_train44_live1004,realistic,dqn,1004,4.0,28.846211878817467
realistic_dqn_train44_live1004,realistic,dqn,1004,4.5,34.33932468058741
realistic_dqn_train44_live1004,realistic,dqn,1004,5.0,40.9958656353933
realistic_dqn_train44_live1004,realistic,dqn,1004,5.5,47.54495460050788
realistic_dqn_train44_live1004,realistic,dqn,1004,6.0,54.1067494479754
realistic_dqn_train44_live1004,realistic,dqn,1004,6.5,60.7013287994053
realistic_dqn_train44_live1004,realistic,dqn,1004,7.0,67.26030011746104
realistic_dqn_train44_live1004,realistic,dqn,1004,7.5,73.85213479376003
realistic_dqn_train44_live1004,realistic,dqn,1004,8.0,82.19662962188153
realistic_dqn_train44_live1004,realistic,dqn,1004,8.5,91.11164091672208
realistic_dqn_train44_live1004,realistic,dqn,1004,9.0,100.11661982118693
realistic_dqn_train44_live1004,realistic,dqn,1004,9.5,109.03539582190979
realistic_dqn_train44_live1004,realistic,dqn,1004,10.0,118.09028999748519
realistic_dqn_train44_live1004,realistic,dqn,1004,10.5,128.5858852437806
realistic_dqn_train44_live1004,realistic,dqn,1004,11.0,138.94371395163736
realistic_dqn_train44_live1004,realistic,dqn,1004,11.5,149.54988060517138
realistic_dqn_train44_live1004,realistic,dqn,1004,12.0,160.52060429274476
realistic_dqn_train44_live1004,realistic,dqn,1004,12.5,169.55341832135792
realistic_dqn_train44_live1004,realistic,dqn,1004,13.0,176.66816372252
realistic_dqn_train44_live1004,realistic,dqn,1004,13.5,183.77130128054492
realistic_dqn_train44_live1004,realistic,dqn,1004,14.0,191.31656824796414
realistic_dqn_train44_live1004,realistic,dqn,1004,14.5,201.07466831871238
realistic_dqn_train44_live1004,realistic,dqn,1004,15.0,211.27253959525746
realistic_dqn_train44_live1004,realistic,dqn,1004,15.5,221.42364042620696
realistic_dqn_train44_live1004,realistic,dqn,1004,16.0,231.57956578649421
realistic_dqn_train44_live1004,realistic,dqn,1004,16.5,241.54817393275437
realistic_dqn_train44_live1004,realistic,dqn,1004,17.0,251.66258153882956
realistic_dqn_train44_live1004,realistic,dqn,1004,17.5,261.103184363686
realistic_dqn_train44_live1004,realistic,dqn,1004,18.0,271.0672904176549
realistic_dqn_train44_live1004,realistic,dqn,1004,18.5,281.4998141236874
realistic_dqn_train44_live1004,realistic,dqn,1004,19.0,292.0710345800387
realistic_dqn_train44_live1004,realistic,dqn,1004,19.5,302.57002887430656
realistic_dqn_train44_live1004,realistic,dqn,1004,20.0,313.1030401804736
realistic_dqn_train44_live1004,realistic,dqn,1004,20.5,322.5978249908174
realistic_dqn_train44_live1004,realistic,dqn,1004,21.0,331.7924395647107
realistic_dqn_train44_live1004,realistic,dqn,1004,21.5,342.9593687240198
realistic_dqn_train44_live1004,realistic,dqn,1004,22.0,354.5598926508711
realistic_dqn_train44_live1004,realistic,dqn,1004,22.5,366.19958343018453
realistic_dqn_train44_live1004,realistic,dqn,1004,23.0,377.85161962224663
realistic_dqn_train44_live1004,realistic,dqn,1004,23.5,389.44354569567764
realistic_dqn_train44_live1004,realistic,dqn,1004,24.0,401.047236474991
realistic_dqn_train44_live1004,realistic,dqn,1004,24.5,411.8293800409978
realistic_dqn_train44_live1004,realistic,dqn,1004,25.0,423.35341196021704
realistic_dqn_train44_live1004,realistic,dqn,1004,25.5,433.0853710413131
realistic_dqn_train44_live1004,realistic,dqn,1004,26.0,442.32569775900805
realistic_dqn_train44_live1004,realistic,dqn,1004,26.5,451.51646427206487
realistic_dqn_train44_live1004,realistic,dqn,1004,27.0,460.74549775098575
realistic_dqn_train44_live1004,realistic,dqn,1004,27.5,469.9321858326699
realistic_dqn_train44_live1004,realistic,dqn,1004,28.0,480.8110842410793
realistic_dqn_train44_live1004,realistic,dqn,1004,28.5,491.42052110832884
realistic_dqn_train44_live1004,realistic,dqn,1004,29.0,502.4612135734479
realistic_dqn_train44_live1004,realistic,dqn,1004,29.5,513.3062628961785
realistic_dqn_train44_live1004,realistic,dqn,1004,30.0,524.1447435914583
realistic_dqn_train55_live1005,realistic,dqn,1005,0.0,0.3177041776242977
realistic_dqn_train55_live1005,realistic,dqn,1005,0.5,2.54572544431311
realistic_dqn_train55_live1005,realistic,dqn,1005,1.0,4.607190417601288
realistic_dqn_train55_live1005,realistic,dqn,1005,1.5,6.48114105873609
realistic_dqn_train55_live1005,realistic,dqn,1005,2.0,8.356318737618125
realistic_dqn_train55_live1005,realistic,dqn,1005,2.5,10.232735305076217
realistic_dqn_train55_live1005,realistic,dqn,1005,3.0,12.109292516341972
realistic_dqn_train55_live1005,realistic,dqn,1005,3.5,13.9855554059623
realistic_dqn_train55_live1005,realistic,dqn,1005,4.0,16.137618802288596
realistic_dqn_train55_live1005,realistic,dqn,1005,4.5,19.209021581220018
realistic_dqn_train55_live1005,realistic,dqn,1005,5.0,22.20684618386018
realistic_dqn_train55_live1005,realistic,dqn,1005,5.5,25.20961193823634
realistic_dqn_train55_live1005,realistic,dqn,1005,6.0,28.164701035413678
realistic_dqn_train55_live1005,realistic,dqn,1005,6.5,31.127084250238077
realistic_dqn_train55_live1005,realistic,dqn,1005,7.0,34.08052628859188
realistic_dqn_train55_live1005,realistic,dqn,1005,7.5,37.0646256316385
realistic_dqn_train55_live1005,realistic,dqn,1005,8.0,40.96247467417352
realistic_dqn_train55_live1005,realistic,dqn,1005,8.5,46.4502139131723
realistic_dqn_train55_live1005,realistic,dqn,1005,9.0,51.82286261037985
realistic_dqn_train55_live1005,realistic,dqn,1005,9.5,57.20442718785976
realistic_dqn_train55_live1005,realistic,dqn,1005,10.0,62.48394205534523
realistic_dqn_train55_live1005,realistic,dqn,1005,10.5,67.8499502302852
realistic_dqn_train55_live1005,realistic,dqn,1005,11.0,73.24252132726967
realistic_dqn_train55_live1005,realistic,dqn,1005,11.5,78.69787320311549
realistic_dqn_train55_live1005,realistic,dqn,1005,12.0,84.86927544944031
realistic_dqn_train55_live1005,realistic,dqn,1005,12.5,92.560415385961
realistic_dqn_train55_live1005,realistic,dqn,1005,13.0,98.05215851057237
realistic_dqn_train55_live1005,realistic,dqn,1005,13.5,103.25306820253941
realistic_dqn_train55_live1005,realistic,dqn,1005,14.0,108.39050986339201
realistic_dqn_train55_live1005,realistic,dqn,1005,14.5,113.66457160537179
realistic_dqn_train55_live1005,realistic,dqn,1005,15.0,118.89356270991689
realistic_dqn_train55_live1005,realistic,dqn,1005,15.5,125.68012853570298
realistic_dqn_train55_live1005,realistic,dqn,1005,16.0,133.34048911819124
realistic_dqn_train55_live1005,realistic,dqn,1005,16.5,141.0939948722341
realistic_dqn_train55_live1005,realistic,dqn,1005,17.0,148.03588282786785
realistic_dqn_train55_live1005,realistic,dqn,1005,17.5,154.82394748936824
realistic_dqn_train55_live1005,realistic,dqn,1005,18.0,161.53031661075585
realistic_dqn_train55_live1005,realistic,dqn,1005,18.5,169.29829919492963
realistic_dqn_train55_live1005,realistic,dqn,1005,19.0,177.7395485205984
realistic_dqn_train55_live1005,realistic,dqn,1005,19.5,186.25431123852601
realistic_dqn_train55_live1005,realistic,dqn,1005,20.0,194.80990044377097
realistic_dqn_train55_live1005,realistic,dqn,1005,20.5,203.210906927796
realistic_dqn_train55_live1005,realistic,dqn,1005,21.0,209.71755770526414
realistic_dqn_train55_live1005,realistic,dqn,1005,21.5,216.2650150636403
realistic_dqn_train55_live1005,realistic,dqn,1005,22.0,223.0746026835803
realistic_dqn_train55_live1005,realistic,dqn,1005,22.5,230.97581302048985
realistic_dqn_train55_live1005,realistic,dqn,1005,23.0,238.45905347697405
realistic_dqn_train55_live1005,realistic,dqn,1005,23.5,245.8814704040464
realistic_dqn_train55_live1005,realistic,dqn,1005,24.0,251.99835829244
realistic_dqn_train55_live1005,realistic,dqn,1005,24.5,257.90730578121895
realistic_dqn_train55_live1005,realistic,dqn,1005,25.0,263.76664439552854
realistic_dqn_train55_live1005,realistic,dqn,1005,25.5,270.50806402693604
realistic_dqn_train55_live1005,realistic,dqn,1005,26.0,278.5200685693825
realistic_dqn_train55_live1005,realistic,dqn,1005,26.5,286.53332801378974
realistic_dqn_train55_live1005,realistic,dqn,1005,27.0,294.700220468203
realistic_dqn_train55_live1005,realistic,dqn,1005,27.5,303.06011261911357
realistic_dqn_train55_live1005,realistic,dqn,1005,28.0,310.9418464954555
realistic_dqn_train55_live1005,realistic,dqn,1005,28.5,318.058693801685
realistic_dqn_train55_live1005,realistic,dqn,1005,29.0,325.08887337812354
realistic_dqn_train55_live1005,realistic,dqn,1005,29.5,332.0698531996646
realistic_dqn_train55_live1005,realistic,dqn,1005,30.0,339.0348208501961
realistic_ppo_train11_live1001,realistic,ppo,1001,0.0,0.286864130607143
realistic_ppo_train11_live1001,realistic,ppo,1001,0.5,2.417058386559727
realistic_ppo_train11_live1001,realistic,ppo,1001,1.0,5.29013124789274
realistic_ppo_train11_live1001,realistic,ppo,1001,1.5,8.18476431357196
realistic_ppo_train11_live1001,realistic,ppo,1001,2.0,11.057473681310412
realistic_ppo_train11_live1001,realistic,ppo,1001,2.5,14.847882956409903
realistic_ppo_train11_live1001,realistic,ppo,1001,3.0,20.473602566338243
realistic_ppo_train11_live1001,realistic,ppo,1001,3.5,26.881713749272954
realistic_ppo_train11_live1001,realistic,ppo,1001,4.0,33.277119049854726
realistic_ppo_train11_live1001,realistic,ppo,1001,4.5,39.71097101921854
realistic_ppo_train11_live1001,realistic,ppo,1001,5.0,46.18883811923798
realistic_ppo_train11_live1001,realistic,ppo,1001,5.5,52.598596360996225
realistic_ppo_train11_live1001,realistic,ppo,1001,6.0,59.03448713176813
realistic_ppo_train11_live1001,realistic,ppo,1001,6.5,67.30758104112677
realistic_ppo_train11_live1001,realistic,ppo,1001,7.0,76.96037523059745
realistic_ppo_train11_live1001,realistic,ppo,1001,7.5,86.64290798215963
realistic_ppo_train11_live1001,realistic,ppo,1001,8.0,96.38700621313625
realistic_ppo_train11_live1001,realistic,ppo,1001,8.5,106.11380754433452
realistic_ppo_train11_live1001,realistic,ppo,1001,9.0,115.8564246375452
realistic_ppo_train11_live1001,realistic,ppo,1001,9.5,125.52043778126425
realistic_ppo_train11_live1001,realistic,ppo,1001,10.0,135.53173458547852
realistic_ppo_train11_live1001,realistic,ppo,1001,10.5,146.74382634415673
realistic_ppo_train11_live1001,realistic,ppo,1001,11.0,158.17612970477253
realistic_ppo_train11_live1001,realistic,ppo,1001,11.5,169.59894365214313
realistic_ppo_train11_live1001,realistic,ppo,1001,12.0,180.91324660120193
realistic_ppo_train11_live1001,realistic,ppo,1001,12.5,192.20193545755887
realistic_ppo_train11_live1001,realistic,ppo,1001,13.0,204.3181009691965
realistic_ppo_train11_live1001,realistic,ppo,1001,13.5,217.77698828852314
realistic_ppo_train11_live1001,realistic,ppo,1001,14.0,230.83921386436447
realistic_ppo_train11_live1001,realistic,ppo,1001,14.5,241.81354643899536
realistic_ppo_train11_live1001,realistic,ppo,1001,15.0,252.1037392632746
realistic_ppo_train11_live1001,realistic,ppo,1001,15.5,262.58877094266643
realistic_ppo_train11_live1001,realistic,ppo,1001,16.0,272.85139513949457
realistic_ppo_train11_live1001,realistic,ppo,1001,16.5,282.2680761890114
realistic_ppo_train11_live1001,realistic,ppo,1001,17.0,289.56321944862896
realistic_ppo_train11_live1001,realistic,ppo,1001,17.5,296.5006891971933
realistic_ppo_train11_live1001,realistic,ppo,1001,18.0,303.4796981773733
realistic_ppo_train11_live1001,realistic,ppo,1001,18.5,310.51828943433856
realistic_ppo_train11_live1001,realistic,ppo,1001,19.0,317.41350052046477
realistic_ppo_train11_live1001,realistic,ppo,1001,19.5,325.19581633772964
realistic_ppo_train11_live1001,realistic,ppo,1001,20.0,335.0414960744744
realistic_ppo_train11_live1001,realistic,ppo,1001,20.5,345.68117075837705
realistic_ppo_train11_live1001,realistic,ppo,1001,21.0,356.241592962542
realistic_ppo_train11_live1001,realistic,ppo,1001,21.5,366.9870973749721
realistic_ppo_train11_live1001,realistic,ppo,1001,22.0,380.20421512167104
realistic_ppo_train11_live1001,realistic,ppo,1001,22.5,393.9086193377468
realistic_ppo_train11_live1001,realistic,ppo,1001,23.0,407.544324380429
realistic_ppo_train11_live1001,realistic,ppo,1001,23.5,421.18897059958164
realistic_ppo_train11_live1001,realistic,ppo,1001,24.0,434.67350416461727
realistic_ppo_train11_live1001,realistic,ppo,1001,24.5,446.2623383748722
realistic_ppo_train11_live1001,realistic,ppo,1001,25.0,456.4627388465322
realistic_ppo_train11_live1001,realistic,ppo,1001,25.5,467.59495805619076
realistic_ppo_train11_live1001,realistic,ppo,1001,26.0,478.82637415884216
realistic_ppo_train11_live1001,realistic,ppo,1001,26.5,489.98027474104964
realistic_ppo_train11_live1001,realistic,ppo,1001,27.0,501.12081748011997
realistic_ppo_train11_live1001,realistic,ppo,1001,27.5,512.2900661015431
realistic_ppo_train11_live1001,realistic,ppo,1001,28.0,523.4202558994369
realistic_ppo_train11_live1001,realistic,ppo,1001,28.5,532.8304363141451
realistic_ppo_train11_live1001,realistic,ppo,1001,29.0,543.1663002729938
realistic_ppo_train11_live1001,realistic,ppo,1001,29.5,553.7248509133998
realistic_ppo_train11_live1001,realistic,ppo,1001,30.0,563.9221025612085
realistic_ppo_train22_live1002,realistic,ppo,1002,0.0,0.3130910537054329
realistic_ppo_train22_live1002,realistic,ppo,1002,0.5,2.5447404858483
realistic_ppo_train22_live1002,realistic,ppo,1002,1.0,4.586664903700684
realistic_ppo_train22_live1002,realistic,ppo,1002,1.5,6.4880675549382065
realistic_ppo_train22_live1002,realistic,ppo,1002,2.0,8.367143563765925
realistic_ppo_train22_live1002,realistic,ppo,1002,2.5,10.244818214632453
realistic_ppo_train22_live1002,realistic,ppo,1002,3.0,12.375689760239512
realistic_ppo_train22_live1002,realistic,ppo,1002,3.5,15.566903760579965
realistic_ppo_train22_live1002,realistic,ppo,1002,4.0,18.725088308438234
realistic_ppo_train22_live1002,realistic,ppo,1002,4.5,21.89703185558571
realistic_ppo_train22_live1002,realistic,ppo,1002,5.0,25.093105050235494
realistic_ppo_train22_live1002,realistic,ppo,1002,5.5,29.097689979070008
realistic_ppo_train22_live1002,realistic,ppo,1002,6.0,33.832729685333334
realistic_ppo_train22_live1002,realistic,ppo,1002,6.5,38.90005547713801
realistic_ppo_train22_live1002,realistic,ppo,1002,7.0,43.92982391553073
realistic_ppo_train22_live1002,realistic,ppo,1002,7.5,49.00754598921665
realistic_ppo_train22_live1002,realistic,ppo,1002,8.0,54.02570658447213
realistic_ppo_train22_live1002,realistic,ppo,1002,8.5,59.02794561110016
realistic_ppo_train22_live1002,realistic,ppo,1002,9.0,65.8939503217539
realistic_ppo_train22_live1002,realistic,ppo,1002,9.5,74.11181819653481
realistic_ppo_train22_live1002,realistic,ppo,1002,10.0,82.71196349277447
realistic_ppo_train22_live1002,realistic,ppo,1002,10.5,91.26003035764161
realistic_ppo_train22_live1002,realistic,ppo,1002,11.0,99.87499918329304
realistic_ppo_train22_live1002,realistic,ppo,1002,11.5,108.54444452728868
realistic_ppo_train22_live1002,realistic,ppo,1002,12.0,117.15258982352836
realistic_ppo_train22_live1002,realistic,ppo,1002,12.5,127.03484577888202
realistic_ppo_train22_live1002,realistic,ppo,1002,13.0,136.54879926032837
realistic_ppo_train22_live1002,realistic,ppo,1002,13.5,145.3394010607537
realistic_ppo_train22_live1002,realistic,ppo,1002,14.0,154.1539375922464
realistic_ppo_train22_live1002,realistic,ppo,1002,14.5,162.87766188755137
realistic_ppo_train22_live1002,realistic,ppo,1002,15.0,172.9875147421685
realistic_ppo_train22_live1002,realistic,ppo,1002,15.5,183.27946436553242
realistic_ppo_train22_live1002,realistic,ppo,1002,16.0,193.60544864664337
realistic_ppo_train22_live1002,realistic,ppo,1002,16.5,203.87722545285362
realistic_ppo_train22_live1002,realistic,ppo,1002,17.0,214.12203309048508
realistic_ppo_train22_live1002,realistic,ppo,1002,17.5,224.29937063470445
realistic_ppo_train22_live1002,realistic,ppo,1002,18.0,233.7400350386336
realistic_ppo_train22_live1002,realistic,ppo,1002,18.5,243.21000929167465
realistic_ppo_train22_live1002,realistic,ppo,1002,19.0,252.6623752094294
realistic_ppo_train22_live1002,realistic,ppo,1002,19.5,262.06078772031157
realistic_ppo_train22_live1002,realistic,ppo,1002,20.0,271.4864423652567
realistic_ppo_train22_live1002,realistic,ppo,1002,20.5,280.9376808266763
realistic_ppo_train22_live1002,realistic,ppo,1002,21.0,290.3390933375585
realistic_ppo_train22_live1002,realistic,ppo,1002,21.5,301.0649028017012
realistic_ppo_train22_live1002,realistic,ppo,1002,22.0,310.49131412983235
realistic_ppo_train22_live1002,realistic,ppo,1002,22.5,318.1385654691421
realistic_ppo_train22_live1002,realistic,ppo,1002,23.0,325.7983658280597
realistic_ppo_train22_live1002,realistic,ppo,1002,23.5,333.38081324580077
realistic_ppo_train22_live1002,realistic,ppo,1002,24.0,341.0412410556987
realistic_ppo_train22_live1002,realistic,ppo,1002,24.5,347.73760747437336
realistic_ppo_train22_live1002,realistic,ppo,1002,25.0,355.35570521323825
realistic_ppo_train22_live1002,realistic,ppo,1002,25.5,363.819329305488
realistic_ppo_train22_live1002,realistic,ppo,1002,26.0,370.8494891180911
realistic_ppo_train22_live1002,realistic,ppo,1002,26.5,377.68420293404637
realistic_ppo_train22_live1002,realistic,ppo,1002,27.0,384.5260540049036
realistic_ppo_train22_live1002,realistic,ppo,1002,27.5,391.42441515462093
realistic_ppo_train22_live1002,realistic,ppo,1002,28.0,399.23125672067584
realistic_ppo_train22_live1002,realistic,ppo,1002,28.5,407.50377144263945
realistic_ppo_train22_live1002,realistic,ppo,1002,29.0,416.15017789928737
realistic_ppo_train22_live1002,realistic,ppo,1002,29.5,424.76348631671954
realistic_ppo_train22_live1002,realistic,ppo,1002,30.0,433.59689550004094
realistic_ppo_train33_live1003,realistic,ppo,1003,0.0,0.3046882160749991
realistic_ppo_train33_live1003,realistic,ppo,1003,0.5,2.561004866619128
realistic_ppo_train33_live1003,realistic,ppo,1003,1.0,5.414156288825695
realistic_ppo_train33_live1003,realistic,ppo,1003,1.5,8.311797047925392
realistic_ppo_train33_live1003,realistic,ppo,1003,2.0,11.164575477326723
realistic_ppo_train33_live1003,realistic,ppo,1003,2.5,14.061232211593573
realistic_ppo_train33_live1003,realistic,ppo,1003,3.0,17.225899778985642
realistic_ppo_train33_live1003,realistic,ppo,1003,3.5,22.378274320559633
realistic_ppo_train33_live1003,realistic,ppo,1003,4.0,28.67786095181945
realistic_ppo_train33_live1003,realistic,ppo,1003,4.5,34.98024664455808
realistic_ppo_train33_live1003,realistic,ppo,1003,5.0,41.27604410200259
realistic_ppo_train33_live1003,realistic,ppo,1003,5.5,47.603317235996904
realistic_ppo_train33_live1003,realistic,ppo,1003,6.0,54.066691844016
realistic_ppo_train33_live1003,realistic,ppo,1003,6.5,61.628695026609215
realistic_ppo_train33_live1003,realistic,ppo,1003,7.0,69.3033417824161
realistic_ppo_train33_live1003,realistic,ppo,1003,7.5,76.82637943593902
realistic_ppo_train33_live1003,realistic,ppo,1003,8.0,84.36361316789333
realistic_ppo_train33_live1003,realistic,ppo,1003,8.5,93.63890161918555
realistic_ppo_train33_live1003,realistic,ppo,1003,9.0,104.32312925313569
realistic_ppo_train33_live1003,realistic,ppo,1003,9.5,115.72208673381643
realistic_ppo_train33_live1003,realistic,ppo,1003,10.0,127.01020281871192
realistic_ppo_train33_live1003,realistic,ppo,1003,10.5,138.39656537844928
realistic_ppo_train33_live1003,realistic,ppo,1003,11.0,149.70954420844285
realistic_ppo_train33_live1003,realistic,ppo,1003,11.5,162.08377214412675
realistic_ppo_train33_live1003,realistic,ppo,1003,12.0,174.62541341855118
realistic_ppo_train33_live1003,realistic,ppo,1003,12.5,187.16170021693557
realistic_ppo_train33_live1003,realistic,ppo,1003,13.0,197.43489771967916
realistic_ppo_train33_live1003,realistic,ppo,1003,13.5,207.6125438728454
realistic_ppo_train33_live1003,realistic,ppo,1003,14.0,219.98829194480962
realistic_ppo_train33_live1003,realistic,ppo,1003,14.5,232.44667432100016
realistic_ppo_train33_live1003,realistic,ppo,1003,15.0,245.1092047158757
realistic_ppo_train33_live1003,realistic,ppo,1003,15.5,257.73419383109643
realistic_ppo_train33_live1003,realistic,ppo,1003,16.0,270.26790823422357
realistic_ppo_train33_live1003,realistic,ppo,1003,16.5,283.50474942421266
realistic_ppo_train33_live1003,realistic,ppo,1003,17.0,295.85539430946613
realistic_ppo_train33_live1003,realistic,ppo,1003,17.5,308.257090411147
realistic_ppo_train33_live1003,realistic,ppo,1003,18.0,320.8677531429682
realistic_ppo_train33_live1003,realistic,ppo,1003,18.5,332.799615929483
realistic_ppo_train33_live1003,realistic,ppo,1003,19.0,344.05947950263
realistic_ppo_train33_live1003,realistic,ppo,1003,19.5,355.4680418431964
realistic_ppo_train33_live1003,realistic,ppo,1003,20.0,365.64251634488886
realistic_ppo_train33_live1003,realistic,ppo,1003,20.5,374.35940442783976
realistic_ppo_train33_live1003,realistic,ppo,1003,21.0,383.17841367855743
realistic_ppo_train33_live1003,realistic,ppo,1003,21.5,391.90833117327315
realistic_ppo_train33_live1003,realistic,ppo,1003,22.0,401.0947537551434
realistic_ppo_train33_live1003,realistic,ppo,1003,22.5,412.14351620248067
realistic_ppo_train33_live1003,realistic,ppo,1003,23.0,424.273449521999
realistic_ppo_train33_live1003,realistic,ppo,1003,23.5,436.57875400186805
realistic_ppo_train33_live1003,realistic,ppo,1003,24.0,448.02972383118777
realistic_ppo_train33_live1003,realistic,ppo,1003,24.5,459.4156001906359
realistic_ppo_train33_live1003,realistic,ppo,1003,25.0,470.2080997058264
realistic_ppo_train33_live1003,realistic,ppo,1003,25.5,479.6613067630295
realistic_ppo_train33_live1003,realistic,ppo,1003,26.0,489.4432670277421
realistic_ppo_train33_live1003,realistic,ppo,1003,26.5,499.20526757759893
realistic_ppo_train33_live1003,realistic,ppo,1003,27.0,509.13726388614504
realistic_ppo_train33_live1003,realistic,ppo,1003,27.5,518.918299340671
realistic_ppo_train33_live1003,realistic,ppo,1003,28.0,530.2118716128169
realistic_ppo_train33_live1003,realistic,ppo,1003,28.5,542.5970971262624
realistic_ppo_train33_live1003,realistic,ppo,1003,29.0,554.9810677377473
realistic_ppo_train33_live1003,realistic,ppo,1003,29.5,567.4142932511927
realistic_ppo_train33_live1003,realistic,ppo,1003,30.0,581.1216690979878
realistic_ppo_train44_live1004,realistic,ppo,1004,0.0,0.3179708087600468
realistic_ppo_train44_live1004,realistic,ppo,1004,0.5,2.5839216074506863
realistic_ppo_train44_live1004,realistic,ppo,1004,1.0,5.456557713183463
realistic_ppo_train44_live1004,realistic,ppo,1004,1.5,8.352520686231049
realistic_ppo_train44_live1004,realistic,ppo,1004,2.0,11.225538147160021
realistic_ppo_train44_live1004,realistic,ppo,1004,2.5,14.12144664002961
realistic_ppo_train44_live1004,realistic,ppo,1004,3.0,16.994450507754575
realistic_ppo_train44_live1004,realistic,ppo,1004,3.5,19.86747633367659
realistic_ppo_train44_live1004,realistic,ppo,1004,4.0,22.739539298364775
realistic_ppo_train44_live1004,realistic,ppo,1004,4.5,26.639779292073896
realistic_ppo_train44_live1004,realistic,ppo,1004,5.0,30.781109959962308
realistic_ppo_train44_live1004,realistic,ppo,1004,5.5,34.93831612012233
realistic_ppo_train44_live1004,realistic,ppo,1004,6.0,39.04152896704769
realistic_ppo_train44_live1004,realistic,ppo,1004,6.5,43.174153302677986
realistic_ppo_train44_live1004,realistic,ppo,1004,7.0,47.285366149603355
realistic_ppo_train44_live1004,realistic,ppo,1004,7.5,51.414540398688196
realistic_ppo_train44_live1004,realistic,ppo,1004,8.0,56.95159066391422
realistic_ppo_train44_live1004,realistic,ppo,1004,8.5,62.81519769579984
realistic_ppo_train44_live1004,realistic,ppo,1004,9.0,68.67969354288208
realistic_ppo_train44_live1004,realistic,ppo,1004,9.5,74.52060736986927
realistic_ppo_train44_live1004,realistic,ppo,1004,10.0,80.29584472659857
realistic_ppo_train44_live1004,realistic,ppo,1004,10.5,87.87800269317945
realistic_ppo_train44_live1004,realistic,ppo,1004,11.0,96.67705180207612
realistic_ppo_train44_live1004,realistic,ppo,1004,11.5,106.22049737773308
realistic_ppo_train44_live1004,realistic,ppo,1004,12.0,115.84488155492117
realistic_ppo_train44_live1004,realistic,ppo,1004,12.5,124.01540785009426
realistic_ppo_train44_live1004,realistic,ppo,1004,13.0,130.7157693180065
realistic_ppo_train44_live1004,realistic,ppo,1004,13.5,137.401464119252
realistic_ppo_train44_live1004,realistic,ppo,1004,14.0,144.39037497961823
realistic_ppo_train44_live1004,realistic,ppo,1004,14.5,152.48862678230785
realistic_ppo_train44_live1004,realistic,ppo,1004,15.0,160.6869021580018
realistic_ppo_train44_live1004,realistic,ppo,1004,15.5,168.5701434671067
realistic_ppo_train44_live1004,realistic,ppo,1004,16.0,176.56388487723243
realistic_ppo_train44_live1004,realistic,ppo,1004,16.5,184.5470661272845
realistic_ppo_train44_live1004,realistic,ppo,1004,17.0,192.43783684815418
realistic_ppo_train44_live1004,realistic,ppo,1004,17.5,200.892740919379
realistic_ppo_train44_live1004,realistic,ppo,1004,18.0,210.37250707371953
realistic_ppo_train44_live1004,realistic,ppo,1004,18.5,219.88352679979647
realistic_ppo_train44_live1004,realistic,ppo,1004,19.0,229.25730703961017
realistic_ppo_train44_live1004,realistic,ppo,1004,19.5,238.6776973710064
realistic_ppo_train44_live1004,realistic,ppo,1004,20.0,248.11696481723033
realistic_ppo_train44_live1004,realistic,ppo,1004,20.5,257.02570068412103
realistic_ppo_train44_live1004,realistic,ppo,1004,21.0,266.15128545115
realistic_ppo_train44_live1004,realistic,ppo,1004,21.5,275.9266864431424
realistic_ppo_train44_live1004,realistic,ppo,1004,22.0,285.5185257023551
realistic_ppo_train44_live1004,realistic,ppo,1004,22.5,295.0986002556854
realistic_ppo_train44_live1004,realistic,ppo,1004,23.0,304.7036159854864
realistic_ppo_train44_live1004,realistic,ppo,1004,23.5,314.3660454046199
realistic_ppo_train44_live1004,realistic,ppo,1004,24.0,323.9268258403033
realistic_ppo_train44_live1004,realistic,ppo,1004,24.5,331.6715301206857
realistic_ppo_train44_live1004,realistic,ppo,1004,25.0,338.89547150408134
realistic_ppo_train44_live1004,realistic,ppo,1004,25.5,345.0255472203755
realistic_ppo_train44_live1004,realistic,ppo,1004,26.0,350.6962943810263
realistic_ppo_train44_live1004,realistic,ppo,1004,26.5,356.5503828051924
realistic_ppo_train44_live1004,realistic,ppo,1004,27.0,362.38751155144627
realistic_ppo_train44_live1004,realistic,ppo,1004,27.5,368.0920626336657
realistic_ppo_train44_live1004,realistic,ppo,1004,28.0,375.184194126272
realistic_ppo_train44_live1004,realistic,ppo,1004,28.5,383.7130934360412
realistic_ppo_train44_live1004,realistic,ppo,1004,29.0,393.1668064129904
realistic_ppo_train44_live1004,realistic,ppo,1004,29.5,402.642808475602
realistic_ppo_train44_live1004,realistic,ppo,1004,30.0,412.15512945517725
realistic_ppo_train55_live1005,realistic,ppo,1005,0.0,0.3122381125289623
realistic_ppo_train55_live1005,realistic,ppo,1005,0.5,2.306310115245205
realistic_ppo_train55_live1005,realistic,ppo,1005,1.0,4.618821786580406
realistic_ppo_train55_live1005,realistic,ppo,1005,1.5,7.000980228583593
realistic_ppo_train55_live1005,realistic,ppo,1005,2.0,9.337245715181117
realistic_ppo_train55_live1005,realistic,ppo,1005,2.5,11.719359563883325
realistic_ppo_train55_live1005,realistic,ppo,1005,3.0,14.078436384119343
realistic_ppo_train55_live1005,realistic,ppo,1005,3.5,16.438453751858184
realistic_ppo_train55_live1005,realistic,ppo,1005,4.0,19.069636543596843
realistic_ppo_train55_live1005,realistic,ppo,1005,4.5,22.642485173040352
realistic_ppo_train55_live1005,realistic,ppo,1005,5.0,26.232039684836803
realistic_ppo_train55_live1005,realistic,ppo,1005,5.5,29.843849543688222
realistic_ppo_train55_live1005,realistic,ppo,1005,6.0,33.45987509881197
realistic_ppo_train55_live1005,realistic,ppo,1005,6.5,37.10996026321312
realistic_ppo_train55_live1005,realistic,ppo,1005,7.0,40.69451477500956
realistic_ppo_train55_live1005,realistic,ppo,1005,7.5,44.269098698570694
realistic_ppo_train55_live1005,realistic,ppo,1005,8.0,48.78918884009627
realistic_ppo_train55_live1005,realistic,ppo,1005,8.5,55.05277136309719
realistic_ppo_train55_live1005,realistic,ppo,1005,9.0,61.45427265360511
realistic_ppo_train55_live1005,realistic,ppo,1005,9.5,67.93354508991622
realistic_ppo_train55_live1005,realistic,ppo,1005,10.0,74.36202677258102
realistic_ppo_train55_live1005,realistic,ppo,1005,10.5,80.75466531799094
realistic_ppo_train55_live1005,realistic,ppo,1005,11.0,87.16189209869496
realistic_ppo_train55_live1005,realistic,ppo,1005,11.5,93.6191989159717
realistic_ppo_train55_live1005,realistic,ppo,1005,12.0,101.02059099573698
realistic_ppo_train55_live1005,realistic,ppo,1005,12.5,110.37685651985946
realistic_ppo_train55_live1005,realistic,ppo,1005,13.0,118.50085120368433
realistic_ppo_train55_live1005,realistic,ppo,1005,13.5,126.45143578619506
realistic_ppo_train55_live1005,realistic,ppo,1005,14.0,134.39276959151505
realistic_ppo_train55_live1005,realistic,ppo,1005,14.5,142.34344521999705
realistic_ppo_train55_live1005,realistic,ppo,1005,15.0,150.41092004462558
realistic_ppo_train55_live1005,realistic,ppo,1005,15.5,160.10781012704598
realistic_ppo_train55_live1005,realistic,ppo,1005,16.0,170.10183681283598
realistic_ppo_train55_live1005,realistic,ppo,1005,16.5,179.87521515113275
realistic_ppo_train55_live1005,realistic,ppo,1005,17.0,188.64039112237845
realistic_ppo_train55_live1005,realistic,ppo,1005,17.5,197.20260897315512
realistic_ppo_train55_live1005,realistic,ppo,1005,18.0,205.8226317741645
realistic_ppo_train55_live1005,realistic,ppo,1005,18.5,215.4239739808564
realistic_ppo_train55_live1005,realistic,ppo,1005,19.0,226.22781467760882
realistic_ppo_train55_live1005,realistic,ppo,1005,19.5,237.08547182650915
realistic_ppo_train55_live1005,realistic,ppo,1005,20.0,247.84906409371914
realistic_ppo_train55_live1005,realistic,ppo,1005,20.5,258.5932445962232
realistic_ppo_train55_live1005,realistic,ppo,1005,21.0,267.0536604054136
realistic_ppo_train55_live1005,realistic,ppo,1005,21.5,275.0316588350885
realistic_ppo_train55_live1005,realistic,ppo,1005,22.0,283.1892575420952
realistic_ppo_train55_live1005,realistic,ppo,1005,22.5,292.49129084683767
realistic_ppo_train55_live1005,realistic,ppo,1005,23.0,301.79904987022655
realistic_ppo_train55_live1005,realistic,ppo,1005,23.5,311.1307063060758
realistic_ppo_train55_live1005,realistic,ppo,1005,24.0,317.24168875268253
realistic_ppo_train55_live1005,realistic,ppo,1005,24.5,322.751206060959
realistic_ppo_train55_live1005,realistic,ppo,1005,25.0,328.2671547363729
realistic_ppo_train55_live1005,realistic,ppo,1005,25.5,334.6997815229579
realistic_ppo_train55_live1005,realistic,ppo,1005,26.0,342.9503619865701
realistic_ppo_train55_live1005,realistic,ppo,1005,26.5,351.20880101580985
realistic_ppo_train55_live1005,realistic,ppo,1005,27.0,359.5368461745075
realistic_ppo_train55_live1005,realistic,ppo,1005,27.5,368.16566002452646
realistic_ppo_train55_live1005,realistic,ppo,1005,28.0,377.3208693783245
realistic_ppo_train55_live1005,realistic,ppo,1005,28.5,387.1962723536456
realistic_ppo_train55_live1005,realistic,ppo,1005,29.0,397.3262050167025
realistic_ppo_train55_live1005,realistic,ppo,1005,29.5,407.56697321597983
realistic_ppo_train55_live1005,realistic,ppo,1005,30.0,417.8319641647087
realistic_static_train11_live1001,realistic,static,1001,0.0,0.23015565238441058
realistic_static_train11_live1001,realistic,static,1001,0.5,1.6268638930177313
realistic_static_train11_live1001,realistic,static,1001,1.0,3.2612557039762278
realistic_static_train11_live1001,realistic,static,1001,1.5,4.9180751979401
realistic_static_train11_live1001,realistic,static,1001,2.0,6.575479588418684
realistic_static_train11_live1001,realistic,static,1001,2.5,8.935652652540107
realistic_static_train11_live1001,realistic,static,1001,3.0,11.871576088056822
realistic_static_train11_live1001,realistic,static,1001,3.5,14.76775872517747
realistic_static_train11_live1001,realistic,static,1001,4.0,17.67594136229812
realistic_static_train11_live1001,realistic,static,1001,4.5,20.589626267059685
realistic_static_train11_live1001,realistic,static,1001,5.0,23.50017715334158
realistic_static_train11_live1001,realistic,static,1001,5.5,26.426884907356328
realistic_static_train11_live1001,realistic,static,1001,6.0,29.360729487589992
realistic_static_train11_live1001,realistic,static,1001,6.5,33.33269537714668
realistic_static_train11_live1001,realistic,static,1001,7.0,37.51607899465949
realistic_static_train11_live1001,realistic,static,1001,7.5,41.64785476903504
realistic_static_train11_live1001,realistic,static,1001,8.0,45.94842586243318
realistic_static_train11_live1001,realistic,static,1001,8.5,50.17733097522762
realistic_static_train11_live1001,realistic,static,1001,9.0,54.33020478881887
realistic_static_train11_live1001,realistic,static,1001,9.5,58.463078602410114
realistic_static_train11_live1001,realistic,static,1001,10.0,63.03233403799367
realistic_static_train11_live1001,realistic,static,1001,10.5,68.75096293713226
realistic_static_train11_live1001,realistic,static,1001,11.0,74.5005722284277
realistic_static_train11_live1001,realistic,static,1001,11.5,80.2242893628604
realistic_static_train11_live1001,realistic,static,1001,12.0,86.04241362082149
realistic_static_train11_live1001,realistic,static,1001,12.5,91.8569112700317
realistic_static_train11_live1001,realistic,static,1001,13.0,98.31752744049368
realistic_static_train11_live1001,realistic,static,1001,13.5,105.63783097233312
realistic_static_train11_live1001,realistic,static,1001,14.0,112.71869272422131
realistic_static_train11_live1001,realistic,static,1001,14.5,118.42461811398327
realistic_static_train11_live1001,realistic,static,1001,15.0,123.89451454610244
realistic_static_train11_live1001,realistic,static,1001,15.5,129.25639329369588
realistic_static_train11_live1001,realistic,static,1001,16.0,134.62893870795588
realistic_static_train11_live1001,realistic,static,1001,16.5,140.11458452689087
realistic_static_train11_live1001,realistic,static,1001,17.0,144.72399405421183
realistic_static_train11_live1001,realistic,static,1001,17.5,149.23306515109667
realistic_static_train11_live1001,realistic,static,1001,18.0,153.67888586142885
realistic_static_train11_live1001,realistic,static,1001,18.5,158.1413242970672
realistic_static_train11_live1001,realistic,static,1001,19.0,162.56879240511336
realistic_static_train11_live1001,realistic,static,1001,19.5,167.65539877647208
realistic_static_train11_live1001,realistic,static,1001,20.0,173.4789543986962
realistic_static_train11_live1001,realistic,static,1001,20.5,179.10971313902752
realistic_static_train11_live1001,realistic,static,1001,21.0,184.85459497255962
realistic_static_train11_live1001,realistic,static,1001,21.5,190.8956740252341
realistic_static_train11_live1001,realistic,static,1001,22.0,197.78894747144773
realistic_static_train11_live1001,realistic,static,1001,22.5,204.71004942605938
realistic_static_train11_live1001,realistic,static,1001,23.0,211.54669542129253
realistic_static_train11_live1001,realistic,static,1001,23.5,218.6050115812777
realistic_static_train11_live1001,realistic,static,1001,24.0,225.47323134539496
realistic_static_train11_live1001,realistic,static,1001,24.5,230.81766368444198
realistic_static_train11_live1001,realistic,static,1001,25.0,235.82490617428928
realistic_static_train11_live1001,realistic,static,1001,25.5,241.480260563624
realistic_static_train11_live1001,realistic,static,1001,26.0,247.27196638303795
realistic_static_train11_live1001,realistic,static,1001,26.5,252.9724188115883
realistic_static_train11_live1001,realistic,static,1001,27.0,258.71879260151337
realistic_static_train11_live1001,realistic,static,1001,27.5,264.3567352261421
realistic_static_train11_live1001,realistic,static,1001,28.0,270.1268254006135
realistic_static_train11_live1001,realistic,static,1001,28.5,274.808217060091
realistic_static_train11_live1001,realistic,static,1001,29.0,280.2225192542071
realistic_static_train11_live1001,realistic,static,1001,29.5,285.7706828873741
realistic_static_train11_live1001,realistic,static,1001,30.0,291.2481255712595
realistic_static_train22_live1002,realistic,static,1002,0.0,0.2476262406197047
realistic_static_train22_live1002,realistic,static,1002,0.5,1.6404845605980534
realistic_static_train22_live1002,realistic,static,1002,1.0,3.268600063339509
realistic_static_train22_live1002,realistic,static,1002,1.5,4.919143580507917
realistic_static_train22_live1002,realistic,static,1002,2.0,6.569492848680912
realistic_static_train22_live1002,realistic,static,1002,2.5,8.240391183264041
realistic_static_train22_live1002,realistic,static,1002,3.0,9.890883695723318
realistic_static_train22_live1002,realistic,static,1002,3.5,12.60458175987319
realistic_static_train22_live1002,realistic,static,1002,4.0,15.499558514640897
realistic_static_train22_live1002,realistic,static,1002,4.5,18.373594092938024
realistic_static_train22_live1002,realistic,static,1002,5.0,21.31899071138224
realistic_static_train22_live1002,realistic,static,1002,5.5,24.41603364262054
realistic_static_train22_live1002,realistic,static,1002,6.0,28.604273708784817
realistic_static_train22_live1002,realistic,static,1002,6.5,32.72749065963095
realistic_static_train22_live1002,realistic,static,1002,7.0,36.8652958457712
realistic_static_train22_live1002,realistic,static,1002,7.5,40.99753240446047
realistic_static_train22_live1002,realistic,static,1002,8.0,45.11565131609091
realistic_static_train22_live1002,realistic,static,1002,8.5,49.231966306152735
realistic_static_train22_live1002,realistic,static,1002,9.0,54.16885001545883
realistic_static_train22_live1002,realistic,static,1002,9.5,60.05996271585897
realistic_static_train22_live1002,realistic,static,1002,10.0,65.77091514440932
realistic_static_train22_live1002,realistic,static,1002,10.5,71.47527933766555
realistic_static_train22_live1002,realistic,static,1002,11.0,77.30158763769683
realistic_static_train22_live1002,realistic,static,1002,11.5,82.99567732114917
realistic_static_train22_live1002,realistic,static,1002,12.0,88.80113782074515
realistic_static_train22_live1002,realistic,static,1002,12.5,95.16319254154477
realistic_static_train22_live1002,realistic,static,1002,13.0,101.30623432472284
realistic_static_train22_live1002,realistic,static,1002,13.5,106.86811274932504
realistic_static_train22_live1002,realistic,static,1002,14.0,112.35132517087678
realistic_static_train22_live1002,realistic,static,1002,14.5,117.27966658199657
realistic_static_train22_live1002,realistic,static,1002,15.0,122.93616834287016
realistic_static_train22_live1002,realistic,static,1002,15.5,128.54359502705393
realistic_static_train22_live1002,realistic,static,1002,16.0,134.10349229947292
realistic_static_train22_live1002,realistic,static,1002,16.5,139.66307584640182
realistic_static_train22_live1002,realistic,static,1002,17.0,145.375354106867
realistic_static_train22_live1002,realistic,static,1002,17.5,150.9162317714429
realistic_static_train22_live1002,realistic,static,1002,18.0,156.3650175594757
realistic_static_train22_live1002,realistic,static,1002,18.5,161.85269785988328
realistic_static_train22_live1002,realistic,static,1002,19.0,167.58200224626205
realistic_static_train22_live1002,realistic,static,1002,19.5,173.2454080454168
realistic_static_train22_live1002,realistic,static,1002,20.0,179.09766259857952
realistic_static_train22_live1002,realistic,static,1002,20.5,184.87719468038907
realistic_static_train22_live1002,realistic,static,1002,21.0,190.6910369326215
realistic_static_train22_live1002,realistic,static,1002,21.5,196.93983733961943
realistic_static_train22_live1002,realistic,static,1002,22.0,203.6379421528932
realistic_static_train22_live1002,realistic,static,1002,22.5,209.1727384860936
realistic_static_train22_live1002,realistic,static,1002,23.0,214.57875199845938
realistic_static_train22_live1002,realistic,static,1002,23.5,219.98197001855402
realistic_static_train22_live1002,realistic,static,1002,24.0,225.34424861437287
realistic_static_train22_live1002,realistic,static,1002,24.5,230.52709869633128
realistic_static_train22_live1002,realistic,static,1002,25.0,235.28938436642173
realistic_static_train22_live1002,realistic,static,1002,25.5,241.1602558746023
realistic_static_train22_live1002,realistic,static,1002,26.0,245.58836141377964
realistic_static_train22_live1002,realistic,static,1002,26.5,249.79582167069103
realistic_static_train22_live1002,realistic,static,1002,27.0,254.06790310986065
realistic_static_train22_live1002,realistic,static,1002,27.5,258.29699005899107
realistic_static_train22_live1002,realistic,static,1002,28.0,263.1071193715623
realistic_static_train22_live1002,realistic,static,1002,28.5,268.597942510223
realistic_static_train22_live1002,realistic,static,1002,29.0,273.94578204213025
realistic_static_train22_live1002,realistic,static,1002,29.5,279.3956361679331
realistic_static_train22_live1002,realistic,static,1002,30.0,284.7139855037619
realistic_static_train33_live1003,realistic,static,1003,0.0,0.24458498379626023
realistic_static_train33_live1003,realistic,static,1003,0.5,1.6345750371626027
realistic_static_train33_live1003,realistic,static,1003,1.0,3.2828283364348336
realistic_static_train33_live1003,realistic,static,1003,1.5,4.930531413812313
realistic_static_train33_live1003,realistic,static,1003,2.0,6.57882553376091
realistic_static_train33_live1003,realistic,static,1003,2.5,8.22762946564829
realistic_static_train33_live1003,realistic,static,1003,3.0,10.127162846332691
realistic_static_train33_live1003,realistic,static,1003,3.5,13.040100980795986
realistic_static_train33_live1003,realistic,static,1003,4.0,16.020544005693253
realistic_static_train33_live1003,realistic,static,1003,4.5,18.902550172225673
realistic_static_train33_live1003,realistic,static,1003,5.0,21.883964908609276
realistic_static_train33_live1003,realistic,static,1003,5.5,24.761500486906403
realistic_static_train33_live1003,realistic,static,1003,6.0,27.858112045595682
realistic_static_train33_live1003,realistic,static,1003,6.5,31.972681937618297
realistic_static_train33_live1003,realistic,static,1003,7.0,36.154941993933214
realistic_static_train33_live1003,realistic,static,1003,7.5,40.27998247419111
realistic_static_train33_live1003,realistic,static,1003,8.0,44.42481217013528
realistic_static_train33_live1003,realistic,static,1003,8.5,50.00098935988122
realistic_static_train33_live1003,realistic,static,1003,9.0,55.71614767078451
realistic_static_train33_live1003,realistic,static,1003,9.5,61.43797264835444
realistic_static_train33_live1003,realistic,static,1003,10.0,67.11775841023812
realistic_static_train33_live1003,realistic,static,1003,10.5,72.81840691721983
realistic_static_train33_live1003,realistic,static,1003,11.0,78.54352601243686
realistic_static_train33_live1003,realistic,static,1003,11.5,85.25821000799418
realistic_static_train33_live1003,realistic,static,1003,12.0,92.15255208165874
realistic_static_train33_live1003,realistic,static,1003,12.5,99.16433356374658
realistic_static_train33_live1003,realistic,static,1003,13.0,105.11374097021294
realistic_static_train33_live1003,realistic,static,1003,13.5,110.77090749388907
realistic_static_train33_live1003,realistic,static,1003,14.0,117.7787730051518
realistic_static_train33_live1003,realistic,static,1003,14.5,124.85284275609777
realistic_static_train33_live1003,realistic,static,1003,15.0,131.7968318885859
realistic_static_train33_live1003,realistic,static,1003,15.5,138.892823547412
realistic_static_train33_live1003,realistic,static,1003,16.0,145.9394353078415
realistic_static_train33_live1003,realistic,static,1003,16.5,153.44883311546215
realistic_static_train33_live1003,realistic,static,1003,17.0,160.76538801352777
realistic_static_train33_live1003,realistic,static,1003,17.5,167.6403575381728
realistic_static_train33_live1003,realistic,static,1003,18.0,174.88650240470062
realistic_static_train33_live1003,realistic,static,1003,18.5,181.26847604308483
realistic_static_train33_live1003,realistic,static,1003,19.0,186.96973478341607
realistic_static_train33_live1003,realistic,static,1003,19.5,192.66722881786504
realistic_static_train33_live1003,realistic,static,1003,20.0,198.1596075644423
realistic_static_train33_live1003,realistic,static,1003,20.5,203.57506894872338
realistic_static_train33_live1003,realistic,static,1003,21.0,208.94492064272302
realistic_static_train33_live1003,realistic,static,1003,21.5,214.25163508182064
realistic_static_train33_live1003,realistic,static,1003,22.0,220.0352454085919
realistic_static_train33_live1003,realistic,static,1003,22.5,227.1140710816499
realistic_static_train33_live1003,realistic,static,1003,23.0,234.16047025017974
realistic_static_train33_live1003,realistic,static,1003,23.5,240.92089185506973
realistic_static_train33_live1003,realistic,static,1003,24.0,246.66709120835725
realistic_static_train33_live1003,realistic,static,1003,24.5,252.35849461729978
realistic_static_train33_live1003,realistic,static,1003,25.0,257.84496846072017
realistic_static_train33_live1003,realistic,static,1003,25.5,263.12103802878465
realistic_static_train33_live1003,realistic,static,1003,26.0,268.540637602013
realistic_static_train33_live1003,realistic,static,1003,26.5,274.0337519530966
realistic_static_train33_live1003,realistic,static,1003,27.0,279.34645423010176
realistic_static_train33_live1003,realistic,static,1003,27.5,284.6302937620088
realistic_static_train33_live1003,realistic,static,1003,28.0,291.36999116317645
realistic_static_train33_live1003,realistic,static,1003,28.5,298.2704508838999
realistic_static_train33_live1003,realistic,static,1003,29.0,305.1925576634468
realistic_static_train33_live1003,realistic,static,1003,29.5,312.28888774882375
realistic_static_train33_live1003,realistic,static,1003,30.0,320.2685274240638
realistic_static_train44_live1004,realistic,static,1004,0.0,0.2565517472679817
realistic_static_train44_live1004,realistic,static,1004,0.5,1.6599078275960717
realistic_static_train44_live1004,realistic,static,1004,1.0,3.30773128583807
realistic_static_train44_live1004,realistic,static,1004,1.5,4.956418167661661
realistic_static_train44_live1004,realistic,static,1004,2.0,6.606634084190763
realistic_static_train44_live1004,realistic,static,1004,2.5,8.276169112437938
realistic_static_train44_live1004,realistic,static,1004,3.0,9.923869333096624
realistic_static_train44_live1004,realistic,static,1004,3.5,11.574557690537155
realistic_static_train44_live1004,realistic,static,1004,4.0,13.223688101595707
realistic_static_train44_live1004,realistic,static,1004,4.5,15.94207528061219
realistic_static_train44_live1004,realistic,static,1004,5.0,18.836875564791672
realistic_static_train44_live1004,realistic,static,1004,5.5,21.71096996661821
realistic_static_train44_live1004,realistic,static,1004,6.0,24.586946721385925
realistic_static_train44_live1004,realistic,static,1004,6.5,27.511816231236406
realistic_static_train44_live1004,realistic,static,1004,7.0,30.475382411834094
realistic_static_train44_live1004,realistic,static,1004,7.5,33.356770931307686
realistic_static_train44_live1004,realistic,static,1004,8.0,37.25242170568325
realistic_static_train44_live1004,realistic,static,1004,8.5,41.38759944084312
realistic_static_train44_live1004,realistic,static,1004,9.0,45.68244398271784
realistic_static_train44_live1004,realistic,static,1004,9.5,49.868294709189136
realistic_static_train44_live1004,realistic,static,1004,10.0,54.00770773846665
realistic_static_train44_live1004,realistic,static,1004,10.5,59.425692816157806
realistic_static_train44_live1004,realistic,static,1004,11.0,65.16006681333562
realistic_static_train44_live1004,realistic,static,1004,11.5,70.9369770035764
realistic_static_train44_live1004,realistic,static,1004,12.0,76.82230205650201
realistic_static_train44_live1004,realistic,static,1004,12.5,81.7337090965266
realistic_static_train44_live1004,realistic,static,1004,13.0,85.94123650989516
realistic_static_train44_live1004,realistic,static,1004,13.5,90.12865754505833
realistic_static_train44_live1004,realistic,static,1004,14.0,94.51886913984613
realistic_static_train44_live1004,realistic,static,1004,14.5,99.81627729920426
realistic_static_train44_live1004,realistic,static,1004,15.0,105.18082271346432
realistic_static_train44_live1004,realistic,static,1004,15.5,110.59522744987126
realistic_static_train44_live1004,realistic,static,1004,16.0,116.00646865319608
realistic_static_train44_live1004,realistic,static,1004,16.5,121.32858269490718
realistic_static_train44_live1004,realistic,static,1004,17.0,126.89729522704997
realistic_static_train44_live1004,realistic,static,1004,17.5,132.518019061562
realistic_static_train44_live1004,realistic,static,1004,18.0,138.08938692221636
realistic_static_train44_live1004,realistic,static,1004,18.5,143.7060096848315
realistic_static_train44_live1004,realistic,static,1004,19.0,149.26412264352507
realistic_static_train44_live1004,realistic,static,1004,19.5,154.94990760987127
realistic_static_train44_live1004,realistic,static,1004,20.0,160.50425586268244
realistic_static_train44_live1004,realistic,static,1004,20.5,165.6369587820692
realistic_static_train44_live1004,realistic,static,1004,21.0,170.70843742712964
realistic_static_train44_live1004,realistic,static,1004,21.5,176.40753059969734
realistic_static_train44_live1004,realistic,static,1004,22.0,182.0497305164992
realistic_static_train44_live1004,realistic,static,1004,22.5,187.83897370727107
realistic_static_train44_live1004,realistic,static,1004,23.0,193.52002656524937
realistic_static_train44_live1004,realistic,static,1004,23.5,199.2167558938159
realistic_static_train44_live1004,realistic,static,1004,24.0,204.99775429931304
realistic_static_train44_live1004,realistic,static,1004,24.5,209.88868451647846
realistic_static_train44_live1004,realistic,static,1004,25.0,215.04163316607486
realistic_static_train44_live1004,realistic,static,1004,25.5,219.34060133228317
realistic_static_train44_live1004,realistic,static,1004,26.0,223.39697514587448
realistic_static_train44_live1004,realistic,static,1004,26.5,227.44938327319122
realistic_static_train44_live1004,realistic,static,1004,27.0,231.54667375344914
realistic_static_train44_live1004,realistic,static,1004,27.5,235.60807697880512
realistic_static_train44_live1004,realistic,static,1004,28.0,240.43271559007204
realistic_static_train44_live1004,realistic,static,1004,28.5,246.0966680186224
realistic_static_train44_live1004,realistic,static,1004,29.0,251.85969882631258
realistic_static_train44_live1004,realistic,static,1004,29.5,257.5766208254755
realistic_static_train44_live1004,realistic,static,1004,30.0,263.18245560696704
realistic_static_train55_live1005,realistic,static,1005,0.0,0.25242035826676357
realistic_static_train55_live1005,realistic,static,1005,0.5,1.6910473678941904
realistic_static_train55_live1005,realistic,static,1005,1.0,3.5293636484615662
realistic_static_train55_live1005,realistic,static,1005,1.5,5.38121653670754
realistic_static_train55_live1005,realistic,static,1005,2.0,7.232994566232855
realistic_static_train55_live1005,realistic,static,1005,2.5,9.09443615107769
realistic_static_train55_live1005,realistic,static,1005,3.0,10.946383334824159
realistic_static_train55_live1005,realistic,static,1005,3.5,12.788360448366346
realistic_static_train55_live1005,realistic,static,1005,4.0,14.899401745828975
realistic_static_train55_live1005,realistic,static,1005,4.5,17.98202555942021
realistic_static_train55_live1005,realistic,static,1005,5.0,21.08229643183498
realistic_static_train55_live1005,realistic,static,1005,5.5,24.233832099509545
realistic_static_train55_live1005,realistic,static,1005,6.0,27.349632383689023
realistic_static_train55_live1005,realistic,static,1005,6.5,30.508824996274623
realistic_static_train55_live1005,realistic,static,1005,7.0,33.64450763339528
realistic_static_train55_live1005,realistic,static,1005,7.5,36.851225278447906
realistic_static_train55_live1005,realistic,static,1005,8.0,40.72887748014703
realistic_static_train55_live1005,realistic,static,1005,8.5,45.16850619569906
realistic_static_train55_live1005,realistic,static,1005,9.0,49.6997204823728
realistic_static_train55_live1005,realistic,static,1005,9.5,54.13440802145425
realistic_static_train55_live1005,realistic,static,1005,10.0,58.575213207594516
realistic_static_train55_live1005,realistic,static,1005,10.5,63.00699878589165
realistic_static_train55_live1005,realistic,static,1005,11.0,67.4666275014437
realistic_static_train55_live1005,realistic,static,1005,11.5,71.90209935425061
realistic_static_train55_live1005,realistic,static,1005,12.0,77.24490756710506
realistic_static_train55_live1005,realistic,static,1005,12.5,83.50540223897698
realistic_static_train55_live1005,realistic,static,1005,13.0,88.11428228795826
realistic_static_train55_live1005,realistic,static,1005,13.5,92.53292631873246
realistic_static_train55_live1005,realistic,static,1005,14.0,96.84340561729006
realistic_static_train55_live1005,realistic,static,1005,14.5,101.12894373937709
realistic_static_train55_live1005,realistic,static,1005,15.0,105.41259950852293
realistic_static_train55_live1005,realistic,static,1005,15.5,110.89340537470044
realistic_static_train55_live1005,realistic,static,1005,16.0,116.54430373013699
realistic_static_train55_live1005,realistic,static,1005,16.5,121.91410956065855
realistic_static_train55_live1005,realistic,static,1005,17.0,126.23781808389978
realistic_static_train55_live1005,realistic,static,1005,17.5,130.25665617151827
realistic_static_train55_live1005,realistic,static,1005,18.0,134.3123156080622
realistic_static_train55_live1005,realistic,static,1005,18.5,139.27450714097282
realistic_static_train55_live1005,realistic,static,1005,19.0,144.96099593449446
realistic_static_train55_live1005,realistic,static,1005,19.5,150.64600761072822
realistic_static_train55_live1005,realistic,static,1005,20.0,156.16863037334335
realistic_static_train55_live1005,realistic,static,1005,20.5,161.78891980262512
realistic_static_train55_live1005,realistic,static,1005,21.0,166.34037834955393
realistic_static_train55_live1005,realistic,static,1005,21.5,170.81474816509106
realistic_static_train55_live1005,realistic,static,1005,22.0,175.40166728346932
realistic_static_train55_live1005,realistic,static,1005,22.5,181.12024687209814
realistic_static_train55_live1005,realistic,static,1005,23.0,186.70243208301764
realistic_static_train55_live1005,realistic,static,1005,23.5,192.57792379718984
realistic_static_train55_live1005,realistic,static,1005,24.0,196.95151092930575
realistic_static_train55_live1005,realistic,static,1005,24.5,201.03896556448186
realistic_static_train55_live1005,realistic,static,1005,25.0,205.1998139013563
realistic_static_train55_live1005,realistic,static,1005,25.5,209.95708973969082
realistic_static_train55_live1005,realistic,static,1005,26.0,215.50391714840742
realistic_static_train55_live1005,realistic,static,1005,26.5,220.845268842407
realistic_static_train55_live1005,realistic,static,1005,27.0,226.15418916385752
realistic_static_train55_live1005,realistic,static,1005,27.5,231.68374350283398
realistic_static_train55_live1005,realistic,static,1005,28.0,237.5038638134132
realistic_static_train55_live1005,realistic,static,1005,28.5,243.2020515360812
realistic_static_train55_live1005,realistic,static,1005,29.0,248.86180788620013
realistic_static_train55_live1005,realistic,static,1005,29.5,254.60474690912648
realistic_static_train55_live1005,realistic,static,1005,30.0,260.219873419904
